/*
 Navicat Premium Data Transfer

 Source Server         : lss
 Source Server Type    : MySQL
 Source Server Version : 50621
 Source Host           : localhost
 Source Database       : onemile

 Target Server Type    : MySQL
 Target Server Version : 50621
 File Encoding         : utf-8

 Date: 04/03/2019 13:23:50 PM
*/

SET NAMES utf8;
SET FOREIGN_KEY_CHECKS = 0;

-- ----------------------------
--  Table structure for `admin_city`
-- ----------------------------
DROP TABLE IF EXISTS `admin_city`;
CREATE TABLE `admin_city` (
  `id` bigint(20) NOT NULL AUTO_INCREMENT COMMENT 'ID',
  `userid` bigint(20) DEFAULT NULL COMMENT '用户ID',
  `usercity` varchar(2000) DEFAULT NULL COMMENT '用户管理城市',
  `gmt_create` datetime DEFAULT NULL COMMENT '创建时间',
  `gmt_modified` datetime DEFAULT NULL COMMENT '修改时间',
  `update_oper_id` bigint(20) DEFAULT NULL COMMENT '修改人',
  PRIMARY KEY (`id`)
) ENGINE=InnoDB AUTO_INCREMENT=12 DEFAULT CHARSET=utf8 ROW_FORMAT=COMPACT;

-- ----------------------------
--  Records of `admin_city`
-- ----------------------------
BEGIN;
INSERT INTO `admin_city` VALUES ('6', '27', '1301', '2019-01-17 17:56:21', '2019-01-17 17:56:22', null), ('8', '28', '1302', '2019-01-17 23:57:42', '2019-01-17 23:57:42', null), ('9', '28', '3101', '2019-01-18 00:34:11', '2019-01-18 00:34:11', null), ('11', '13', '1301', '2019-01-18 11:59:05', '2019-01-18 11:59:05', null);
COMMIT;

-- ----------------------------
--  Table structure for `admin_dept`
-- ----------------------------
DROP TABLE IF EXISTS `admin_dept`;
CREATE TABLE `admin_dept` (
  `id` int(10) NOT NULL AUTO_INCREMENT COMMENT '自增主键',
  `mch_id` bigint(20) NOT NULL COMMENT '商户id',
  `name` varchar(100) NOT NULL COMMENT '名称',
  `parent_id` int(11) DEFAULT NULL COMMENT '父id',
  `layer` tinyint(4) DEFAULT NULL COMMENT '当前所在层级',
  `order_no` int(11) DEFAULT '10' COMMENT '在同一级下的显示顺序',
  `leaf` tinyint(4) NOT NULL COMMENT '是否是叶子节点（最后一个节点） 1-是 0-否',
  `gmt_create` datetime NOT NULL COMMENT '创建时间',
  `gmt_modified` datetime NOT NULL COMMENT '修改时间',
  PRIMARY KEY (`id`),
  KEY `idx_parentid` (`parent_id`)
) ENGINE=InnoDB AUTO_INCREMENT=26 DEFAULT CHARSET=utf8mb4 ROW_FORMAT=COMPACT COMMENT='组织架构公司部门表';

-- ----------------------------
--  Records of `admin_dept`
-- ----------------------------
BEGIN;
INSERT INTO `admin_dept` VALUES ('2', '100000', '上海枝星科技', '0', '0', '1', '0', '2018-07-02 13:54:17', '2018-09-06 09:56:44'), ('4', '100000', '技术研发部', '2', '1', '1', '0', '2018-07-02 13:55:00', '2018-08-28 11:16:01'), ('5', '100000', '财务部', '2', '1', '2', '1', '2018-07-02 13:55:31', '2018-07-12 15:51:43'), ('6', '100000', '人事行政', '2', '1', '3', '1', '2018-07-02 13:55:58', '2018-07-12 15:51:38'), ('19', '100000', 'UI', '4', '2', '4', '1', '2018-07-12 15:58:34', '2018-08-24 10:40:28'), ('21', '100000', '服务端', '4', '2', '3', '1', '2018-07-12 15:59:30', '2018-07-12 15:59:30'), ('22', '200', '上海大飞科技', '0', '0', '1', '0', '2018-09-04 14:27:11', '2018-09-04 14:50:48'), ('23', '200', '技术部', '22', '1', '1', '0', '2018-09-04 14:50:48', '2018-09-04 14:51:04'), ('24', '200', '财务部', '23', '2', '2', '1', '2018-09-04 14:51:04', '2018-09-04 14:51:04'), ('25', '100000', '总经理', '2', '1', '1', '1', '2018-09-06 09:56:44', '2018-12-13 00:30:37');
COMMIT;

-- ----------------------------
--  Table structure for `admin_resource`
-- ----------------------------
DROP TABLE IF EXISTS `admin_resource`;
CREATE TABLE `admin_resource` (
  `id` bigint(20) NOT NULL COMMENT 'ID（手动维护）',
  `code` varchar(50) NOT NULL COMMENT '代码字段（大写字母，下划线，数字组成，不能以数字打头），且只能初始化不能修改；',
  `app_id` bigint(20) NOT NULL COMMENT '系统标识',
  `type` tinyint(4) NOT NULL COMMENT '类型（1:菜单；2：操作或按钮 3: 虚拟菜单） ',
  `is_super` tinyint(4) DEFAULT '0' COMMENT '是否是超级菜单(超级管理员可见） 1-是 0-否',
  `name` varchar(100) NOT NULL COMMENT '资源名称',
  `menu_leaf_flag` tinyint(4) DEFAULT '0' COMMENT '是否叶子菜单',
  `menu_leaf_url` varchar(100) DEFAULT NULL COMMENT '叶子菜单url',
  `menu_leaf_mode` tinyint(4) DEFAULT NULL COMMENT '叶子菜单打开方式（1：tab；2：dialogue）',
  `pid` bigint(20) NOT NULL DEFAULT '0' COMMENT '上级ID',
  `layer` tinyint(4) DEFAULT '1' COMMENT '所在层级',
  `order_no` int(10) NOT NULL COMMENT '在同一级下的显示顺序',
  `icon` varchar(50) DEFAULT NULL COMMENT '菜单图标样式',
  `remark` varchar(200) DEFAULT NULL COMMENT '说明',
  `gmt_create` datetime NOT NULL COMMENT '创建时间',
  `gmt_modified` datetime DEFAULT NULL COMMENT '修改时间',
  PRIMARY KEY (`id`),
  UNIQUE KEY `uk_appid_code` (`app_id`,`code`),
  KEY `idx_pid_type_orderno` (`pid`,`type`,`order_no`),
  KEY `idx_pid` (`pid`)
) ENGINE=InnoDB DEFAULT CHARSET=utf8mb4 CHECKSUM=1 DELAY_KEY_WRITE=1 ROW_FORMAT=COMPACT COMMENT='资源信息表（菜单、操作等)';

-- ----------------------------
--  Records of `admin_resource`
-- ----------------------------
BEGIN;
INSERT INTO `admin_resource` VALUES ('1', 'ROOT', '1', '1', '0', '菜单列表', '0', null, null, '0', '0', '1', null, null, '2018-07-18 14:52:41', '2018-07-18 14:52:43'), ('101', 'SYSTEM_MGR', '1', '1', '0', '系统设置', '0', '', '1', '1', '1', '3', 'menu-icon fa fa-gear', null, '2018-07-18 14:49:45', '2019-01-20 23:44:35'), ('102', 'PERMISSION_MGR', '1', '1', '0', '权限管理', '0', '', '1', '1', '1', '2', 'menu-icon fa fa-group', null, '2018-07-18 14:49:45', '2018-07-25 11:41:08'), ('104', 'ZXSHARE_MGR', '1', '1', '0', '系统管理', '0', '', '1', '1', '1', '1', 'menu-icon fa fa-calendar-o', null, '2018-09-07 11:41:28', '2019-04-03 10:30:34'), ('10103', 'MONITOR_MGR', '1', '1', '1', '监控管理', '1', '/druid', '1', '101', '2', '3', null, null, '2018-07-23 19:47:46', '2018-07-23 19:47:46'), ('10201', 'PERM_ROLE_MGR', '1', '1', '0', '角色管理', '1', '/admin/role', '1', '102', '2', '2', null, null, '2018-07-19 13:30:19', '2018-07-19 13:43:26'), ('10202', 'PERM_USER_MGR', '1', '1', '0', '用户管理', '1', '/admin/user', '1', '102', '2', '1', null, null, '2018-06-11 13:39:06', '2018-06-11 13:39:09'), ('10203', 'PERM_RESC_MGR', '1', '1', '1', '菜单资源管理', '1', '/admin/resource', '1', '102', '2', '3', '', null, '2018-07-19 13:50:38', '2018-07-24 16:05:56'), ('10204', 'PERM_ORG_MGR', '1', '1', '0', '组织机构管理', '1', '/admin/dept', '1', '102', '2', '4', null, null, '2018-07-19 13:53:44', '2018-07-20 14:20:20'), ('10402', 'ISSUE_MANAGEMENT', '1', '1', '0', '版本管理', '1', '/base/appVersion', '1', '104', '2', '1', '', null, '2018-09-11 14:58:45', '2019-04-03 11:34:22'), ('10403', 'DEVICE_LOCMGR', '1', '1', '0', '位置管理', '1', '/device/locmgr', '1', '104', '2', '2', '', null, '2018-09-11 15:04:27', '2018-12-21 01:12:08'), ('10404', 'DEVICE_MANAGEMENT', '1', '1', '0', '设备管理', '1', '/device/deviceinfo', '1', '104', '2', '1', '', null, '2018-12-17 10:15:17', '2018-12-17 10:16:44'), ('10405', 'DEVICE_EVENTMGR', '1', '1', '0', '事件管理', '1', '/device/eventmgr', '1', '104', '2', '2', '', null, '2018-12-17 10:30:51', '2018-12-17 11:53:18'), ('10406', 'DEVICE_INANDOUT', '1', '1', '0', '出入库管理', '0', '/device/deviceinandout', '1', '104', '2', '4', '', null, '2019-01-20 14:04:23', '2019-01-20 14:04:23'), ('1020101', 'PERM_ROLE_ADD', '1', '2', '0', '新增', '0', '', '1', '10201', '3', '1', null, null, '2018-07-23 19:56:43', '2018-07-23 19:56:43'), ('1020102', 'PERM_ROLE_UPDATE', '1', '2', '0', '修改', '0', '', '1', '10201', '3', '1', null, null, '2018-07-23 19:56:59', '2018-07-23 19:56:59'), ('1020103', 'PERM_ROLE_DEL', '1', '2', '0', '删除', '0', '', '1', '10201', '3', '3', null, null, '2018-07-23 19:57:18', '2018-07-23 19:57:18'), ('1020104', 'PERM_ROLE_RESC', '1', '2', '0', '分配资源权限', '0', '', '1', '10201', '3', '4', null, null, '2018-07-23 19:57:42', '2018-07-23 19:58:04'), ('1020201', 'PERM_USER_ADD', '1', '2', '0', '新增', '0', '', '1', '10202', '3', '1', null, null, '2018-07-18 16:56:15', '2018-07-19 13:57:39'), ('1020202', 'PERM_USER_UPDATE', '1', '2', '0', '修改', '0', '', '1', '10202', '3', '2', null, null, '2018-07-19 14:01:35', '2018-07-19 14:15:27'), ('1020203', 'PERM_USER_DEL', '1', '2', '0', '删除', '0', '', '1', '10202', '3', '3', null, null, '2018-07-19 14:16:19', '2018-07-19 14:16:19'), ('1020204', 'PERM_USER_LOCK', '1', '2', '0', '锁定', '0', '', '1', '10202', '3', '4', null, null, '2018-07-19 14:23:35', '2018-07-19 14:23:35'), ('1020205', 'PERM_USER_UNLOCK', '1', '2', '0', '解锁', '0', '', '1', '10202', '3', '5', null, null, '2018-07-19 14:23:58', '2018-07-19 14:23:58'), ('1020206', 'PERM_USER_ROLE', '1', '2', '0', '分配角色', '0', '', '1', '10202', '3', '6', null, null, '2018-07-20 16:58:22', '2018-07-20 16:58:22'), ('1020301', 'PERM_RESC_ADD', '1', '2', '0', '新增', '0', '', '1', '10203', '3', '1', null, null, '2018-07-23 20:00:23', '2018-07-23 20:00:23'), ('1020302', 'PERM_RESC_UPDATE', '1', '2', '0', '修改', '0', '', '1', '10203', '3', '2', null, null, '2018-07-23 20:00:36', '2018-07-23 20:00:36'), ('1020303', 'PERM_RESC_DEL', '1', '2', '0', '删除', '0', '', '1', '10203', '3', '3', null, null, '2018-07-23 20:00:50', '2018-07-23 20:00:50'), ('1020401', 'PERM_ORG_ADD', '1', '2', '0', '新增', '0', '', '1', '10204', '3', '1', null, null, '2018-07-23 20:01:18', '2018-07-23 20:01:18'), ('1020402', 'PERM_ORG_UPDATE', '1', '2', '0', '修改', '0', '', '1', '10204', '3', '2', null, null, '2018-07-23 20:01:30', '2018-07-23 20:01:30'), ('1020403', 'PERM_ORG_DEL', '1', '2', '0', '删除', '0', '', '1', '10204', '3', '3', null, null, '2018-07-23 20:01:47', '2018-07-23 20:01:47'), ('1040401', 'DEVICE_MGR_ADD', '1', '2', '0', '增加', '0', '', '1', '10404', '3', '1', '', null, '2018-12-21 15:26:44', '2018-12-21 15:26:44'), ('1040402', 'DEVICE_MGR_CMD', '1', '2', '0', '下发命令', '0', '', '1', '10404', '3', '2', '', null, '2018-12-21 15:32:14', '2018-12-21 15:32:14'), ('1040601', 'DEVICE_INANDOUT_UPDATE', '1', '2', '0', '出入库', '0', '', '1', '10406', '3', '1', '', null, '2019-01-20 14:06:01', '2019-01-20 14:06:01');
COMMIT;

-- ----------------------------
--  Table structure for `admin_role`
-- ----------------------------
DROP TABLE IF EXISTS `admin_role`;
CREATE TABLE `admin_role` (
  `id` bigint(20) NOT NULL AUTO_INCREMENT COMMENT '角色ID（手动维护）',
  `mch_id` bigint(20) NOT NULL COMMENT '商户id',
  `code` varchar(50) DEFAULT NULL COMMENT '角色编号（大写字母，下划线，数字组成，不能以数字打头），不能修改',
  `name` varchar(30) NOT NULL COMMENT '角色名称',
  `user_cnt` int(10) NOT NULL DEFAULT '0' COMMENT '关联用户数',
  `remark` varchar(200) DEFAULT NULL COMMENT '备注',
  `gmt_create` datetime NOT NULL COMMENT '创建时间',
  `gmt_modified` datetime NOT NULL COMMENT '修改时间',
  PRIMARY KEY (`id`)
) ENGINE=InnoDB AUTO_INCREMENT=1020 DEFAULT CHARSET=utf8mb4 CHECKSUM=1 DELAY_KEY_WRITE=1 ROW_FORMAT=COMPACT COMMENT='角色表';

-- ----------------------------
--  Records of `admin_role`
-- ----------------------------
BEGIN;
INSERT INTO `admin_role` VALUES ('1', '1', 'SUPERADMIN', '超级管理员', '1', '系统超级管理员', '2018-04-18 20:02:00', '2018-07-24 11:46:38'), ('2', '1', 'ADMIN', '管理员', '0', null, '2018-07-24 14:37:42', '2018-07-24 14:37:46'), ('1006', '100000', 'TEST', '测试角色', '12', null, '2018-07-23 15:07:58', '2018-07-23 15:07:58'), ('1008', '100000', '总经理', '总经理', '0', null, '2018-08-16 15:02:10', '2018-08-16 15:02:10'), ('1015', '200', '技术部', '技术部', '0', null, '2018-09-04 14:47:27', '2018-09-04 14:47:27'), ('1017', '100000', 'XXZKF', '星享租客服', '1', null, '2018-11-19 16:51:30', '2018-11-19 16:51:30'), ('1019', '100000', 'SJFXS', '数据分析师', '2', null, '2018-11-20 11:59:48', '2018-11-20 11:59:48');
COMMIT;

-- ----------------------------
--  Table structure for `admin_role_resource`
-- ----------------------------
DROP TABLE IF EXISTS `admin_role_resource`;
CREATE TABLE `admin_role_resource` (
  `id` bigint(20) NOT NULL AUTO_INCREMENT COMMENT '角色与资源关联id（自增）',
  `role_id` bigint(20) NOT NULL COMMENT '角色ID',
  `type` tinyint(4) DEFAULT '2' COMMENT '2：资源；3：系统',
  `resource_id` bigint(20) NOT NULL COMMENT '资源id',
  `gmt_create` datetime NOT NULL COMMENT '创建时间',
  `gmt_modified` datetime DEFAULT NULL COMMENT '修改时间',
  PRIMARY KEY (`id`),
  UNIQUE KEY `uk_roleid_rescourceid` (`role_id`,`resource_id`)
) ENGINE=InnoDB AUTO_INCREMENT=4415 DEFAULT CHARSET=utf8mb4 CHECKSUM=1 DELAY_KEY_WRITE=1 ROW_FORMAT=COMPACT COMMENT='角色与资源绑定表';

-- ----------------------------
--  Records of `admin_role_resource`
-- ----------------------------
BEGIN;
INSERT INTO `admin_role_resource` VALUES ('125', '1005', '2', '102', '2018-07-23 19:21:38', '2018-07-23 19:21:38'), ('126', '1005', '2', '10202', '2018-07-23 19:21:38', '2018-07-23 19:21:38'), ('127', '1005', '2', '10203', '2018-07-23 19:21:38', '2018-07-23 19:21:38'), ('128', '1005', '2', '1020201', '2018-07-23 19:21:38', '2018-07-23 19:21:38'), ('129', '1005', '2', '1020202', '2018-07-23 19:21:38', '2018-07-23 19:21:38'), ('130', '1005', '2', '1020203', '2018-07-23 19:21:38', '2018-07-23 19:21:38'), ('131', '1005', '2', '1020204', '2018-07-23 19:21:38', '2018-07-23 19:21:38'), ('132', '1005', '2', '1020205', '2018-07-23 19:21:38', '2018-07-23 19:21:38'), ('133', '1005', '2', '1020206', '2018-07-23 19:21:38', '2018-07-23 19:21:38'), ('2044', '1008', '2', '102', '2018-08-16 15:02:56', '2018-08-16 15:02:56'), ('2045', '1008', '2', '10201', '2018-08-16 15:02:56', '2018-08-16 15:02:56'), ('2046', '1008', '2', '10202', '2018-08-16 15:02:56', '2018-08-16 15:02:56'), ('2047', '1008', '2', '10203', '2018-08-16 15:02:56', '2018-08-16 15:02:56'), ('2048', '1008', '2', '10204', '2018-08-16 15:02:56', '2018-08-16 15:02:56'), ('2049', '1008', '2', '1020101', '2018-08-16 15:02:56', '2018-08-16 15:02:56'), ('2050', '1008', '2', '1020102', '2018-08-16 15:02:56', '2018-08-16 15:02:56'), ('2051', '1008', '2', '1020103', '2018-08-16 15:02:56', '2018-08-16 15:02:56'), ('2052', '1008', '2', '1020104', '2018-08-16 15:02:56', '2018-08-16 15:02:56'), ('2053', '1008', '2', '1020201', '2018-08-16 15:02:56', '2018-08-16 15:02:56'), ('2054', '1008', '2', '1020202', '2018-08-16 15:02:56', '2018-08-16 15:02:56'), ('2055', '1008', '2', '1020203', '2018-08-16 15:02:56', '2018-08-16 15:02:56'), ('2056', '1008', '2', '1020204', '2018-08-16 15:02:56', '2018-08-16 15:02:56'), ('2057', '1008', '2', '1020205', '2018-08-16 15:02:56', '2018-08-16 15:02:56'), ('2058', '1008', '2', '1020206', '2018-08-16 15:02:56', '2018-08-16 15:02:56'), ('2059', '1008', '2', '1020301', '2018-08-16 15:02:56', '2018-08-16 15:02:56'), ('2060', '1008', '2', '1020302', '2018-08-16 15:02:56', '2018-08-16 15:02:56'), ('2061', '1008', '2', '1020303', '2018-08-16 15:02:56', '2018-08-16 15:02:56'), ('2062', '1008', '2', '1020401', '2018-08-16 15:02:56', '2018-08-16 15:02:56'), ('2063', '1008', '2', '1020402', '2018-08-16 15:02:56', '2018-08-16 15:02:56'), ('2064', '1008', '2', '1020403', '2018-08-16 15:02:56', '2018-08-16 15:02:56'), ('2193', '1009', '2', '103', '2018-08-16 17:23:50', '2018-08-16 17:23:50'), ('2194', '1009', '2', '10301', '2018-08-16 17:23:50', '2018-08-16 17:23:50'), ('2195', '1009', '2', '10302', '2018-08-16 17:23:50', '2018-08-16 17:23:50'), ('2196', '1009', '2', '10303', '2018-08-16 17:23:50', '2018-08-16 17:23:50'), ('2197', '1009', '2', '10304', '2018-08-16 17:23:50', '2018-08-16 17:23:50'), ('2198', '1009', '2', '10305', '2018-08-16 17:23:50', '2018-08-16 17:23:50'), ('2199', '1009', '2', '10306', '2018-08-16 17:23:50', '2018-08-16 17:23:50'), ('2200', '1009', '2', '10307', '2018-08-16 17:23:50', '2018-08-16 17:23:50'), ('2201', '1009', '2', '10308', '2018-08-16 17:23:50', '2018-08-16 17:23:50'), ('2202', '1009', '2', '10309', '2018-08-16 17:23:50', '2018-08-16 17:23:50'), ('2203', '1009', '2', '107', '2018-08-16 17:23:50', '2018-08-16 17:23:50'), ('2204', '1009', '2', '10701', '2018-08-16 17:23:50', '2018-08-16 17:23:50'), ('2205', '1009', '2', '10702', '2018-08-16 17:23:50', '2018-08-16 17:23:50'), ('2206', '1009', '2', '10703', '2018-08-16 17:23:50', '2018-08-16 17:23:50'), ('2207', '1009', '2', '10704', '2018-08-16 17:23:50', '2018-08-16 17:23:50'), ('2208', '1009', '2', '10705', '2018-08-16 17:23:50', '2018-08-16 17:23:50'), ('2209', '1009', '2', '10706', '2018-08-16 17:23:50', '2018-08-16 17:23:50'), ('2210', '1009', '2', '10707', '2018-08-16 17:23:50', '2018-08-16 17:23:50'), ('2211', '1009', '2', '10708', '2018-08-16 17:23:50', '2018-08-16 17:23:50'), ('2212', '1009', '2', '108', '2018-08-16 17:23:50', '2018-08-16 17:23:50'), ('2213', '1009', '2', '10801', '2018-08-16 17:23:50', '2018-08-16 17:23:50'), ('2214', '1009', '2', '10802', '2018-08-16 17:23:50', '2018-08-16 17:23:50'), ('2215', '1009', '2', '1030101', '2018-08-16 17:23:50', '2018-08-16 17:23:50'), ('2216', '1009', '2', '1030201', '2018-08-16 17:23:50', '2018-08-16 17:23:50'), ('2217', '1009', '2', '1030301', '2018-08-16 17:23:50', '2018-08-16 17:23:50'), ('2218', '1009', '2', '1030302', '2018-08-16 17:23:50', '2018-08-16 17:23:50'), ('2219', '1009', '2', '1030303', '2018-08-16 17:23:50', '2018-08-16 17:23:50'), ('2220', '1009', '2', '1030304', '2018-08-16 17:23:50', '2018-08-16 17:23:50'), ('2221', '1009', '2', '1030305', '2018-08-16 17:23:50', '2018-08-16 17:23:50'), ('2222', '1009', '2', '1030401', '2018-08-16 17:23:50', '2018-08-16 17:23:50'), ('2223', '1009', '2', '1030402', '2018-08-16 17:23:50', '2018-08-16 17:23:50'), ('2224', '1009', '2', '1030403', '2018-08-16 17:23:50', '2018-08-16 17:23:50'), ('2225', '1009', '2', '1030404', '2018-08-16 17:23:50', '2018-08-16 17:23:50'), ('2226', '1009', '2', '1030405', '2018-08-16 17:23:50', '2018-08-16 17:23:50'), ('2227', '1009', '2', '1030501', '2018-08-16 17:23:50', '2018-08-16 17:23:50'), ('2228', '1009', '2', '1030502', '2018-08-16 17:23:50', '2018-08-16 17:23:50'), ('2229', '1009', '2', '1030503', '2018-08-16 17:23:50', '2018-08-16 17:23:50'), ('2230', '1009', '2', '1030504', '2018-08-16 17:23:50', '2018-08-16 17:23:50'), ('2231', '1009', '2', '1030505', '2018-08-16 17:23:50', '2018-08-16 17:23:50'), ('2232', '1009', '2', '1030601', '2018-08-16 17:23:50', '2018-08-16 17:23:50'), ('2233', '1009', '2', '1030602', '2018-08-16 17:23:50', '2018-08-16 17:23:50'), ('2234', '1009', '2', '1030603', '2018-08-16 17:23:50', '2018-08-16 17:23:50'), ('2235', '1009', '2', '1030604', '2018-08-16 17:23:50', '2018-08-16 17:23:50'), ('2236', '1009', '2', '1030605', '2018-08-16 17:23:50', '2018-08-16 17:23:50'), ('2237', '1009', '2', '1030701', '2018-08-16 17:23:50', '2018-08-16 17:23:50'), ('2238', '1009', '2', '1030702', '2018-08-16 17:23:50', '2018-08-16 17:23:50'), ('2239', '1009', '2', '1030703', '2018-08-16 17:23:50', '2018-08-16 17:23:50'), ('2240', '1009', '2', '1030704', '2018-08-16 17:23:50', '2018-08-16 17:23:50'), ('2241', '1009', '2', '1030705', '2018-08-16 17:23:50', '2018-08-16 17:23:50'), ('2242', '1009', '2', '1030801', '2018-08-16 17:23:50', '2018-08-16 17:23:50'), ('2243', '1009', '2', '1030802', '2018-08-16 17:23:50', '2018-08-16 17:23:50'), ('2244', '1009', '2', '1030803', '2018-08-16 17:23:50', '2018-08-16 17:23:50'), ('2245', '1009', '2', '1030804', '2018-08-16 17:23:50', '2018-08-16 17:23:50'), ('2246', '1009', '2', '1030805', '2018-08-16 17:23:50', '2018-08-16 17:23:50'), ('2247', '1009', '2', '1030901', '2018-08-16 17:23:50', '2018-08-16 17:23:50'), ('2248', '1009', '2', '1030902', '2018-08-16 17:23:50', '2018-08-16 17:23:50'), ('2249', '1009', '2', '1030903', '2018-08-16 17:23:50', '2018-08-16 17:23:50'), ('2250', '1009', '2', '1030904', '2018-08-16 17:23:50', '2018-08-16 17:23:50'), ('2251', '1009', '2', '1030905', '2018-08-16 17:23:50', '2018-08-16 17:23:50'), ('2381', '1010', '2', '103', '2018-08-22 11:15:58', '2018-08-22 11:15:58'), ('2382', '1010', '2', '10301', '2018-08-22 11:15:58', '2018-08-22 11:15:58'), ('2383', '1010', '2', '10302', '2018-08-22 11:15:58', '2018-08-22 11:15:58'), ('2384', '1010', '2', '10303', '2018-08-22 11:15:58', '2018-08-22 11:15:58'), ('2385', '1010', '2', '10304', '2018-08-22 11:15:58', '2018-08-22 11:15:58'), ('2386', '1010', '2', '10305', '2018-08-22 11:15:58', '2018-08-22 11:15:58'), ('2387', '1010', '2', '10306', '2018-08-22 11:15:58', '2018-08-22 11:15:58'), ('2388', '1010', '2', '10307', '2018-08-22 11:15:58', '2018-08-22 11:15:58'), ('2389', '1010', '2', '10308', '2018-08-22 11:15:58', '2018-08-22 11:15:58'), ('2390', '1010', '2', '10309', '2018-08-22 11:15:58', '2018-08-22 11:15:58'), ('2391', '1010', '2', '1030101', '2018-08-22 11:15:58', '2018-08-22 11:15:58'), ('2392', '1010', '2', '1030102', '2018-08-22 11:15:58', '2018-08-22 11:15:58'), ('2393', '1010', '2', '1030103', '2018-08-22 11:15:58', '2018-08-22 11:15:58'), ('2394', '1010', '2', '1030104', '2018-08-22 11:15:58', '2018-08-22 11:15:58'), ('2395', '1010', '2', '1030201', '2018-08-22 11:15:58', '2018-08-22 11:15:58'), ('2396', '1010', '2', '1030202', '2018-08-22 11:15:58', '2018-08-22 11:15:58'), ('2397', '1010', '2', '1030203', '2018-08-22 11:15:58', '2018-08-22 11:15:58'), ('2398', '1010', '2', '1030204', '2018-08-22 11:15:58', '2018-08-22 11:15:58'), ('2399', '1010', '2', '1030301', '2018-08-22 11:15:58', '2018-08-22 11:15:58'), ('2400', '1010', '2', '1030302', '2018-08-22 11:15:58', '2018-08-22 11:15:58'), ('2401', '1010', '2', '1030303', '2018-08-22 11:15:58', '2018-08-22 11:15:58'), ('2402', '1010', '2', '1030304', '2018-08-22 11:15:58', '2018-08-22 11:15:58'), ('2403', '1010', '2', '1030401', '2018-08-22 11:15:58', '2018-08-22 11:15:58'), ('2404', '1010', '2', '1030402', '2018-08-22 11:15:58', '2018-08-22 11:15:58'), ('2405', '1010', '2', '1030403', '2018-08-22 11:15:58', '2018-08-22 11:15:58'), ('2406', '1010', '2', '1030404', '2018-08-22 11:15:58', '2018-08-22 11:15:58'), ('2407', '1010', '2', '1030501', '2018-08-22 11:15:58', '2018-08-22 11:15:58'), ('2408', '1010', '2', '1030502', '2018-08-22 11:15:58', '2018-08-22 11:15:58'), ('2409', '1010', '2', '1030503', '2018-08-22 11:15:58', '2018-08-22 11:15:58'), ('2410', '1010', '2', '1030504', '2018-08-22 11:15:58', '2018-08-22 11:15:58'), ('2411', '1010', '2', '1030601', '2018-08-22 11:15:58', '2018-08-22 11:15:58'), ('2412', '1010', '2', '1030602', '2018-08-22 11:15:58', '2018-08-22 11:15:58'), ('2413', '1010', '2', '1030603', '2018-08-22 11:15:58', '2018-08-22 11:15:58'), ('2414', '1010', '2', '1030604', '2018-08-22 11:15:58', '2018-08-22 11:15:58'), ('2415', '1010', '2', '1030701', '2018-08-22 11:15:58', '2018-08-22 11:15:58'), ('2416', '1010', '2', '1030702', '2018-08-22 11:15:58', '2018-08-22 11:15:58'), ('2417', '1010', '2', '1030703', '2018-08-22 11:15:58', '2018-08-22 11:15:58'), ('2418', '1010', '2', '1030704', '2018-08-22 11:15:58', '2018-08-22 11:15:58'), ('2419', '1010', '2', '1030801', '2018-08-22 11:15:58', '2018-08-22 11:15:58'), ('2420', '1010', '2', '1030802', '2018-08-22 11:15:58', '2018-08-22 11:15:58'), ('2421', '1010', '2', '1030803', '2018-08-22 11:15:58', '2018-08-22 11:15:58'), ('2422', '1010', '2', '1030804', '2018-08-22 11:15:58', '2018-08-22 11:15:58'), ('2958', '1013', '2', '103', '2018-09-03 14:17:10', '2018-09-03 14:17:10'), ('2959', '1013', '2', '10301', '2018-09-03 14:17:10', '2018-09-03 14:17:10'), ('2960', '1013', '2', '1030101', '2018-09-03 14:17:10', '2018-09-03 14:17:10'), ('2961', '1013', '2', '1030102', '2018-09-03 14:17:10', '2018-09-03 14:17:10'), ('2962', '1013', '2', '1030103', '2018-09-03 14:17:10', '2018-09-03 14:17:10'), ('2963', '1013', '2', '1030104', '2018-09-03 14:17:10', '2018-09-03 14:17:10'), ('2964', '1013', '2', '1030105', '2018-09-03 14:17:10', '2018-09-03 14:17:10'), ('4029', '1007', '2', '101', '2018-09-18 10:38:06', '2018-09-18 10:38:06'), ('4030', '1007', '2', '10103', '2018-09-18 10:38:06', '2018-09-18 10:38:06'), ('4031', '1007', '2', '102', '2018-09-18 10:38:06', '2018-09-18 10:38:06'), ('4032', '1007', '2', '10201', '2018-09-18 10:38:06', '2018-09-18 10:38:06'), ('4033', '1007', '2', '10202', '2018-09-18 10:38:06', '2018-09-18 10:38:06'), ('4034', '1007', '2', '10203', '2018-09-18 10:38:06', '2018-09-18 10:38:06'), ('4035', '1007', '2', '10204', '2018-09-18 10:38:06', '2018-09-18 10:38:06'), ('4036', '1007', '2', '104', '2018-09-18 10:38:06', '2018-09-18 10:38:06'), ('4037', '1007', '2', '10401', '2018-09-18 10:38:06', '2018-09-18 10:38:06'), ('4038', '1007', '2', '1040101', '2018-09-18 10:38:06', '2018-09-18 10:38:06'), ('4039', '1007', '2', '1040102', '2018-09-18 10:38:06', '2018-09-18 10:38:06'), ('4040', '1007', '2', '10402', '2018-09-18 10:38:06', '2018-09-18 10:38:06'), ('4041', '1007', '2', '1040201', '2018-09-18 10:38:06', '2018-09-18 10:38:06'), ('4042', '1007', '2', '1040202', '2018-09-18 10:38:06', '2018-09-18 10:38:06'), ('4043', '1007', '2', '1040203', '2018-09-18 10:38:06', '2018-09-18 10:38:06'), ('4044', '1007', '2', '1040204', '2018-09-18 10:38:06', '2018-09-18 10:38:06'), ('4045', '1007', '2', '10403', '2018-09-18 10:38:06', '2018-09-18 10:38:06'), ('4046', '1007', '2', '1040301', '2018-09-18 10:38:06', '2018-09-18 10:38:06'), ('4047', '1007', '2', '1040302', '2018-09-18 10:38:06', '2018-09-18 10:38:06'), ('4048', '1007', '2', '1040303', '2018-09-18 10:38:06', '2018-09-18 10:38:06'), ('4049', '1007', '2', '1040304', '2018-09-18 10:38:06', '2018-09-18 10:38:06'), ('4050', '1007', '2', '1040305', '2018-09-18 10:38:06', '2018-09-18 10:38:06'), ('4051', '1007', '2', '10404', '2018-09-18 10:38:06', '2018-09-18 10:38:06'), ('4052', '1007', '2', '105', '2018-09-18 10:38:06', '2018-09-18 10:38:06'), ('4053', '1007', '2', '10501', '2018-09-18 10:38:06', '2018-09-18 10:38:06'), ('4054', '1007', '2', '1050101', '2018-09-18 10:38:06', '2018-09-18 10:38:06'), ('4055', '1007', '2', '1020101', '2018-09-18 10:38:06', '2018-09-18 10:38:06'), ('4056', '1007', '2', '1020102', '2018-09-18 10:38:06', '2018-09-18 10:38:06'), ('4057', '1007', '2', '1020103', '2018-09-18 10:38:06', '2018-09-18 10:38:06'), ('4058', '1007', '2', '1020104', '2018-09-18 10:38:06', '2018-09-18 10:38:06'), ('4059', '1007', '2', '1020201', '2018-09-18 10:38:06', '2018-09-18 10:38:06'), ('4060', '1007', '2', '1020202', '2018-09-18 10:38:06', '2018-09-18 10:38:06'), ('4061', '1007', '2', '1020203', '2018-09-18 10:38:06', '2018-09-18 10:38:06'), ('4062', '1007', '2', '1020204', '2018-09-18 10:38:06', '2018-09-18 10:38:06'), ('4063', '1007', '2', '1020205', '2018-09-18 10:38:06', '2018-09-18 10:38:06'), ('4064', '1007', '2', '1020206', '2018-09-18 10:38:06', '2018-09-18 10:38:06'), ('4065', '1007', '2', '1020301', '2018-09-18 10:38:06', '2018-09-18 10:38:06'), ('4066', '1007', '2', '1020302', '2018-09-18 10:38:06', '2018-09-18 10:38:06'), ('4067', '1007', '2', '1020303', '2018-09-18 10:38:06', '2018-09-18 10:38:06'), ('4068', '1007', '2', '1020401', '2018-09-18 10:38:06', '2018-09-18 10:38:06'), ('4069', '1007', '2', '1020402', '2018-09-18 10:38:06', '2018-09-18 10:38:06'), ('4070', '1007', '2', '1020403', '2018-09-18 10:38:06', '2018-09-18 10:38:06'), ('4071', '1007', '2', '104010101', '2018-09-18 10:38:06', '2018-09-18 10:38:06'), ('4072', '1007', '2', '104010102', '2018-09-18 10:38:06', '2018-09-18 10:38:06'), ('4073', '1007', '2', '104010103', '2018-09-18 10:38:06', '2018-09-18 10:38:06'), ('4074', '1007', '2', '104010104', '2018-09-18 10:38:06', '2018-09-18 10:38:06'), ('4075', '1007', '2', '104010105', '2018-09-18 10:38:06', '2018-09-18 10:38:06'), ('4081', '1007', '2', '104020201', '2018-09-18 10:38:06', '2018-09-18 10:38:06'), ('4082', '1007', '2', '104020202', '2018-09-18 10:38:06', '2018-09-18 10:38:06'), ('4083', '1007', '2', '104020203', '2018-09-18 10:38:06', '2018-09-18 10:38:06'), ('4084', '1007', '2', '104020204', '2018-09-18 10:38:06', '2018-09-18 10:38:06'), ('4085', '1007', '2', '104020205', '2018-09-18 10:38:06', '2018-09-18 10:38:06'), ('4099', '1007', '2', '104030201', '2018-09-18 10:38:06', '2018-09-18 10:38:06'), ('4100', '1007', '2', '104030301', '2018-09-18 10:38:06', '2018-09-18 10:38:06'), ('4101', '1007', '2', '104030401', '2018-09-18 10:38:06', '2018-09-18 10:38:06'), ('4300', '1019', '2', '104', '2018-11-20 12:00:26', '2018-11-20 12:00:26'), ('4301', '1019', '2', '10402', '2018-11-20 12:00:26', '2018-11-20 12:00:26'), ('4302', '1019', '2', '1040201', '2018-11-20 12:00:26', '2018-11-20 12:00:26'), ('4303', '1019', '2', '1040202', '2018-11-20 12:00:26', '2018-11-20 12:00:26'), ('4304', '1019', '2', '1040203', '2018-11-20 12:00:26', '2018-11-20 12:00:26'), ('4305', '1019', '2', '1040204', '2018-11-20 12:00:26', '2018-11-20 12:00:26'), ('4306', '1019', '2', '10403', '2018-11-20 12:00:26', '2018-11-20 12:00:26'), ('4307', '1019', '2', '1040301', '2018-11-20 12:00:26', '2018-11-20 12:00:26'), ('4308', '1019', '2', '10404', '2018-11-20 12:00:26', '2018-11-20 12:00:26'), ('4309', '1019', '2', '1040401', '2018-11-20 12:00:26', '2018-11-20 12:00:26'), ('4310', '1019', '2', '1040402', '2018-11-20 12:00:26', '2018-11-20 12:00:26'), ('4311', '1019', '2', '10406', '2018-11-20 12:00:26', '2018-11-20 12:00:26'), ('4312', '1019', '2', '1040601', '2018-11-20 12:00:26', '2018-11-20 12:00:26'), ('4313', '1017', '2', '104', '2018-11-21 11:57:11', '2018-11-21 11:57:11'), ('4314', '1017', '2', '10401', '2018-11-21 11:57:11', '2018-11-21 11:57:11'), ('4315', '1017', '2', '1040101', '2018-11-21 11:57:11', '2018-11-21 11:57:11'), ('4316', '1017', '2', '1040102', '2018-11-21 11:57:11', '2018-11-21 11:57:11'), ('4317', '1017', '2', '10402', '2018-11-21 11:57:11', '2018-11-21 11:57:11'), ('4318', '1017', '2', '1040201', '2018-11-21 11:57:11', '2018-11-21 11:57:11'), ('4319', '1017', '2', '1040202', '2018-11-21 11:57:11', '2018-11-21 11:57:11'), ('4320', '1017', '2', '1040203', '2018-11-21 11:57:11', '2018-11-21 11:57:11'), ('4321', '1017', '2', '1040204', '2018-11-21 11:57:11', '2018-11-21 11:57:11'), ('4322', '1017', '2', '10403', '2018-11-21 11:57:11', '2018-11-21 11:57:11'), ('4323', '1017', '2', '1040301', '2018-11-21 11:57:11', '2018-11-21 11:57:11'), ('4324', '1017', '2', '1040302', '2018-11-21 11:57:11', '2018-11-21 11:57:11'), ('4325', '1017', '2', '1040305', '2018-11-21 11:57:11', '2018-11-21 11:57:11'), ('4326', '1017', '2', '104030201', '2018-11-21 11:57:11', '2018-11-21 11:57:11'), ('4387', '1006', '2', '102', '2019-01-18 13:25:21', '2019-01-18 13:25:21'), ('4388', '1006', '2', '10201', '2019-01-18 13:25:21', '2019-01-18 13:25:21'), ('4389', '1006', '2', '10202', '2019-01-18 13:25:21', '2019-01-18 13:25:21'), ('4390', '1006', '2', '10203', '2019-01-18 13:25:21', '2019-01-18 13:25:21'), ('4391', '1006', '2', '10204', '2019-01-18 13:25:21', '2019-01-18 13:25:21'), ('4392', '1006', '2', '104', '2019-01-18 13:25:21', '2019-01-18 13:25:21'), ('4393', '1006', '2', '10402', '2019-01-18 13:25:21', '2019-01-18 13:25:21'), ('4394', '1006', '2', '10403', '2019-01-18 13:25:21', '2019-01-18 13:25:21'), ('4395', '1006', '2', '10404', '2019-01-18 13:25:21', '2019-01-18 13:25:21'), ('4396', '1006', '2', '10405', '2019-01-18 13:25:21', '2019-01-18 13:25:21'), ('4397', '1006', '2', '1020101', '2019-01-18 13:25:21', '2019-01-18 13:25:21'), ('4398', '1006', '2', '1020102', '2019-01-18 13:25:21', '2019-01-18 13:25:21'), ('4399', '1006', '2', '1020103', '2019-01-18 13:25:21', '2019-01-18 13:25:21'), ('4400', '1006', '2', '1020104', '2019-01-18 13:25:21', '2019-01-18 13:25:21'), ('4401', '1006', '2', '1020201', '2019-01-18 13:25:21', '2019-01-18 13:25:21'), ('4402', '1006', '2', '1020202', '2019-01-18 13:25:21', '2019-01-18 13:25:21'), ('4403', '1006', '2', '1020203', '2019-01-18 13:25:21', '2019-01-18 13:25:21'), ('4404', '1006', '2', '1020204', '2019-01-18 13:25:21', '2019-01-18 13:25:21'), ('4405', '1006', '2', '1020205', '2019-01-18 13:25:21', '2019-01-18 13:25:21'), ('4406', '1006', '2', '1020206', '2019-01-18 13:25:21', '2019-01-18 13:25:21'), ('4407', '1006', '2', '1020301', '2019-01-18 13:25:21', '2019-01-18 13:25:21'), ('4408', '1006', '2', '1020302', '2019-01-18 13:25:21', '2019-01-18 13:25:21'), ('4409', '1006', '2', '1020303', '2019-01-18 13:25:21', '2019-01-18 13:25:21'), ('4410', '1006', '2', '1020401', '2019-01-18 13:25:21', '2019-01-18 13:25:21'), ('4411', '1006', '2', '1020402', '2019-01-18 13:25:21', '2019-01-18 13:25:21'), ('4412', '1006', '2', '1020403', '2019-01-18 13:25:21', '2019-01-18 13:25:21'), ('4413', '1006', '2', '1040401', '2019-01-18 13:25:21', '2019-01-18 13:25:21'), ('4414', '1006', '2', '1040402', '2019-01-18 13:25:21', '2019-01-18 13:25:21');
COMMIT;

-- ----------------------------
--  Table structure for `admin_user`
-- ----------------------------
DROP TABLE IF EXISTS `admin_user`;
CREATE TABLE `admin_user` (
  `id` bigint(20) unsigned NOT NULL AUTO_INCREMENT COMMENT '用户的自增id号',
  `mch_id` bigint(20) NOT NULL COMMENT '所属商户id',
  `login_name` varchar(20) NOT NULL COMMENT '登录名',
  `login_pwd` varchar(32) NOT NULL COMMENT '登录密码',
  `real_name` varchar(50) DEFAULT NULL COMMENT '真实姓名',
  `status` int(11) NOT NULL DEFAULT '1' COMMENT '0为禁用，1为启用',
  `is_delete` tinyint(4) NOT NULL DEFAULT '0' COMMENT '是否删除  0-否 1-是',
  `mobile` varchar(20) DEFAULT NULL COMMENT '手机号',
  `email` varchar(100) DEFAULT NULL COMMENT 'email',
  `dept_id` int(11) NOT NULL COMMENT '部门id',
  `oper_code` varchar(10) DEFAULT NULL COMMENT '操作员编码',
  `sex` char(1) DEFAULT NULL COMMENT '性别：1：男，0：女',
  `address` varchar(50) DEFAULT NULL COMMENT '联系地址',
  `gmt_create` datetime NOT NULL COMMENT '创建时间',
  `gmt_modified` datetime NOT NULL COMMENT '修改时间',
  PRIMARY KEY (`id`),
  UNIQUE KEY `uk_loginname` (`login_name`),
  KEY `idx_mchid` (`mch_id`)
) ENGINE=InnoDB AUTO_INCREMENT=30 DEFAULT CHARSET=utf8mb4 ROW_FORMAT=COMPACT COMMENT='用户表';

-- ----------------------------
--  Records of `admin_user`
-- ----------------------------
BEGIN;
INSERT INTO `admin_user` VALUES ('1', '100000', 'admin', 'e10adc3949ba59abbe56e057f20f883e', '超级管理员', '1', '0', '', '', '0', '0', '1', null, '2018-05-22 20:23:49', '2018-07-20 15:58:39'), ('13', '100000', '13788947867', 'e10adc3949ba59abbe56e057f20f883e', 'eric', '1', '0', '13788947867', null, '4', null, '1', null, '2018-08-16 10:35:24', '2019-01-18 00:59:07'), ('14', '100000', '13512173546', 'e10adc3949ba59abbe56e057f20f883e', '崔凡', '1', '1', '13512173546', null, '21', null, '1', null, '2018-08-16 10:51:14', '2018-12-13 00:31:31'), ('16', '100000', '13671589866', 'd858967aa86a1a2a525878ef75525604', '王恩超', '1', '1', '13671589866', null, '5', null, '0', null, '2018-08-16 16:42:02', '2018-12-13 00:31:20'), ('26', '100000', '18202168945', '379b1db6ef560ab291e70395ea4a27ab', '马卿卿', '1', '1', '18202168945', null, '6', null, '0', null, '2018-11-19 16:54:23', '2018-12-13 00:31:07'), ('27', '100000', '13788947869', 'b05a670dc0665b2803fccab751c801c2', 'eric', '1', '0', '13788947869', null, '21', null, '1', null, '2018-11-22 11:02:34', '2018-11-22 11:02:34'), ('28', '100000', '13788947890', 'e10adc3949ba59abbe56e057f20f883e', 'eric', '1', '0', '', null, '25', null, '1', null, '2018-12-13 00:42:10', '2018-12-18 09:56:10'), ('29', '100000', '13788947891', 'e10adc3949ba59abbe56e057f20f883e', 'test34', '1', '0', '', null, '25', null, '1', null, '2018-12-13 00:43:11', '2018-12-13 00:43:11');
COMMIT;

-- ----------------------------
--  Table structure for `admin_user_role`
-- ----------------------------
DROP TABLE IF EXISTS `admin_user_role`;
CREATE TABLE `admin_user_role` (
  `id` bigint(20) NOT NULL AUTO_INCREMENT COMMENT '用户与权限关联ID(自增)',
  `user_id` bigint(20) NOT NULL COMMENT '用户id admin_user.id',
  `role_id` bigint(20) NOT NULL COMMENT '角色id',
  `gmt_create` datetime NOT NULL COMMENT '创建时间',
  `gmt_modified` datetime DEFAULT NULL COMMENT '修改时间',
  PRIMARY KEY (`id`),
  UNIQUE KEY `uk_userid_roleid` (`user_id`,`role_id`)
) ENGINE=InnoDB AUTO_INCREMENT=70 DEFAULT CHARSET=utf8mb4 CHECKSUM=1 DELAY_KEY_WRITE=1 ROW_FORMAT=COMPACT COMMENT='用户与(角色和资源）绑定表';

-- ----------------------------
--  Records of `admin_user_role`
-- ----------------------------
BEGIN;
INSERT INTO `admin_user_role` VALUES ('2', '1', '1', '2018-06-12 17:20:29', '2018-06-12 17:20:32'), ('21', '8', '1006', '2018-07-24 14:19:09', '2018-07-24 14:19:09'), ('26', '12', '1006', '2018-07-24 18:29:48', '2018-07-24 18:29:48'), ('27', '13', '1006', '2018-08-16 10:35:43', '2018-08-16 10:35:43'), ('28', '14', '1006', '2018-08-16 10:51:24', '2018-08-16 10:51:24'), ('33', '21', '1006', '2018-08-16 17:05:56', '2018-08-16 17:05:56'), ('34', '19', '1006', '2018-08-16 17:06:02', '2018-08-16 17:06:02'), ('35', '17', '1006', '2018-08-16 17:06:08', '2018-08-16 17:06:08'), ('51', '15', '2', '2018-08-24 14:52:27', '2018-08-24 14:52:27'), ('52', '15', '1006', '2018-08-24 14:52:27', '2018-08-24 14:52:27'), ('55', '23', '2', '2018-09-04 14:24:25', '2018-09-04 14:24:30'), ('57', '6', '1006', '2018-09-14 10:19:48', '2018-09-14 10:19:48'), ('58', '24', '2', '2018-09-27 17:11:34', '2018-09-27 17:11:34'), ('62', '20', '1006', '2018-10-22 13:58:49', '2018-10-22 13:58:49'), ('63', '22', '1006', '2018-10-22 13:59:18', '2018-10-22 13:59:18'), ('65', '7', '1006', '2018-11-18 09:23:56', '2018-11-18 09:23:56'), ('66', '26', '1017', '2018-11-19 16:54:32', '2018-11-19 16:54:32'), ('67', '16', '1019', '2018-11-20 13:58:32', '2018-11-20 13:58:32'), ('69', '27', '1019', '2018-12-13 00:33:31', '2018-12-13 00:33:31');
COMMIT;

-- ----------------------------
--  Table structure for `app_version`
-- ----------------------------
DROP TABLE IF EXISTS `app_version`;
CREATE TABLE `app_version` (
  `id` int(11) NOT NULL AUTO_INCREMENT COMMENT '自增主键',
  `platform` tinyint(4) NOT NULL COMMENT '平台  1-ios 2-android 3-wp',
  `verison` varchar(10) NOT NULL COMMENT '版本号',
  `description` varchar(500) NOT NULL COMMENT '更新描述',
  `is_force_update` tinyint(4) DEFAULT NULL COMMENT '是否需要强制更新  0-否 1-是',
  `down_url` varchar(300) DEFAULT NULL COMMENT '下载地址',
  `gmt_create` datetime NOT NULL COMMENT '创建时间',
  `gmt_modified` datetime NOT NULL COMMENT '修改时间',
  PRIMARY KEY (`id`),
  UNIQUE KEY `uk_platform` (`platform`)
) ENGINE=InnoDB AUTO_INCREMENT=5 DEFAULT CHARSET=utf8mb4 ROW_FORMAT=COMPACT COMMENT='app版本';

-- ----------------------------
--  Records of `app_version`
-- ----------------------------
BEGIN;
INSERT INTO `app_version` VALUES ('1', '2', '1.0', 'beat版本', '0', 'www.baidu.com', '2018-09-03 11:55:49', '2018-09-03 11:55:50'), ('2', '1', '1.0', 'beat是的孙菲菲撒旦飞洒', '0', null, '2018-09-04 16:15:55', '2018-09-04 16:15:57'), ('4', '3', '7.0', '111', '1', '12314123', '2018-09-20 17:18:59', '2018-09-20 17:29:37');
COMMIT;

-- ----------------------------
--  Table structure for `bank_info`
-- ----------------------------
DROP TABLE IF EXISTS `bank_info`;
CREATE TABLE `bank_info` (
  `id` int(11) NOT NULL AUTO_INCREMENT COMMENT '主键',
  `bank_code` varchar(20) NOT NULL COMMENT '银行编码',
  `bank_name` varchar(30) NOT NULL COMMENT '银行名称',
  `logo_url` varchar(200) DEFAULT NULL COMMENT '银行logo地址',
  `status` tinyint(4) NOT NULL DEFAULT '0' COMMENT '0-初始化 1-正常',
  `gmt_create` datetime NOT NULL COMMENT '创建时间',
  `gmt_modified` datetime NOT NULL COMMENT '修改时间',
  PRIMARY KEY (`id`)
) ENGINE=InnoDB AUTO_INCREMENT=17 DEFAULT CHARSET=utf8mb4 ROW_FORMAT=COMPACT COMMENT='银行信息基础表';

-- ----------------------------
--  Records of `bank_info`
-- ----------------------------
BEGIN;
INSERT INTO `bank_info` VALUES ('1', 'CCB', '中国建设银行', 'http://images.zhixingchuyun.com//share/bankicon/CCB.png', '1', '2018-08-01 17:34:20', '2018-08-01 17:34:22'), ('2', 'BOC', '中国银行', 'http://images.zhixingchuyun.com//share/bankicon/BOC.png', '1', '2018-08-01 17:34:20', '2018-08-01 17:34:22'), ('3', 'CMB', '招商银行', 'http://images.zhixingchuyun.com//share/bankicon/CMB.png', '1', '2018-08-01 17:34:20', '2018-08-01 17:34:22'), ('4', 'COMM', '交通银行', 'http://images.zhixingchuyun.com//share/bankicon/COMM.png', '1', '2018-08-01 17:34:20', '2018-08-01 17:34:22'), ('5', 'ICBC', '中国工商银行', 'http://images.zhixingchuyun.com//share/bankicon/ICBC.png', '1', '2018-08-01 17:34:20', '2018-08-01 17:34:22'), ('6', 'ABC', '中国农业银行', 'http://images.zhixingchuyun.com//share/bankicon/ABC.png', '1', '2018-08-01 17:34:20', '2018-08-01 17:34:22'), ('7', 'PSBC', '中国邮政储蓄银行', 'http://images.zhixingchuyun.com//share/bankicon/PSBC.png', '1', '2018-08-01 17:34:20', '2018-08-01 17:34:22'), ('8', 'CEB', '中国光大银行', 'http://images.zhixingchuyun.com//share/bankicon/CEB.png', '1', '2018-08-01 17:34:20', '2018-08-01 17:34:22'), ('9', 'HSBANK', '徽商银行', 'http://images.zhixingchuyun.com//share/bankicon/HSBANK.png', '1', '2018-08-01 17:34:20', '2018-08-01 17:34:22'), ('10', 'SHBANK', '上海银行', 'http://images.zhixingchuyun.com//share/bankicon/SHBANK.png', '1', '2018-08-01 17:34:20', '2018-08-01 17:34:22'), ('11', 'CITIC', '中信银行', 'http://images.zhixingchuyun.com//share/bankicon/CITIC.png', '1', '2018-08-01 17:34:20', '2018-08-01 17:34:22'), ('12', 'SPDB', '上海浦东发展银行', 'http://images.zhixingchuyun.com//share/bankicon/SPDB.png', '1', '2018-08-01 17:34:20', '2018-08-01 17:34:22'), ('13', 'CMBC', '中国民生银行', 'http://images.zhixingchuyun.com//share/bankicon/CMBC.png', '1', '2018-08-01 17:34:20', '2018-08-01 17:34:22'), ('14', 'CIB', '兴业银行', 'http://images.zhixingchuyun.com//share/bankicon/CIB.png', '1', '2018-08-01 17:34:20', '2018-08-01 17:34:22'), ('16', 'SPABANK', '平安银行', 'http://images.zhixingchuyun.com//share/bankicon/SPABANK.png', '1', '2018-08-01 17:34:20', '2018-08-01 17:34:22');
COMMIT;

-- ----------------------------
--  Table structure for `banner`
-- ----------------------------
DROP TABLE IF EXISTS `banner`;
CREATE TABLE `banner` (
  `id` bigint(20) NOT NULL AUTO_INCREMENT COMMENT '自增主键',
  `name` varchar(20) NOT NULL COMMENT '图片名称',
  `scene` tinyint(4) NOT NULL COMMENT '适用场景 1-首页 ',
  `pic_url` varchar(200) NOT NULL COMMENT '图片的七牛URL',
  `link_url` varchar(200) NOT NULL COMMENT '图片指向的外部链接',
  `sort_no` int(11) NOT NULL COMMENT '轮播位置',
  `status` tinyint(4) NOT NULL COMMENT '状态  0-待上线  1-已上线  2-已下线',
  `effect_date` date DEFAULT NULL COMMENT '有效期开始',
  `expire_date` date DEFAULT NULL COMMENT '有效期结束',
  `create_oper_id` bigint(20) DEFAULT NULL COMMENT '创建操作员id',
  `create_oper_name` varchar(20) DEFAULT NULL COMMENT '创建人',
  `update_oper_id` bigint(20) DEFAULT NULL COMMENT '更新操作员id',
  `update_oper_name` varchar(20) DEFAULT NULL COMMENT '更新人',
  `gmt_create` datetime NOT NULL COMMENT '更新时间',
  `gmt_modified` datetime NOT NULL COMMENT '修改时间',
  PRIMARY KEY (`id`)
) ENGINE=InnoDB AUTO_INCREMENT=5 DEFAULT CHARSET=utf8mb4 ROW_FORMAT=COMPACT COMMENT='banner轮播图管理表';

-- ----------------------------
--  Records of `banner`
-- ----------------------------
BEGIN;
INSERT INTO `banner` VALUES ('1', '参数是订单', '1', 'http://images.zhixingchuyun.com/banner1_02.png', 'http://www.zhixingjituan.com', '3', '1', null, null, '1', 'lanbo', '8', '陈豪', '2018-08-08 19:46:53', '2018-09-14 16:52:18'), ('2', '参数是订单', '1', 'http://images.zhixingchuyun.com/banner2_02.png', 'http://www.zhixingjituan.com', '2', '1', null, null, '1', 'lanbo', '1', 'lanbo', '2018-08-08 19:46:53', '2018-08-08 19:46:56'), ('3', '参数是订单', '1', 'http://images.zhixingchuyun.com/banner3_02.png', 'http://www.zhixingjituan.com', '1', '1', null, null, '1', 'lanbo', '1', 'lanbo', '2018-08-08 19:46:53', '2018-08-08 19:46:56'), ('4', '新增', '1', 'http://images.zhixingchuyun.com/ZZ_0913150149_4lrqnu.jpg', 'www.baidu.com', '4', '0', null, null, '8', '陈豪', '6', '郭孝兵', '2018-09-13 15:01:05', '2018-12-03 14:12:17');
COMMIT;

-- ----------------------------
--  Table structure for `base_city`
-- ----------------------------
DROP TABLE IF EXISTS `base_city`;
CREATE TABLE `base_city` (
  `id` int(8) NOT NULL DEFAULT '0' COMMENT '行政区域id',
  `type` tinyint(4) NOT NULL DEFAULT '0' COMMENT '类型，1：省，直辖市，2：地级市，3：区县',
  `parent_id` int(8) NOT NULL DEFAULT '0' COMMENT '所属行政区域',
  `name` varchar(30) CHARACTER SET utf8 NOT NULL DEFAULT '' COMMENT '行政区域名称',
  PRIMARY KEY (`id`),
  KEY `idx_parentid` (`parent_id`)
) ENGINE=InnoDB DEFAULT CHARSET=utf8mb4 ROW_FORMAT=COMPACT COMMENT='省市区表';

-- ----------------------------
--  Records of `base_city`
-- ----------------------------
BEGIN;
INSERT INTO `base_city` VALUES ('11', '1', '0', '北京市'), ('12', '1', '0', '天津市'), ('13', '1', '0', '河北省'), ('14', '1', '0', '山西省'), ('15', '1', '0', '内蒙古自治区'), ('21', '1', '0', '辽宁省'), ('22', '1', '0', '吉林省'), ('23', '1', '0', '黑龙江省'), ('31', '1', '0', '上海市'), ('32', '1', '0', '江苏省'), ('33', '1', '0', '浙江省'), ('34', '1', '0', '安徽省'), ('35', '1', '0', '福建省'), ('36', '1', '0', '江西省'), ('37', '1', '0', '山东省'), ('41', '1', '0', '河南省'), ('42', '1', '0', '湖北省'), ('43', '1', '0', '湖南省'), ('44', '1', '0', '广东省'), ('45', '1', '0', '广西壮族自治区'), ('46', '1', '0', '海南省'), ('50', '1', '0', '重庆市'), ('51', '1', '0', '四川省'), ('52', '1', '0', '贵州省'), ('53', '1', '0', '云南省'), ('54', '1', '0', '西藏自治区'), ('61', '1', '0', '陕西省'), ('62', '1', '0', '甘肃省'), ('63', '1', '0', '青海省'), ('64', '1', '0', '宁夏回族自治区'), ('65', '1', '0', '新疆维吾尔自治区'), ('71', '1', '0', '台湾省'), ('81', '1', '0', '香港特别行政区'), ('82', '1', '0', '澳门特别行政'), ('1101', '2', '11', '北京市'), ('1201', '2', '12', '天津市'), ('1301', '2', '13', '石家庄市'), ('1302', '2', '13', '唐山市'), ('1303', '2', '13', '秦皇岛市'), ('1304', '2', '13', '邯郸市'), ('1305', '2', '13', '邢台市'), ('1306', '2', '13', '保定市'), ('1307', '2', '13', '张家口市'), ('1308', '2', '13', '承德市'), ('1309', '2', '13', '沧州市'), ('1310', '2', '13', '廊坊市'), ('1311', '2', '13', '衡水市'), ('1390', '2', '13', '省直辖县级行政区划'), ('1401', '2', '14', '太原市'), ('1402', '2', '14', '大同市'), ('1403', '2', '14', '阳泉市'), ('1404', '2', '14', '长治市'), ('1405', '2', '14', '晋城市'), ('1406', '2', '14', '朔州市'), ('1407', '2', '14', '晋中市'), ('1408', '2', '14', '运城市'), ('1409', '2', '14', '忻州市'), ('1410', '2', '14', '临汾市'), ('1411', '2', '14', '吕梁市'), ('1501', '2', '15', '呼和浩特市'), ('1502', '2', '15', '包头市'), ('1503', '2', '15', '乌海市'), ('1504', '2', '15', '赤峰市'), ('1505', '2', '15', '通辽市'), ('1506', '2', '15', '鄂尔多斯市'), ('1507', '2', '15', '呼伦贝尔市'), ('1508', '2', '15', '巴彦淖尔市'), ('1509', '2', '15', '乌兰察布市'), ('1522', '2', '15', '兴安盟'), ('1525', '2', '15', '锡林郭勒盟'), ('1529', '2', '15', '阿拉善盟'), ('2101', '2', '21', '沈阳市'), ('2102', '2', '21', '大连市'), ('2103', '2', '21', '鞍山市'), ('2104', '2', '21', '抚顺市'), ('2105', '2', '21', '本溪市'), ('2106', '2', '21', '丹东市'), ('2107', '2', '21', '锦州市'), ('2108', '2', '21', '营口市'), ('2109', '2', '21', '阜新市'), ('2110', '2', '21', '辽阳市'), ('2111', '2', '21', '盘锦市'), ('2112', '2', '21', '铁岭市'), ('2113', '2', '21', '朝阳市'), ('2114', '2', '21', '葫芦岛市'), ('2201', '2', '22', '长春市'), ('2202', '2', '22', '吉林市'), ('2203', '2', '22', '四平市'), ('2204', '2', '22', '辽源市'), ('2205', '2', '22', '通化市'), ('2206', '2', '22', '白山市'), ('2207', '2', '22', '松原市'), ('2208', '2', '22', '白城市'), ('2224', '2', '22', '延边朝鲜族自治州'), ('2301', '2', '23', '哈尔滨市'), ('2302', '2', '23', '齐齐哈尔市'), ('2303', '2', '23', '鸡西市'), ('2304', '2', '23', '鹤岗市'), ('2305', '2', '23', '双鸭山市'), ('2306', '2', '23', '大庆市'), ('2307', '2', '23', '伊春市'), ('2308', '2', '23', '佳木斯市'), ('2309', '2', '23', '七台河市'), ('2310', '2', '23', '牡丹江市'), ('2311', '2', '23', '黑河市'), ('2312', '2', '23', '绥化市'), ('2327', '2', '23', '大兴安岭地区'), ('3101', '2', '31', '上海市'), ('3201', '2', '32', '南京市'), ('3202', '2', '32', '无锡市'), ('3203', '2', '32', '徐州市'), ('3204', '2', '32', '常州市'), ('3205', '2', '32', '苏州市'), ('3206', '2', '32', '南通市'), ('3207', '2', '32', '连云港市'), ('3208', '2', '32', '淮安市'), ('3209', '2', '32', '盐城市'), ('3210', '2', '32', '扬州市'), ('3211', '2', '32', '镇江市'), ('3212', '2', '32', '泰州市'), ('3213', '2', '32', '宿迁市'), ('3301', '2', '33', '杭州市'), ('3302', '2', '33', '宁波市'), ('3303', '2', '33', '温州市'), ('3304', '2', '33', '嘉兴市'), ('3305', '2', '33', '湖州市'), ('3306', '2', '33', '绍兴市'), ('3307', '2', '33', '金华市'), ('3308', '2', '33', '衢州市'), ('3309', '2', '33', '舟山市'), ('3310', '2', '33', '台州市'), ('3311', '2', '33', '丽水市'), ('3401', '2', '34', '合肥市'), ('3402', '2', '34', '芜湖市'), ('3403', '2', '34', '蚌埠市'), ('3404', '2', '34', '淮南市'), ('3405', '2', '34', '马鞍山市'), ('3406', '2', '34', '淮北市'), ('3407', '2', '34', '铜陵市'), ('3408', '2', '34', '安庆市'), ('3410', '2', '34', '黄山市'), ('3411', '2', '34', '滁州市'), ('3412', '2', '34', '阜阳市'), ('3413', '2', '34', '宿州市'), ('3415', '2', '34', '六安市'), ('3416', '2', '34', '亳州市'), ('3417', '2', '34', '池州市'), ('3418', '2', '34', '宣城市'), ('3501', '2', '35', '福州市'), ('3502', '2', '35', '厦门市'), ('3503', '2', '35', '莆田市'), ('3504', '2', '35', '三明市'), ('3505', '2', '35', '泉州市'), ('3506', '2', '35', '漳州市'), ('3507', '2', '35', '南平市'), ('3508', '2', '35', '龙岩市'), ('3509', '2', '35', '宁德市'), ('3601', '2', '36', '南昌市'), ('3602', '2', '36', '景德镇市'), ('3603', '2', '36', '萍乡市'), ('3604', '2', '36', '九江市'), ('3605', '2', '36', '新余市'), ('3606', '2', '36', '鹰潭市'), ('3607', '2', '36', '赣州市'), ('3608', '2', '36', '吉安市'), ('3609', '2', '36', '宜春市'), ('3610', '2', '36', '抚州市'), ('3611', '2', '36', '上饶市'), ('3701', '2', '37', '济南市'), ('3702', '2', '37', '青岛市'), ('3703', '2', '37', '淄博市'), ('3704', '2', '37', '枣庄市'), ('3705', '2', '37', '东营市'), ('3706', '2', '37', '烟台市'), ('3707', '2', '37', '潍坊市'), ('3708', '2', '37', '济宁市'), ('3709', '2', '37', '泰安市'), ('3710', '2', '37', '威海市'), ('3711', '2', '37', '日照市'), ('3712', '2', '37', '莱芜市'), ('3713', '2', '37', '临沂市'), ('3714', '2', '37', '德州市'), ('3715', '2', '37', '聊城市'), ('3716', '2', '37', '滨州市'), ('3717', '2', '37', '菏泽市'), ('4101', '2', '41', '郑州市'), ('4102', '2', '41', '开封市'), ('4103', '2', '41', '洛阳市'), ('4104', '2', '41', '平顶山市'), ('4105', '2', '41', '安阳市'), ('4106', '2', '41', '鹤壁市'), ('4107', '2', '41', '新乡市'), ('4108', '2', '41', '焦作市'), ('4109', '2', '41', '濮阳市'), ('4110', '2', '41', '许昌市'), ('4111', '2', '41', '漯河市'), ('4112', '2', '41', '三门峡市'), ('4113', '2', '41', '南阳市'), ('4114', '2', '41', '商丘市'), ('4115', '2', '41', '信阳市'), ('4116', '2', '41', '周口市'), ('4117', '2', '41', '驻马店市'), ('4190', '2', '41', '省直辖县级行政区划'), ('4201', '2', '42', '武汉市'), ('4202', '2', '42', '黄石市'), ('4203', '2', '42', '十堰市'), ('4205', '2', '42', '宜昌市'), ('4206', '2', '42', '襄阳市'), ('4207', '2', '42', '鄂州市'), ('4208', '2', '42', '荆门市'), ('4209', '2', '42', '孝感市'), ('4210', '2', '42', '荆州市'), ('4211', '2', '42', '黄冈市'), ('4212', '2', '42', '咸宁市'), ('4213', '2', '42', '随州市'), ('4228', '2', '42', '恩施土家族苗族自治州'), ('4290', '2', '42', '省直辖县级行政区划'), ('4301', '2', '43', '长沙市'), ('4302', '2', '43', '株洲市'), ('4303', '2', '43', '湘潭市'), ('4304', '2', '43', '衡阳市'), ('4305', '2', '43', '邵阳市'), ('4306', '2', '43', '岳阳市'), ('4307', '2', '43', '常德市'), ('4308', '2', '43', '张家界市'), ('4309', '2', '43', '益阳市'), ('4310', '2', '43', '郴州市'), ('4311', '2', '43', '永州市'), ('4312', '2', '43', '怀化市'), ('4313', '2', '43', '娄底市'), ('4331', '2', '43', '湘西土家族苗族自治州'), ('4401', '2', '44', '广州市'), ('4402', '2', '44', '韶关市'), ('4403', '2', '44', '深圳市'), ('4404', '2', '44', '珠海市'), ('4405', '2', '44', '汕头市'), ('4406', '2', '44', '佛山市'), ('4407', '2', '44', '江门市'), ('4408', '2', '44', '湛江市'), ('4409', '2', '44', '茂名市'), ('4412', '2', '44', '肇庆市'), ('4413', '2', '44', '惠州市'), ('4414', '2', '44', '梅州市'), ('4415', '2', '44', '汕尾市'), ('4416', '2', '44', '河源市'), ('4417', '2', '44', '阳江市'), ('4418', '2', '44', '清远市'), ('4419', '2', '44', '东莞市'), ('4420', '2', '44', '中山市'), ('4451', '2', '44', '潮州市'), ('4452', '2', '44', '揭阳市'), ('4453', '2', '44', '云浮市'), ('4501', '2', '45', '南宁市'), ('4502', '2', '45', '柳州市'), ('4503', '2', '45', '桂林市'), ('4504', '2', '45', '梧州市'), ('4505', '2', '45', '北海市'), ('4506', '2', '45', '防城港市'), ('4507', '2', '45', '钦州市'), ('4508', '2', '45', '贵港市'), ('4509', '2', '45', '玉林市'), ('4510', '2', '45', '百色市'), ('4511', '2', '45', '贺州市'), ('4512', '2', '45', '河池市'), ('4513', '2', '45', '来宾市'), ('4514', '2', '45', '崇左市'), ('4601', '2', '46', '海口市'), ('4602', '2', '46', '三亚市'), ('4603', '2', '46', '三沙市'), ('4690', '2', '46', '省直辖县级行政区划'), ('5001', '2', '50', '重庆市'), ('5101', '2', '51', '成都市'), ('5103', '2', '51', '自贡市'), ('5104', '2', '51', '攀枝花市'), ('5105', '2', '51', '泸州市'), ('5106', '2', '51', '德阳市'), ('5107', '2', '51', '绵阳市'), ('5108', '2', '51', '广元市'), ('5109', '2', '51', '遂宁市'), ('5110', '2', '51', '内江市'), ('5111', '2', '51', '乐山市'), ('5113', '2', '51', '南充市'), ('5114', '2', '51', '眉山市'), ('5115', '2', '51', '宜宾市'), ('5116', '2', '51', '广安市'), ('5117', '2', '51', '达州市'), ('5118', '2', '51', '雅安市'), ('5119', '2', '51', '巴中市'), ('5120', '2', '51', '资阳市'), ('5132', '2', '51', '阿坝藏族羌族自治州'), ('5133', '2', '51', '甘孜藏族自治州'), ('5134', '2', '51', '凉山彝族自治州'), ('5201', '2', '52', '贵阳市'), ('5202', '2', '52', '六盘水市'), ('5203', '2', '52', '遵义市'), ('5204', '2', '52', '安顺市'), ('5205', '2', '52', '毕节市'), ('5206', '2', '52', '铜仁市'), ('5223', '2', '52', '黔西南布依族苗族自治州'), ('5226', '2', '52', '黔东南苗族侗族自治州'), ('5227', '2', '52', '黔南布依族苗族自治州'), ('5301', '2', '53', '昆明市'), ('5303', '2', '53', '曲靖市'), ('5304', '2', '53', '玉溪市'), ('5305', '2', '53', '保山市'), ('5306', '2', '53', '昭通市'), ('5307', '2', '53', '丽江市'), ('5308', '2', '53', '普洱市'), ('5309', '2', '53', '临沧市'), ('5323', '2', '53', '楚雄彝族自治州'), ('5325', '2', '53', '红河哈尼族彝族自治州'), ('5326', '2', '53', '文山壮族苗族自治州'), ('5328', '2', '53', '西双版纳傣族自治州'), ('5329', '2', '53', '大理白族自治州'), ('5331', '2', '53', '德宏傣族景颇族自治州'), ('5333', '2', '53', '怒江傈僳族自治州'), ('5334', '2', '53', '迪庆藏族自治州'), ('5401', '2', '54', '拉萨市'), ('5402', '2', '54', '日喀则市'), ('5403', '2', '54', '昌都市'), ('5404', '2', '54', '林芝市'), ('5422', '2', '54', '山南地区'), ('5424', '2', '54', '那曲地区'), ('5425', '2', '54', '阿里地区'), ('6101', '2', '61', '西安市'), ('6102', '2', '61', '铜川市'), ('6103', '2', '61', '宝鸡市'), ('6104', '2', '61', '咸阳市'), ('6105', '2', '61', '渭南市'), ('6106', '2', '61', '延安市'), ('6107', '2', '61', '汉中市'), ('6108', '2', '61', '榆林市'), ('6109', '2', '61', '安康市'), ('6110', '2', '61', '商洛市'), ('6201', '2', '62', '兰州市'), ('6202', '2', '62', '嘉峪关市'), ('6203', '2', '62', '金昌市'), ('6204', '2', '62', '白银市'), ('6205', '2', '62', '天水市'), ('6206', '2', '62', '武威市'), ('6207', '2', '62', '张掖市'), ('6208', '2', '62', '平凉市'), ('6209', '2', '62', '酒泉市'), ('6210', '2', '62', '庆阳市'), ('6211', '2', '62', '定西市'), ('6212', '2', '62', '陇南市'), ('6229', '2', '62', '临夏回族自治州'), ('6230', '2', '62', '甘南藏族自治州'), ('6301', '2', '63', '西宁市'), ('6302', '2', '63', '海东市'), ('6322', '2', '63', '海北藏族自治州'), ('6323', '2', '63', '黄南藏族自治州'), ('6325', '2', '63', '海南藏族自治州'), ('6326', '2', '63', '果洛藏族自治州'), ('6327', '2', '63', '玉树藏族自治州'), ('6328', '2', '63', '海西蒙古族藏族自治州'), ('6401', '2', '64', '银川市'), ('6402', '2', '64', '石嘴山市'), ('6403', '2', '64', '吴忠市'), ('6404', '2', '64', '固原市'), ('6405', '2', '64', '中卫市'), ('6501', '2', '65', '乌鲁木齐市'), ('6502', '2', '65', '克拉玛依市'), ('6504', '2', '65', '吐鲁番市'), ('6522', '2', '65', '哈密地区'), ('6523', '2', '65', '昌吉回族自治州'), ('6527', '2', '65', '博尔塔拉蒙古自治州'), ('6528', '2', '65', '巴音郭楞蒙古自治州'), ('6529', '2', '65', '阿克苏地区'), ('6530', '2', '65', '克孜勒苏柯尔克孜自治州'), ('6531', '2', '65', '喀什地区'), ('6532', '2', '65', '和田地区'), ('6540', '2', '65', '伊犁哈萨克自治州'), ('6542', '2', '65', '塔城地区'), ('6543', '2', '65', '阿勒泰地区'), ('6590', '2', '65', '自治区直辖县级行政区划'), ('110101', '3', '1101', '东城区'), ('110102', '3', '1101', '西城区'), ('110105', '3', '1101', '朝阳区'), ('110106', '3', '1101', '丰台区'), ('110107', '3', '1101', '石景山区'), ('110108', '3', '1101', '海淀区'), ('110109', '3', '1101', '门头沟区'), ('110111', '3', '1101', '房山区'), ('110112', '3', '1101', '通州区'), ('110113', '3', '1101', '顺义区'), ('110114', '3', '1101', '昌平区'), ('110115', '3', '1101', '大兴区'), ('110116', '3', '1101', '怀柔区'), ('110117', '3', '1101', '平谷区'), ('110128', '3', '1101', '密云县'), ('110129', '3', '1101', '延庆县'), ('120101', '3', '1201', '和平区'), ('120102', '3', '1201', '河东区'), ('120103', '3', '1201', '河西区'), ('120104', '3', '1201', '南开区'), ('120105', '3', '1201', '河北区'), ('120106', '3', '1201', '红桥区'), ('120110', '3', '1201', '东丽区'), ('120111', '3', '1201', '西青区'), ('120112', '3', '1201', '津南区'), ('120113', '3', '1201', '北辰区'), ('120114', '3', '1201', '武清区'), ('120115', '3', '1201', '宝坻区'), ('120116', '3', '1201', '滨海新区'), ('120117', '3', '1201', '宁河区'), ('120118', '3', '1201', '静海区'), ('120125', '3', '1201', '蓟县'), ('130102', '3', '1301', '长安区'), ('130104', '3', '1301', '桥西区'), ('130105', '3', '1301', '新华区'), ('130107', '3', '1301', '井陉矿区'), ('130108', '3', '1301', '裕华区'), ('130109', '3', '1301', '藁城区'), ('130110', '3', '1301', '鹿泉区'), ('130111', '3', '1301', '栾城区'), ('130121', '3', '1301', '井陉县'), ('130123', '3', '1301', '正定县'), ('130125', '3', '1301', '行唐县'), ('130126', '3', '1301', '灵寿县'), ('130127', '3', '1301', '高邑县'), ('130128', '3', '1301', '深泽县'), ('130129', '3', '1301', '赞皇县'), ('130130', '3', '1301', '无极县'), ('130131', '3', '1301', '平山县'), ('130132', '3', '1301', '元氏县'), ('130133', '3', '1301', '赵县'), ('130183', '3', '1301', '晋州市'), ('130184', '3', '1301', '新乐市'), ('130202', '3', '1302', '路南区'), ('130203', '3', '1302', '路北区'), ('130204', '3', '1302', '古冶区'), ('130205', '3', '1302', '开平区'), ('130207', '3', '1302', '丰南区'), ('130208', '3', '1302', '丰润区'), ('130209', '3', '1302', '曹妃甸区'), ('130223', '3', '1302', '滦县'), ('130224', '3', '1302', '滦南县'), ('130225', '3', '1302', '乐亭县'), ('130227', '3', '1302', '迁西县'), ('130229', '3', '1302', '玉田县'), ('130281', '3', '1302', '遵化市'), ('130283', '3', '1302', '迁安市'), ('130302', '3', '1303', '海港区'), ('130303', '3', '1303', '山海关区'), ('130304', '3', '1303', '北戴河区'), ('130306', '3', '1303', '抚宁区'), ('130321', '3', '1303', '青龙满族自治县'), ('130322', '3', '1303', '昌黎县'), ('130324', '3', '1303', '卢龙县'), ('130402', '3', '1304', '邯山区'), ('130403', '3', '1304', '丛台区'), ('130404', '3', '1304', '复兴区'), ('130406', '3', '1304', '峰峰矿区'), ('130421', '3', '1304', '邯郸县'), ('130423', '3', '1304', '临漳县'), ('130424', '3', '1304', '成安县'), ('130425', '3', '1304', '大名县'), ('130426', '3', '1304', '涉县'), ('130427', '3', '1304', '磁县'), ('130428', '3', '1304', '肥乡县'), ('130429', '3', '1304', '永年县'), ('130430', '3', '1304', '邱县'), ('130431', '3', '1304', '鸡泽县'), ('130432', '3', '1304', '广平县'), ('130433', '3', '1304', '馆陶县'), ('130434', '3', '1304', '魏县'), ('130435', '3', '1304', '曲周县'), ('130481', '3', '1304', '武安市'), ('130502', '3', '1305', '桥东区'), ('130503', '3', '1305', '桥西区'), ('130521', '3', '1305', '邢台县'), ('130522', '3', '1305', '临城县'), ('130523', '3', '1305', '内丘县'), ('130524', '3', '1305', '柏乡县'), ('130525', '3', '1305', '隆尧县'), ('130526', '3', '1305', '任县'), ('130527', '3', '1305', '南和县'), ('130528', '3', '1305', '宁晋县'), ('130529', '3', '1305', '巨鹿县'), ('130530', '3', '1305', '新河县'), ('130531', '3', '1305', '广宗县'), ('130532', '3', '1305', '平乡县'), ('130533', '3', '1305', '威县'), ('130534', '3', '1305', '清河县'), ('130535', '3', '1305', '临西县'), ('130581', '3', '1305', '南宫市'), ('130582', '3', '1305', '沙河市'), ('130602', '3', '1306', '竞秀区'), ('130606', '3', '1306', '莲池区'), ('130607', '3', '1306', '满城区'), ('130608', '3', '1306', '清苑区'), ('130609', '3', '1306', '徐水区'), ('130623', '3', '1306', '涞水县'), ('130624', '3', '1306', '阜平县'), ('130626', '3', '1306', '定兴县'), ('130627', '3', '1306', '唐县'), ('130628', '3', '1306', '高阳县'), ('130629', '3', '1306', '容城县'), ('130630', '3', '1306', '涞源县'), ('130631', '3', '1306', '望都县'), ('130632', '3', '1306', '安新县'), ('130633', '3', '1306', '易县'), ('130634', '3', '1306', '曲阳县'), ('130635', '3', '1306', '蠡县'), ('130636', '3', '1306', '顺平县'), ('130637', '3', '1306', '博野县'), ('130638', '3', '1306', '雄县'), ('130681', '3', '1306', '涿州市'), ('130683', '3', '1306', '安国市'), ('130684', '3', '1306', '高碑店市'), ('130702', '3', '1307', '桥东区'), ('130703', '3', '1307', '桥西区'), ('130705', '3', '1307', '宣化区'), ('130706', '3', '1307', '下花园区'), ('130721', '3', '1307', '宣化县'), ('130722', '3', '1307', '张北县'), ('130723', '3', '1307', '康保县'), ('130724', '3', '1307', '沽源县'), ('130725', '3', '1307', '尚义县'), ('130726', '3', '1307', '蔚县'), ('130727', '3', '1307', '阳原县'), ('130728', '3', '1307', '怀安县'), ('130729', '3', '1307', '万全县'), ('130730', '3', '1307', '怀来县'), ('130731', '3', '1307', '涿鹿县'), ('130732', '3', '1307', '赤城县'), ('130733', '3', '1307', '崇礼县'), ('130802', '3', '1308', '双桥区'), ('130803', '3', '1308', '双滦区'), ('130804', '3', '1308', '鹰手营子矿区'), ('130821', '3', '1308', '承德县'), ('130822', '3', '1308', '兴隆县'), ('130823', '3', '1308', '平泉县'), ('130824', '3', '1308', '滦平县'), ('130825', '3', '1308', '隆化县'), ('130826', '3', '1308', '丰宁满族自治县'), ('130827', '3', '1308', '宽城满族自治县'), ('130828', '3', '1308', '围场满族蒙古族自治县'), ('130902', '3', '1309', '新华区'), ('130903', '3', '1309', '运河区'), ('130921', '3', '1309', '沧县'), ('130922', '3', '1309', '青县'), ('130923', '3', '1309', '东光县'), ('130924', '3', '1309', '海兴县'), ('130925', '3', '1309', '盐山县'), ('130926', '3', '1309', '肃宁县'), ('130927', '3', '1309', '南皮县'), ('130928', '3', '1309', '吴桥县'), ('130929', '3', '1309', '献县'), ('130930', '3', '1309', '孟村回族自治县'), ('130981', '3', '1309', '泊头市'), ('130982', '3', '1309', '任丘市'), ('130983', '3', '1309', '黄骅市'), ('130984', '3', '1309', '河间市'), ('131002', '3', '1310', '安次区'), ('131003', '3', '1310', '广阳区'), ('131022', '3', '1310', '固安县'), ('131023', '3', '1310', '永清县'), ('131024', '3', '1310', '香河县'), ('131025', '3', '1310', '大城县'), ('131026', '3', '1310', '文安县'), ('131028', '3', '1310', '大厂回族自治县'), ('131081', '3', '1310', '霸州市'), ('131082', '3', '1310', '三河市'), ('131102', '3', '1311', '桃城区'), ('131121', '3', '1311', '枣强县'), ('131122', '3', '1311', '武邑县'), ('131123', '3', '1311', '武强县'), ('131124', '3', '1311', '饶阳县'), ('131125', '3', '1311', '安平县'), ('131126', '3', '1311', '故城县'), ('131127', '3', '1311', '景县'), ('131128', '3', '1311', '阜城县'), ('131181', '3', '1311', '冀州市'), ('131182', '3', '1311', '深州市'), ('139001', '3', '1390', '定州市'), ('139002', '3', '1390', '辛集市'), ('140105', '3', '1401', '小店区'), ('140106', '3', '1401', '迎泽区'), ('140107', '3', '1401', '杏花岭区'), ('140108', '3', '1401', '尖草坪区'), ('140109', '3', '1401', '万柏林区'), ('140110', '3', '1401', '晋源区'), ('140121', '3', '1401', '清徐县'), ('140122', '3', '1401', '阳曲县'), ('140123', '3', '1401', '娄烦县'), ('140181', '3', '1401', '古交市'), ('140202', '3', '1402', '城区'), ('140203', '3', '1402', '矿区'), ('140211', '3', '1402', '南郊区'), ('140212', '3', '1402', '新荣区'), ('140221', '3', '1402', '阳高县'), ('140222', '3', '1402', '天镇县'), ('140223', '3', '1402', '广灵县'), ('140224', '3', '1402', '灵丘县'), ('140225', '3', '1402', '浑源县'), ('140226', '3', '1402', '左云县'), ('140227', '3', '1402', '大同县'), ('140302', '3', '1403', '城区'), ('140303', '3', '1403', '矿区'), ('140311', '3', '1403', '郊区'), ('140321', '3', '1403', '平定县'), ('140322', '3', '1403', '盂县'), ('140402', '3', '1404', '城区'), ('140411', '3', '1404', '郊区'), ('140421', '3', '1404', '长治县'), ('140423', '3', '1404', '襄垣县'), ('140424', '3', '1404', '屯留县'), ('140425', '3', '1404', '平顺县'), ('140426', '3', '1404', '黎城县'), ('140427', '3', '1404', '壶关县'), ('140428', '3', '1404', '长子县'), ('140429', '3', '1404', '武乡县'), ('140430', '3', '1404', '沁县'), ('140431', '3', '1404', '沁源县'), ('140481', '3', '1404', '潞城市'), ('140502', '3', '1405', '城区'), ('140521', '3', '1405', '沁水县'), ('140522', '3', '1405', '阳城县'), ('140524', '3', '1405', '陵川县'), ('140525', '3', '1405', '泽州县'), ('140581', '3', '1405', '高平市'), ('140602', '3', '1406', '朔城区'), ('140603', '3', '1406', '平鲁区'), ('140621', '3', '1406', '山阴县'), ('140622', '3', '1406', '应县'), ('140623', '3', '1406', '右玉县'), ('140624', '3', '1406', '怀仁县'), ('140702', '3', '1407', '榆次区'), ('140721', '3', '1407', '榆社县'), ('140722', '3', '1407', '左权县'), ('140723', '3', '1407', '和顺县'), ('140724', '3', '1407', '昔阳县'), ('140725', '3', '1407', '寿阳县'), ('140726', '3', '1407', '太谷县'), ('140727', '3', '1407', '祁县'), ('140728', '3', '1407', '平遥县'), ('140729', '3', '1407', '灵石县'), ('140781', '3', '1407', '介休市'), ('140802', '3', '1408', '盐湖区'), ('140821', '3', '1408', '临猗县'), ('140822', '3', '1408', '万荣县'), ('140823', '3', '1408', '闻喜县'), ('140824', '3', '1408', '稷山县'), ('140825', '3', '1408', '新绛县'), ('140826', '3', '1408', '绛县'), ('140827', '3', '1408', '垣曲县'), ('140828', '3', '1408', '夏县'), ('140829', '3', '1408', '平陆县'), ('140830', '3', '1408', '芮城县'), ('140881', '3', '1408', '永济市'), ('140882', '3', '1408', '河津市'), ('140902', '3', '1409', '忻府区'), ('140921', '3', '1409', '定襄县'), ('140922', '3', '1409', '五台县'), ('140923', '3', '1409', '代县'), ('140924', '3', '1409', '繁峙县'), ('140925', '3', '1409', '宁武县'), ('140926', '3', '1409', '静乐县'), ('140927', '3', '1409', '神池县'), ('140928', '3', '1409', '五寨县'), ('140929', '3', '1409', '岢岚县'), ('140930', '3', '1409', '河曲县'), ('140931', '3', '1409', '保德县'), ('140932', '3', '1409', '偏关县'), ('140981', '3', '1409', '原平市'), ('141002', '3', '1410', '尧都区'), ('141021', '3', '1410', '曲沃县'), ('141022', '3', '1410', '翼城县'), ('141023', '3', '1410', '襄汾县'), ('141024', '3', '1410', '洪洞县'), ('141025', '3', '1410', '古县'), ('141026', '3', '1410', '安泽县'), ('141027', '3', '1410', '浮山县'), ('141028', '3', '1410', '吉县'), ('141029', '3', '1410', '乡宁县'), ('141030', '3', '1410', '大宁县'), ('141031', '3', '1410', '隰县'), ('141032', '3', '1410', '永和县'), ('141033', '3', '1410', '蒲县'), ('141034', '3', '1410', '汾西县'), ('141081', '3', '1410', '侯马市'), ('141082', '3', '1410', '霍州市'), ('141102', '3', '1411', '离石区'), ('141121', '3', '1411', '文水县'), ('141122', '3', '1411', '交城县'), ('141123', '3', '1411', '兴县'), ('141124', '3', '1411', '临县'), ('141125', '3', '1411', '柳林县'), ('141126', '3', '1411', '石楼县'), ('141127', '3', '1411', '岚县'), ('141128', '3', '1411', '方山县'), ('141129', '3', '1411', '中阳县'), ('141130', '3', '1411', '交口县'), ('141181', '3', '1411', '孝义市'), ('141182', '3', '1411', '汾阳市'), ('150102', '3', '1501', '新城区'), ('150103', '3', '1501', '回民区'), ('150104', '3', '1501', '玉泉区'), ('150105', '3', '1501', '赛罕区'), ('150121', '3', '1501', '土默特左旗'), ('150122', '3', '1501', '托克托县'), ('150123', '3', '1501', '和林格尔县'), ('150124', '3', '1501', '清水河县'), ('150125', '3', '1501', '武川县'), ('150202', '3', '1502', '东河区'), ('150203', '3', '1502', '昆都仑区'), ('150204', '3', '1502', '青山区'), ('150205', '3', '1502', '石拐区'), ('150206', '3', '1502', '白云鄂博矿区'), ('150207', '3', '1502', '九原区'), ('150221', '3', '1502', '土默特右旗'), ('150222', '3', '1502', '固阳县'), ('150223', '3', '1502', '达尔罕茂明安联合旗'), ('150302', '3', '1503', '海勃湾区'), ('150303', '3', '1503', '海南区'), ('150304', '3', '1503', '乌达区'), ('150402', '3', '1504', '红山区'), ('150403', '3', '1504', '元宝山区'), ('150404', '3', '1504', '松山区'), ('150421', '3', '1504', '阿鲁科尔沁旗'), ('150422', '3', '1504', '巴林左旗'), ('150423', '3', '1504', '巴林右旗'), ('150424', '3', '1504', '林西县'), ('150425', '3', '1504', '克什克腾旗'), ('150426', '3', '1504', '翁牛特旗'), ('150428', '3', '1504', '喀喇沁旗'), ('150429', '3', '1504', '宁城县'), ('150430', '3', '1504', '敖汉旗'), ('150502', '3', '1505', '科尔沁区'), ('150521', '3', '1505', '科尔沁左翼中旗'), ('150522', '3', '1505', '科尔沁左翼后旗'), ('150523', '3', '1505', '开鲁县'), ('150524', '3', '1505', '库伦旗'), ('150525', '3', '1505', '奈曼旗'), ('150526', '3', '1505', '扎鲁特旗'), ('150581', '3', '1505', '霍林郭勒市'), ('150602', '3', '1506', '东胜区'), ('150621', '3', '1506', '达拉特旗'), ('150622', '3', '1506', '准格尔旗'), ('150623', '3', '1506', '鄂托克前旗'), ('150624', '3', '1506', '鄂托克旗'), ('150625', '3', '1506', '杭锦旗'), ('150626', '3', '1506', '乌审旗'), ('150627', '3', '1506', '伊金霍洛旗'), ('150702', '3', '1507', '海拉尔区'), ('150703', '3', '1507', '扎赉诺尔区'), ('150721', '3', '1507', '阿荣旗'), ('150722', '3', '1507', '莫力达瓦达斡尔族自治旗'), ('150723', '3', '1507', '鄂伦春自治旗'), ('150724', '3', '1507', '鄂温克族自治旗'), ('150725', '3', '1507', '陈巴尔虎旗'), ('150726', '3', '1507', '新巴尔虎左旗'), ('150727', '3', '1507', '新巴尔虎右旗'), ('150781', '3', '1507', '满洲里市'), ('150782', '3', '1507', '牙克石市'), ('150783', '3', '1507', '扎兰屯市'), ('150784', '3', '1507', '额尔古纳市'), ('150785', '3', '1507', '根河市'), ('150802', '3', '1508', '临河区'), ('150821', '3', '1508', '五原县'), ('150822', '3', '1508', '磴口县'), ('150823', '3', '1508', '乌拉特前旗'), ('150824', '3', '1508', '乌拉特中旗'), ('150825', '3', '1508', '乌拉特后旗'), ('150826', '3', '1508', '杭锦后旗'), ('150902', '3', '1509', '集宁区'), ('150921', '3', '1509', '卓资县'), ('150922', '3', '1509', '化德县'), ('150923', '3', '1509', '商都县'), ('150924', '3', '1509', '兴和县'), ('150925', '3', '1509', '凉城县'), ('150926', '3', '1509', '察哈尔右翼前旗'), ('150927', '3', '1509', '察哈尔右翼中旗'), ('150928', '3', '1509', '察哈尔右翼后旗'), ('150929', '3', '1509', '四子王旗'), ('150981', '3', '1509', '丰镇市'), ('152201', '3', '1522', '乌兰浩特市'), ('152202', '3', '1522', '阿尔山市'), ('152221', '3', '1522', '科尔沁右翼前旗'), ('152222', '3', '1522', '科尔沁右翼中旗'), ('152223', '3', '1522', '扎赉特旗'), ('152224', '3', '1522', '突泉县'), ('152501', '3', '1525', '二连浩特市'), ('152502', '3', '1525', '锡林浩特市'), ('152522', '3', '1525', '阿巴嘎旗'), ('152523', '3', '1525', '苏尼特左旗'), ('152524', '3', '1525', '苏尼特右旗'), ('152525', '3', '1525', '东乌珠穆沁旗'), ('152526', '3', '1525', '西乌珠穆沁旗'), ('152527', '3', '1525', '太仆寺旗'), ('152528', '3', '1525', '镶黄旗'), ('152529', '3', '1525', '正镶白旗'), ('152530', '3', '1525', '正蓝旗'), ('152531', '3', '1525', '多伦县'), ('152921', '3', '1529', '阿拉善左旗'), ('152922', '3', '1529', '阿拉善右旗'), ('152923', '3', '1529', '额济纳旗'), ('210102', '3', '2101', '和平区'), ('210103', '3', '2101', '沈河区'), ('210104', '3', '2101', '大东区'), ('210105', '3', '2101', '皇姑区'), ('210106', '3', '2101', '铁西区'), ('210111', '3', '2101', '苏家屯区'), ('210112', '3', '2101', '浑南区'), ('210113', '3', '2101', '沈北新区'), ('210114', '3', '2101', '于洪区'), ('210122', '3', '2101', '辽中县'), ('210123', '3', '2101', '康平县'), ('210124', '3', '2101', '法库县'), ('210181', '3', '2101', '新民市'), ('210202', '3', '2102', '中山区'), ('210203', '3', '2102', '西岗区'), ('210204', '3', '2102', '沙河口区'), ('210211', '3', '2102', '甘井子区'), ('210212', '3', '2102', '旅顺口区'), ('210213', '3', '2102', '金州区'), ('210224', '3', '2102', '长海县'), ('210281', '3', '2102', '瓦房店市'), ('210282', '3', '2102', '普兰店市'), ('210283', '3', '2102', '庄河市'), ('210302', '3', '2103', '铁东区'), ('210303', '3', '2103', '铁西区'), ('210304', '3', '2103', '立山区'), ('210311', '3', '2103', '千山区'), ('210321', '3', '2103', '台安县'), ('210323', '3', '2103', '岫岩满族自治县'), ('210381', '3', '2103', '海城市'), ('210402', '3', '2104', '新抚区'), ('210403', '3', '2104', '东洲区'), ('210404', '3', '2104', '望花区'), ('210411', '3', '2104', '顺城区'), ('210421', '3', '2104', '抚顺县'), ('210422', '3', '2104', '新宾满族自治县'), ('210423', '3', '2104', '清原满族自治县'), ('210502', '3', '2105', '平山区'), ('210503', '3', '2105', '溪湖区'), ('210504', '3', '2105', '明山区'), ('210505', '3', '2105', '南芬区'), ('210521', '3', '2105', '本溪满族自治县'), ('210522', '3', '2105', '桓仁满族自治县'), ('210602', '3', '2106', '元宝区'), ('210603', '3', '2106', '振兴区'), ('210604', '3', '2106', '振安区'), ('210624', '3', '2106', '宽甸满族自治县'), ('210681', '3', '2106', '东港市'), ('210682', '3', '2106', '凤城市'), ('210702', '3', '2107', '古塔区'), ('210703', '3', '2107', '凌河区'), ('210711', '3', '2107', '太和区'), ('210726', '3', '2107', '黑山县'), ('210727', '3', '2107', '义县'), ('210781', '3', '2107', '凌海市'), ('210782', '3', '2107', '北镇市'), ('210802', '3', '2108', '站前区'), ('210803', '3', '2108', '西市区'), ('210804', '3', '2108', '鲅鱼圈区'), ('210811', '3', '2108', '老边区'), ('210881', '3', '2108', '盖州市'), ('210882', '3', '2108', '大石桥市'), ('210902', '3', '2109', '海州区'), ('210903', '3', '2109', '新邱区'), ('210904', '3', '2109', '太平区'), ('210905', '3', '2109', '清河门区'), ('210911', '3', '2109', '细河区'), ('210921', '3', '2109', '阜新蒙古族自治县'), ('210922', '3', '2109', '彰武县'), ('211002', '3', '2110', '白塔区'), ('211003', '3', '2110', '文圣区'), ('211004', '3', '2110', '宏伟区'), ('211005', '3', '2110', '弓长岭区'), ('211011', '3', '2110', '太子河区'), ('211021', '3', '2110', '辽阳县'), ('211081', '3', '2110', '灯塔市'), ('211102', '3', '2111', '双台子区'), ('211103', '3', '2111', '兴隆台区'), ('211121', '3', '2111', '大洼县'), ('211122', '3', '2111', '盘山县'), ('211202', '3', '2112', '银州区'), ('211204', '3', '2112', '清河区'), ('211221', '3', '2112', '铁岭县'), ('211223', '3', '2112', '西丰县'), ('211224', '3', '2112', '昌图县'), ('211281', '3', '2112', '调兵山市'), ('211282', '3', '2112', '开原市'), ('211302', '3', '2113', '双塔区'), ('211303', '3', '2113', '龙城区'), ('211321', '3', '2113', '朝阳县'), ('211322', '3', '2113', '建平县'), ('211324', '3', '2113', '喀喇沁左翼蒙古族自治县'), ('211381', '3', '2113', '北票市'), ('211382', '3', '2113', '凌源市'), ('211402', '3', '2114', '连山区'), ('211403', '3', '2114', '龙港区'), ('211404', '3', '2114', '南票区'), ('211421', '3', '2114', '绥中县'), ('211422', '3', '2114', '建昌县'), ('211481', '3', '2114', '兴城市'), ('220102', '3', '2201', '南关区'), ('220103', '3', '2201', '宽城区'), ('220104', '3', '2201', '朝阳区'), ('220105', '3', '2201', '二道区'), ('220106', '3', '2201', '绿园区'), ('220112', '3', '2201', '双阳区'), ('220113', '3', '2201', '九台区'), ('220122', '3', '2201', '农安县'), ('220182', '3', '2201', '榆树市'), ('220183', '3', '2201', '德惠市'), ('220202', '3', '2202', '昌邑区'), ('220203', '3', '2202', '龙潭区'), ('220204', '3', '2202', '船营区'), ('220211', '3', '2202', '丰满区'), ('220221', '3', '2202', '永吉县'), ('220281', '3', '2202', '蛟河市'), ('220282', '3', '2202', '桦甸市'), ('220283', '3', '2202', '舒兰市'), ('220284', '3', '2202', '磐石市'), ('220302', '3', '2203', '铁西区'), ('220303', '3', '2203', '铁东区'), ('220322', '3', '2203', '梨树县'), ('220323', '3', '2203', '伊通满族自治县'), ('220381', '3', '2203', '公主岭市'), ('220382', '3', '2203', '双辽市'), ('220402', '3', '2204', '龙山区'), ('220403', '3', '2204', '西安区'), ('220421', '3', '2204', '东丰县'), ('220422', '3', '2204', '东辽县'), ('220502', '3', '2205', '东昌区'), ('220503', '3', '2205', '二道江区'), ('220521', '3', '2205', '通化县'), ('220523', '3', '2205', '辉南县'), ('220524', '3', '2205', '柳河县'), ('220581', '3', '2205', '梅河口市'), ('220582', '3', '2205', '集安市'), ('220602', '3', '2206', '浑江区'), ('220605', '3', '2206', '江源区'), ('220621', '3', '2206', '抚松县'), ('220622', '3', '2206', '靖宇县'), ('220623', '3', '2206', '长白朝鲜族自治县'), ('220681', '3', '2206', '临江市'), ('220702', '3', '2207', '宁江区'), ('220721', '3', '2207', '前郭尔罗斯蒙古族自治县'), ('220722', '3', '2207', '长岭县'), ('220723', '3', '2207', '乾安县'), ('220781', '3', '2207', '扶余市'), ('220802', '3', '2208', '洮北区'), ('220821', '3', '2208', '镇赉县'), ('220822', '3', '2208', '通榆县'), ('220881', '3', '2208', '洮南市'), ('220882', '3', '2208', '大安市'), ('222401', '3', '2224', '延吉市'), ('222402', '3', '2224', '图们市'), ('222403', '3', '2224', '敦化市'), ('222404', '3', '2224', '珲春市'), ('222405', '3', '2224', '龙井市'), ('222406', '3', '2224', '和龙市'), ('222424', '3', '2224', '汪清县'), ('222426', '3', '2224', '安图县'), ('230102', '3', '2301', '道里区'), ('230103', '3', '2301', '南岗区'), ('230104', '3', '2301', '道外区'), ('230108', '3', '2301', '平房区'), ('230109', '3', '2301', '松北区'), ('230110', '3', '2301', '香坊区'), ('230111', '3', '2301', '呼兰区'), ('230112', '3', '2301', '阿城区'), ('230113', '3', '2301', '双城区'), ('230123', '3', '2301', '依兰县'), ('230124', '3', '2301', '方正县'), ('230125', '3', '2301', '宾县'), ('230126', '3', '2301', '巴彦县'), ('230127', '3', '2301', '木兰县'), ('230128', '3', '2301', '通河县'), ('230129', '3', '2301', '延寿县'), ('230183', '3', '2301', '尚志市'), ('230184', '3', '2301', '五常市'), ('230202', '3', '2302', '龙沙区'), ('230203', '3', '2302', '建华区'), ('230204', '3', '2302', '铁锋区'), ('230205', '3', '2302', '昂昂溪区'), ('230206', '3', '2302', '富拉尔基区'), ('230207', '3', '2302', '碾子山区'), ('230208', '3', '2302', '梅里斯达斡尔族区'), ('230221', '3', '2302', '龙江县'), ('230223', '3', '2302', '依安县'), ('230224', '3', '2302', '泰来县'), ('230225', '3', '2302', '甘南县'), ('230227', '3', '2302', '富裕县'), ('230229', '3', '2302', '克山县'), ('230230', '3', '2302', '克东县'), ('230231', '3', '2302', '拜泉县'), ('230281', '3', '2302', '讷河市'), ('230302', '3', '2303', '鸡冠区'), ('230303', '3', '2303', '恒山区'), ('230304', '3', '2303', '滴道区'), ('230305', '3', '2303', '梨树区'), ('230306', '3', '2303', '城子河区'), ('230307', '3', '2303', '麻山区'), ('230321', '3', '2303', '鸡东县'), ('230381', '3', '2303', '虎林市'), ('230382', '3', '2303', '密山市'), ('230402', '3', '2304', '向阳区'), ('230403', '3', '2304', '工农区'), ('230404', '3', '2304', '南山区'), ('230405', '3', '2304', '兴安区'), ('230406', '3', '2304', '东山区'), ('230407', '3', '2304', '兴山区'), ('230421', '3', '2304', '萝北县'), ('230422', '3', '2304', '绥滨县'), ('230502', '3', '2305', '尖山区'), ('230503', '3', '2305', '岭东区'), ('230505', '3', '2305', '四方台区'), ('230506', '3', '2305', '宝山区'), ('230521', '3', '2305', '集贤县'), ('230522', '3', '2305', '友谊县'), ('230523', '3', '2305', '宝清县'), ('230524', '3', '2305', '饶河县'), ('230602', '3', '2306', '萨尔图区'), ('230603', '3', '2306', '龙凤区'), ('230604', '3', '2306', '让胡路区'), ('230605', '3', '2306', '红岗区'), ('230606', '3', '2306', '大同区'), ('230621', '3', '2306', '肇州县'), ('230622', '3', '2306', '肇源县'), ('230623', '3', '2306', '林甸县'), ('230624', '3', '2306', '杜尔伯特蒙古族自治县'), ('230702', '3', '2307', '伊春区'), ('230703', '3', '2307', '南岔区'), ('230704', '3', '2307', '友好区'), ('230705', '3', '2307', '西林区'), ('230706', '3', '2307', '翠峦区'), ('230707', '3', '2307', '新青区'), ('230708', '3', '2307', '美溪区'), ('230709', '3', '2307', '金山屯区'), ('230710', '3', '2307', '五营区'), ('230711', '3', '2307', '乌马河区'), ('230712', '3', '2307', '汤旺河区'), ('230713', '3', '2307', '带岭区'), ('230714', '3', '2307', '乌伊岭区'), ('230715', '3', '2307', '红星区'), ('230716', '3', '2307', '上甘岭区'), ('230722', '3', '2307', '嘉荫县'), ('230781', '3', '2307', '铁力市'), ('230803', '3', '2308', '向阳区'), ('230804', '3', '2308', '前进区'), ('230805', '3', '2308', '东风区'), ('230811', '3', '2308', '郊区'), ('230822', '3', '2308', '桦南县'), ('230826', '3', '2308', '桦川县'), ('230828', '3', '2308', '汤原县'), ('230833', '3', '2308', '抚远县'), ('230881', '3', '2308', '同江市'), ('230882', '3', '2308', '富锦市'), ('230902', '3', '2309', '新兴区'), ('230903', '3', '2309', '桃山区'), ('230904', '3', '2309', '茄子河区'), ('230921', '3', '2309', '勃利县'), ('231002', '3', '2310', '东安区'), ('231003', '3', '2310', '阳明区'), ('231004', '3', '2310', '爱民区'), ('231005', '3', '2310', '西安区'), ('231024', '3', '2310', '东宁县'), ('231025', '3', '2310', '林口县'), ('231081', '3', '2310', '绥芬河市'), ('231083', '3', '2310', '海林市'), ('231084', '3', '2310', '宁安市'), ('231085', '3', '2310', '穆棱市'), ('231102', '3', '2311', '爱辉区'), ('231121', '3', '2311', '嫩江县'), ('231123', '3', '2311', '逊克县'), ('231124', '3', '2311', '孙吴县'), ('231181', '3', '2311', '北安市'), ('231182', '3', '2311', '五大连池市'), ('231202', '3', '2312', '北林区'), ('231221', '3', '2312', '望奎县'), ('231222', '3', '2312', '兰西县'), ('231223', '3', '2312', '青冈县'), ('231224', '3', '2312', '庆安县'), ('231225', '3', '2312', '明水县'), ('231226', '3', '2312', '绥棱县'), ('231281', '3', '2312', '安达市'), ('231282', '3', '2312', '肇东市'), ('231283', '3', '2312', '海伦市'), ('232721', '3', '2327', '呼玛县'), ('232722', '3', '2327', '塔河县'), ('232723', '3', '2327', '漠河县'), ('310101', '3', '3101', '黄浦区'), ('310104', '3', '3101', '徐汇区'), ('310105', '3', '3101', '长宁区'), ('310106', '3', '3101', '静安区'), ('310107', '3', '3101', '普陀区'), ('310108', '3', '3101', '闸北区'), ('310109', '3', '3101', '虹口区'), ('310110', '3', '3101', '杨浦区'), ('310112', '3', '3101', '闵行区'), ('310113', '3', '3101', '宝山区'), ('310114', '3', '3101', '嘉定区'), ('310115', '3', '3101', '浦东新区'), ('310116', '3', '3101', '金山区'), ('310117', '3', '3101', '松江区'), ('310118', '3', '3101', '青浦区'), ('310120', '3', '3101', '奉贤区'), ('310130', '3', '3101', '崇明县'), ('320102', '3', '3201', '玄武区'), ('320104', '3', '3201', '秦淮区'), ('320105', '3', '3201', '建邺区'), ('320106', '3', '3201', '鼓楼区'), ('320111', '3', '3201', '浦口区'), ('320113', '3', '3201', '栖霞区'), ('320114', '3', '3201', '雨花台区'), ('320115', '3', '3201', '江宁区'), ('320116', '3', '3201', '六合区'), ('320117', '3', '3201', '溧水区'), ('320118', '3', '3201', '高淳区'), ('320202', '3', '3202', '崇安区'), ('320203', '3', '3202', '南长区'), ('320204', '3', '3202', '北塘区'), ('320205', '3', '3202', '锡山区'), ('320206', '3', '3202', '惠山区'), ('320211', '3', '3202', '滨湖区'), ('320281', '3', '3202', '江阴市'), ('320282', '3', '3202', '宜兴市'), ('320302', '3', '3203', '鼓楼区'), ('320303', '3', '3203', '云龙区'), ('320305', '3', '3203', '贾汪区'), ('320311', '3', '3203', '泉山区'), ('320312', '3', '3203', '铜山区'), ('320321', '3', '3203', '丰县'), ('320322', '3', '3203', '沛县'), ('320324', '3', '3203', '睢宁县'), ('320381', '3', '3203', '新沂市'), ('320382', '3', '3203', '邳州市'), ('320402', '3', '3204', '天宁区'), ('320404', '3', '3204', '钟楼区'), ('320411', '3', '3204', '新北区'), ('320412', '3', '3204', '武进区'), ('320413', '3', '3204', '金坛区'), ('320481', '3', '3204', '溧阳市'), ('320505', '3', '3205', '虎丘区'), ('320506', '3', '3205', '吴中区'), ('320507', '3', '3205', '相城区'), ('320508', '3', '3205', '姑苏区'), ('320509', '3', '3205', '吴江区'), ('320581', '3', '3205', '常熟市'), ('320582', '3', '3205', '张家港市'), ('320583', '3', '3205', '昆山市'), ('320585', '3', '3205', '太仓市'), ('320602', '3', '3206', '崇川区'), ('320611', '3', '3206', '港闸区'), ('320612', '3', '3206', '通州区'), ('320621', '3', '3206', '海安县'), ('320623', '3', '3206', '如东县'), ('320681', '3', '3206', '启东市'), ('320682', '3', '3206', '如皋市'), ('320684', '3', '3206', '海门市'), ('320703', '3', '3207', '连云区'), ('320706', '3', '3207', '海州区'), ('320707', '3', '3207', '赣榆区'), ('320722', '3', '3207', '东海县'), ('320723', '3', '3207', '灌云县'), ('320724', '3', '3207', '灌南县'), ('320802', '3', '3208', '清河区'), ('320803', '3', '3208', '淮安区'), ('320804', '3', '3208', '淮阴区'), ('320811', '3', '3208', '清浦区'), ('320826', '3', '3208', '涟水县'), ('320829', '3', '3208', '洪泽县'), ('320830', '3', '3208', '盱眙县'), ('320831', '3', '3208', '金湖县'), ('320902', '3', '3209', '亭湖区'), ('320903', '3', '3209', '盐都区'), ('320904', '3', '3209', '大丰区'), ('320921', '3', '3209', '响水县'), ('320922', '3', '3209', '滨海县'), ('320923', '3', '3209', '阜宁县'), ('320924', '3', '3209', '射阳县'), ('320925', '3', '3209', '建湖县'), ('320981', '3', '3209', '东台市'), ('321002', '3', '3210', '广陵区'), ('321003', '3', '3210', '邗江区'), ('321012', '3', '3210', '江都区'), ('321023', '3', '3210', '宝应县'), ('321081', '3', '3210', '仪征市'), ('321084', '3', '3210', '高邮市'), ('321102', '3', '3211', '京口区'), ('321111', '3', '3211', '润州区'), ('321112', '3', '3211', '丹徒区'), ('321181', '3', '3211', '丹阳市'), ('321182', '3', '3211', '扬中市'), ('321183', '3', '3211', '句容市'), ('321202', '3', '3212', '海陵区'), ('321203', '3', '3212', '高港区'), ('321204', '3', '3212', '姜堰区'), ('321281', '3', '3212', '兴化市'), ('321282', '3', '3212', '靖江市'), ('321283', '3', '3212', '泰兴市'), ('321302', '3', '3213', '宿城区'), ('321311', '3', '3213', '宿豫区'), ('321322', '3', '3213', '沭阳县'), ('321323', '3', '3213', '泗阳县'), ('321324', '3', '3213', '泗洪县'), ('330102', '3', '3301', '上城区'), ('330103', '3', '3301', '下城区'), ('330104', '3', '3301', '江干区'), ('330105', '3', '3301', '拱墅区'), ('330106', '3', '3301', '西湖区'), ('330108', '3', '3301', '滨江区'), ('330109', '3', '3301', '萧山区'), ('330110', '3', '3301', '余杭区'), ('330111', '3', '3301', '富阳区'), ('330122', '3', '3301', '桐庐县'), ('330127', '3', '3301', '淳安县'), ('330182', '3', '3301', '建德市'), ('330185', '3', '3301', '临安市'), ('330203', '3', '3302', '海曙区'), ('330204', '3', '3302', '江东区'), ('330205', '3', '3302', '江北区'), ('330206', '3', '3302', '北仑区'), ('330211', '3', '3302', '镇海区'), ('330212', '3', '3302', '鄞州区'), ('330225', '3', '3302', '象山县'), ('330226', '3', '3302', '宁海县'), ('330281', '3', '3302', '余姚市'), ('330282', '3', '3302', '慈溪市'), ('330283', '3', '3302', '奉化市'), ('330302', '3', '3303', '鹿城区'), ('330303', '3', '3303', '龙湾区'), ('330304', '3', '3303', '瓯海区'), ('330305', '3', '3303', '洞头区'), ('330324', '3', '3303', '永嘉县'), ('330326', '3', '3303', '平阳县'), ('330327', '3', '3303', '苍南县'), ('330328', '3', '3303', '文成县'), ('330329', '3', '3303', '泰顺县'), ('330381', '3', '3303', '瑞安市'), ('330382', '3', '3303', '乐清市'), ('330402', '3', '3304', '南湖区'), ('330411', '3', '3304', '秀洲区'), ('330421', '3', '3304', '嘉善县'), ('330424', '3', '3304', '海盐县'), ('330481', '3', '3304', '海宁市'), ('330482', '3', '3304', '平湖市'), ('330483', '3', '3304', '桐乡市'), ('330502', '3', '3305', '吴兴区'), ('330503', '3', '3305', '南浔区'), ('330521', '3', '3305', '德清县'), ('330522', '3', '3305', '长兴县'), ('330523', '3', '3305', '安吉县'), ('330602', '3', '3306', '越城区'), ('330603', '3', '3306', '柯桥区'), ('330604', '3', '3306', '上虞区'), ('330624', '3', '3306', '新昌县'), ('330681', '3', '3306', '诸暨市'), ('330683', '3', '3306', '嵊州市'), ('330702', '3', '3307', '婺城区'), ('330703', '3', '3307', '金东区'), ('330723', '3', '3307', '武义县'), ('330726', '3', '3307', '浦江县'), ('330727', '3', '3307', '磐安县'), ('330781', '3', '3307', '兰溪市'), ('330782', '3', '3307', '义乌市'), ('330783', '3', '3307', '东阳市'), ('330784', '3', '3307', '永康市'), ('330802', '3', '3308', '柯城区'), ('330803', '3', '3308', '衢江区'), ('330822', '3', '3308', '常山县'), ('330824', '3', '3308', '开化县'), ('330825', '3', '3308', '龙游县'), ('330881', '3', '3308', '江山市'), ('330902', '3', '3309', '定海区'), ('330903', '3', '3309', '普陀区'), ('330921', '3', '3309', '岱山县'), ('330922', '3', '3309', '嵊泗县'), ('331002', '3', '3310', '椒江区'), ('331003', '3', '3310', '黄岩区'), ('331004', '3', '3310', '路桥区'), ('331021', '3', '3310', '玉环县'), ('331022', '3', '3310', '三门县'), ('331023', '3', '3310', '天台县'), ('331024', '3', '3310', '仙居县'), ('331081', '3', '3310', '温岭市'), ('331082', '3', '3310', '临海市'), ('331102', '3', '3311', '莲都区'), ('331121', '3', '3311', '青田县'), ('331122', '3', '3311', '缙云县'), ('331123', '3', '3311', '遂昌县'), ('331124', '3', '3311', '松阳县'), ('331125', '3', '3311', '云和县'), ('331126', '3', '3311', '庆元县'), ('331127', '3', '3311', '景宁畲族自治县'), ('331181', '3', '3311', '龙泉市'), ('340102', '3', '3401', '瑶海区'), ('340103', '3', '3401', '庐阳区'), ('340104', '3', '3401', '蜀山区'), ('340111', '3', '3401', '包河区'), ('340121', '3', '3401', '长丰县'), ('340122', '3', '3401', '肥东县'), ('340123', '3', '3401', '肥西县'), ('340124', '3', '3401', '庐江县'), ('340181', '3', '3401', '巢湖市'), ('340202', '3', '3402', '镜湖区'), ('340203', '3', '3402', '弋江区'), ('340207', '3', '3402', '鸠江区'), ('340208', '3', '3402', '三山区'), ('340221', '3', '3402', '芜湖县'), ('340222', '3', '3402', '繁昌县'), ('340223', '3', '3402', '南陵县'), ('340225', '3', '3402', '无为县'), ('340302', '3', '3403', '龙子湖区'), ('340303', '3', '3403', '蚌山区'), ('340304', '3', '3403', '禹会区'), ('340311', '3', '3403', '淮上区'), ('340321', '3', '3403', '怀远县'), ('340322', '3', '3403', '五河县'), ('340323', '3', '3403', '固镇县'), ('340402', '3', '3404', '大通区'), ('340403', '3', '3404', '田家庵区'), ('340404', '3', '3404', '谢家集区'), ('340405', '3', '3404', '八公山区'), ('340406', '3', '3404', '潘集区'), ('340421', '3', '3404', '凤台县'), ('340503', '3', '3405', '花山区'), ('340504', '3', '3405', '雨山区'), ('340506', '3', '3405', '博望区'), ('340521', '3', '3405', '当涂县'), ('340522', '3', '3405', '含山县'), ('340523', '3', '3405', '和县'), ('340602', '3', '3406', '杜集区'), ('340603', '3', '3406', '相山区'), ('340604', '3', '3406', '烈山区'), ('340621', '3', '3406', '濉溪县'), ('340702', '3', '3407', '铜官山区'), ('340703', '3', '3407', '狮子山区'), ('340711', '3', '3407', '郊区'), ('340721', '3', '3407', '铜陵县'), ('340802', '3', '3408', '迎江区'), ('340803', '3', '3408', '大观区'), ('340811', '3', '3408', '宜秀区'), ('340822', '3', '3408', '怀宁县'), ('340823', '3', '3408', '枞阳县'), ('340824', '3', '3408', '潜山县'), ('340825', '3', '3408', '太湖县'), ('340826', '3', '3408', '宿松县'), ('340827', '3', '3408', '望江县'), ('340828', '3', '3408', '岳西县'), ('340881', '3', '3408', '桐城市'), ('341002', '3', '3410', '屯溪区'), ('341003', '3', '3410', '黄山区'), ('341004', '3', '3410', '徽州区'), ('341021', '3', '3410', '歙县'), ('341022', '3', '3410', '休宁县'), ('341023', '3', '3410', '黟县'), ('341024', '3', '3410', '祁门县'), ('341102', '3', '3411', '琅琊区'), ('341103', '3', '3411', '南谯区'), ('341122', '3', '3411', '来安县'), ('341124', '3', '3411', '全椒县'), ('341125', '3', '3411', '定远县'), ('341126', '3', '3411', '凤阳县'), ('341181', '3', '3411', '天长市'), ('341182', '3', '3411', '明光市'), ('341202', '3', '3412', '颍州区'), ('341203', '3', '3412', '颍东区'), ('341204', '3', '3412', '颍泉区'), ('341221', '3', '3412', '临泉县'), ('341222', '3', '3412', '太和县'), ('341225', '3', '3412', '阜南县'), ('341226', '3', '3412', '颍上县'), ('341282', '3', '3412', '界首市'), ('341302', '3', '3413', '埇桥区'), ('341321', '3', '3413', '砀山县'), ('341322', '3', '3413', '萧县'), ('341323', '3', '3413', '灵璧县'), ('341324', '3', '3413', '泗县'), ('341502', '3', '3415', '金安区'), ('341503', '3', '3415', '裕安区'), ('341521', '3', '3415', '寿县'), ('341522', '3', '3415', '霍邱县'), ('341523', '3', '3415', '舒城县'), ('341524', '3', '3415', '金寨县'), ('341525', '3', '3415', '霍山县'), ('341602', '3', '3416', '谯城区'), ('341621', '3', '3416', '涡阳县'), ('341622', '3', '3416', '蒙城县'), ('341623', '3', '3416', '利辛县'), ('341702', '3', '3417', '贵池区'), ('341721', '3', '3417', '东至县'), ('341722', '3', '3417', '石台县'), ('341723', '3', '3417', '青阳县'), ('341802', '3', '3418', '宣州区'), ('341821', '3', '3418', '郎溪县'), ('341822', '3', '3418', '广德县'), ('341823', '3', '3418', '泾县'), ('341824', '3', '3418', '绩溪县'), ('341825', '3', '3418', '旌德县'), ('341881', '3', '3418', '宁国市'), ('350102', '3', '3501', '鼓楼区'), ('350103', '3', '3501', '台江区'), ('350104', '3', '3501', '仓山区'), ('350105', '3', '3501', '马尾区'), ('350111', '3', '3501', '晋安区'), ('350121', '3', '3501', '闽侯县'), ('350122', '3', '3501', '连江县'), ('350123', '3', '3501', '罗源县'), ('350124', '3', '3501', '闽清县'), ('350125', '3', '3501', '永泰县'), ('350128', '3', '3501', '平潭县'), ('350181', '3', '3501', '福清市'), ('350182', '3', '3501', '长乐市'), ('350203', '3', '3502', '思明区'), ('350205', '3', '3502', '海沧区'), ('350206', '3', '3502', '湖里区'), ('350211', '3', '3502', '集美区'), ('350212', '3', '3502', '同安区'), ('350213', '3', '3502', '翔安区'), ('350302', '3', '3503', '城厢区'), ('350303', '3', '3503', '涵江区'), ('350304', '3', '3503', '荔城区'), ('350305', '3', '3503', '秀屿区'), ('350322', '3', '3503', '仙游县'), ('350402', '3', '3504', '梅列区'), ('350403', '3', '3504', '三元区'), ('350421', '3', '3504', '明溪县'), ('350423', '3', '3504', '清流县'), ('350424', '3', '3504', '宁化县'), ('350425', '3', '3504', '大田县'), ('350426', '3', '3504', '尤溪县'), ('350427', '3', '3504', '沙县'), ('350428', '3', '3504', '将乐县'), ('350429', '3', '3504', '泰宁县'), ('350430', '3', '3504', '建宁县'), ('350481', '3', '3504', '永安市'), ('350502', '3', '3505', '鲤城区'), ('350503', '3', '3505', '丰泽区'), ('350504', '3', '3505', '洛江区'), ('350505', '3', '3505', '泉港区'), ('350521', '3', '3505', '惠安县'), ('350524', '3', '3505', '安溪县'), ('350525', '3', '3505', '永春县'), ('350526', '3', '3505', '德化县'), ('350527', '3', '3505', '金门县'), ('350581', '3', '3505', '石狮市'), ('350582', '3', '3505', '晋江市'), ('350583', '3', '3505', '南安市'), ('350602', '3', '3506', '芗城区'), ('350603', '3', '3506', '龙文区'), ('350622', '3', '3506', '云霄县'), ('350623', '3', '3506', '漳浦县'), ('350624', '3', '3506', '诏安县'), ('350625', '3', '3506', '长泰县'), ('350626', '3', '3506', '东山县'), ('350627', '3', '3506', '南靖县'), ('350628', '3', '3506', '平和县'), ('350629', '3', '3506', '华安县'), ('350681', '3', '3506', '龙海市'), ('350702', '3', '3507', '延平区'), ('350703', '3', '3507', '建阳区'), ('350721', '3', '3507', '顺昌县'), ('350722', '3', '3507', '浦城县'), ('350723', '3', '3507', '光泽县'), ('350724', '3', '3507', '松溪县'), ('350725', '3', '3507', '政和县'), ('350781', '3', '3507', '邵武市'), ('350782', '3', '3507', '武夷山市'), ('350783', '3', '3507', '建瓯市'), ('350802', '3', '3508', '新罗区'), ('350803', '3', '3508', '永定区'), ('350821', '3', '3508', '长汀县'), ('350823', '3', '3508', '上杭县'), ('350824', '3', '3508', '武平县'), ('350825', '3', '3508', '连城县'), ('350881', '3', '3508', '漳平市'), ('350902', '3', '3509', '蕉城区'), ('350921', '3', '3509', '霞浦县'), ('350922', '3', '3509', '古田县'), ('350923', '3', '3509', '屏南县'), ('350924', '3', '3509', '寿宁县'), ('350925', '3', '3509', '周宁县'), ('350926', '3', '3509', '柘荣县'), ('350981', '3', '3509', '福安市'), ('350982', '3', '3509', '福鼎市'), ('360102', '3', '3601', '东湖区'), ('360103', '3', '3601', '西湖区'), ('360104', '3', '3601', '青云谱区'), ('360105', '3', '3601', '湾里区'), ('360111', '3', '3601', '青山湖区'), ('360112', '3', '3601', '新建区'), ('360121', '3', '3601', '南昌县'), ('360123', '3', '3601', '安义县'), ('360124', '3', '3601', '进贤县'), ('360202', '3', '3602', '昌江区'), ('360203', '3', '3602', '珠山区'), ('360222', '3', '3602', '浮梁县'), ('360281', '3', '3602', '乐平市'), ('360302', '3', '3603', '安源区'), ('360313', '3', '3603', '湘东区'), ('360321', '3', '3603', '莲花县'), ('360322', '3', '3603', '上栗县'), ('360323', '3', '3603', '芦溪县'), ('360402', '3', '3604', '庐山区'), ('360403', '3', '3604', '浔阳区'), ('360421', '3', '3604', '九江县'), ('360423', '3', '3604', '武宁县'), ('360424', '3', '3604', '修水县'), ('360425', '3', '3604', '永修县'), ('360426', '3', '3604', '德安县'), ('360427', '3', '3604', '星子县'), ('360428', '3', '3604', '都昌县'), ('360429', '3', '3604', '湖口县'), ('360430', '3', '3604', '彭泽县'), ('360481', '3', '3604', '瑞昌市'), ('360482', '3', '3604', '共青城市'), ('360502', '3', '3605', '渝水区'), ('360521', '3', '3605', '分宜县'), ('360602', '3', '3606', '月湖区'), ('360622', '3', '3606', '余江县'), ('360681', '3', '3606', '贵溪市'), ('360702', '3', '3607', '章贡区'), ('360703', '3', '3607', '南康区'), ('360721', '3', '3607', '赣县'), ('360722', '3', '3607', '信丰县'), ('360723', '3', '3607', '大余县'), ('360724', '3', '3607', '上犹县'), ('360725', '3', '3607', '崇义县'), ('360726', '3', '3607', '安远县'), ('360727', '3', '3607', '龙南县'), ('360728', '3', '3607', '定南县'), ('360729', '3', '3607', '全南县'), ('360730', '3', '3607', '宁都县'), ('360731', '3', '3607', '于都县'), ('360732', '3', '3607', '兴国县'), ('360733', '3', '3607', '会昌县'), ('360734', '3', '3607', '寻乌县'), ('360735', '3', '3607', '石城县'), ('360781', '3', '3607', '瑞金市'), ('360802', '3', '3608', '吉州区'), ('360803', '3', '3608', '青原区'), ('360821', '3', '3608', '吉安县'), ('360822', '3', '3608', '吉水县'), ('360823', '3', '3608', '峡江县'), ('360824', '3', '3608', '新干县'), ('360825', '3', '3608', '永丰县'), ('360826', '3', '3608', '泰和县'), ('360827', '3', '3608', '遂川县'), ('360828', '3', '3608', '万安县'), ('360829', '3', '3608', '安福县'), ('360830', '3', '3608', '永新县'), ('360881', '3', '3608', '井冈山市'), ('360902', '3', '3609', '袁州区'), ('360921', '3', '3609', '奉新县'), ('360922', '3', '3609', '万载县'), ('360923', '3', '3609', '上高县'), ('360924', '3', '3609', '宜丰县'), ('360925', '3', '3609', '靖安县'), ('360926', '3', '3609', '铜鼓县'), ('360981', '3', '3609', '丰城市'), ('360982', '3', '3609', '樟树市'), ('360983', '3', '3609', '高安市'), ('361002', '3', '3610', '临川区'), ('361021', '3', '3610', '南城县'), ('361022', '3', '3610', '黎川县'), ('361023', '3', '3610', '南丰县'), ('361024', '3', '3610', '崇仁县'), ('361025', '3', '3610', '乐安县'), ('361026', '3', '3610', '宜黄县'), ('361027', '3', '3610', '金溪县'), ('361028', '3', '3610', '资溪县'), ('361029', '3', '3610', '东乡县'), ('361030', '3', '3610', '广昌县'), ('361102', '3', '3611', '信州区'), ('361103', '3', '3611', '广丰区'), ('361121', '3', '3611', '上饶县'), ('361123', '3', '3611', '玉山县'), ('361124', '3', '3611', '铅山县'), ('361125', '3', '3611', '横峰县'), ('361126', '3', '3611', '弋阳县'), ('361127', '3', '3611', '余干县'), ('361128', '3', '3611', '鄱阳县'), ('361129', '3', '3611', '万年县'), ('361130', '3', '3611', '婺源县'), ('361181', '3', '3611', '德兴市'), ('370102', '3', '3701', '历下区'), ('370103', '3', '3701', '市中区'), ('370104', '3', '3701', '槐荫区'), ('370105', '3', '3701', '天桥区'), ('370112', '3', '3701', '历城区'), ('370113', '3', '3701', '长清区'), ('370124', '3', '3701', '平阴县'), ('370125', '3', '3701', '济阳县'), ('370126', '3', '3701', '商河县'), ('370181', '3', '3701', '章丘市'), ('370202', '3', '3702', '市南区'), ('370203', '3', '3702', '市北区'), ('370211', '3', '3702', '黄岛区'), ('370212', '3', '3702', '崂山区'), ('370213', '3', '3702', '李沧区'), ('370214', '3', '3702', '城阳区'), ('370281', '3', '3702', '胶州市'), ('370282', '3', '3702', '即墨市'), ('370283', '3', '3702', '平度市'), ('370285', '3', '3702', '莱西市'), ('370302', '3', '3703', '淄川区'), ('370303', '3', '3703', '张店区'), ('370304', '3', '3703', '博山区'), ('370305', '3', '3703', '临淄区'), ('370306', '3', '3703', '周村区'), ('370321', '3', '3703', '桓台县'), ('370322', '3', '3703', '高青县'), ('370323', '3', '3703', '沂源县'), ('370402', '3', '3704', '市中区'), ('370403', '3', '3704', '薛城区'), ('370404', '3', '3704', '峄城区'), ('370405', '3', '3704', '台儿庄区'), ('370406', '3', '3704', '山亭区'), ('370481', '3', '3704', '滕州市'), ('370502', '3', '3705', '东营区'), ('370503', '3', '3705', '河口区'), ('370521', '3', '3705', '垦利县'), ('370522', '3', '3705', '利津县'), ('370523', '3', '3705', '广饶县'), ('370602', '3', '3706', '芝罘区'), ('370611', '3', '3706', '福山区'), ('370612', '3', '3706', '牟平区'), ('370613', '3', '3706', '莱山区'), ('370634', '3', '3706', '长岛县'), ('370681', '3', '3706', '龙口市'), ('370682', '3', '3706', '莱阳市'), ('370683', '3', '3706', '莱州市'), ('370684', '3', '3706', '蓬莱市'), ('370685', '3', '3706', '招远市'), ('370686', '3', '3706', '栖霞市'), ('370687', '3', '3706', '海阳市'), ('370702', '3', '3707', '潍城区'), ('370703', '3', '3707', '寒亭区'), ('370704', '3', '3707', '坊子区'), ('370705', '3', '3707', '奎文区'), ('370724', '3', '3707', '临朐县'), ('370725', '3', '3707', '昌乐县'), ('370781', '3', '3707', '青州市'), ('370782', '3', '3707', '诸城市'), ('370783', '3', '3707', '寿光市'), ('370784', '3', '3707', '安丘市'), ('370785', '3', '3707', '高密市'), ('370786', '3', '3707', '昌邑市'), ('370811', '3', '3708', '任城区'), ('370812', '3', '3708', '兖州区'), ('370826', '3', '3708', '微山县'), ('370827', '3', '3708', '鱼台县'), ('370828', '3', '3708', '金乡县'), ('370829', '3', '3708', '嘉祥县'), ('370830', '3', '3708', '汶上县'), ('370831', '3', '3708', '泗水县'), ('370832', '3', '3708', '梁山县'), ('370881', '3', '3708', '曲阜市'), ('370883', '3', '3708', '邹城市'), ('370902', '3', '3709', '泰山区'), ('370911', '3', '3709', '岱岳区'), ('370921', '3', '3709', '宁阳县'), ('370923', '3', '3709', '东平县'), ('370982', '3', '3709', '新泰市'), ('370983', '3', '3709', '肥城市'), ('371002', '3', '3710', '环翠区'), ('371003', '3', '3710', '文登区'), ('371082', '3', '3710', '荣成市'), ('371083', '3', '3710', '乳山市'), ('371102', '3', '3711', '东港区'), ('371103', '3', '3711', '岚山区'), ('371121', '3', '3711', '五莲县'), ('371122', '3', '3711', '莒县'), ('371202', '3', '3712', '莱城区'), ('371203', '3', '3712', '钢城区'), ('371302', '3', '3713', '兰山区'), ('371311', '3', '3713', '罗庄区'), ('371312', '3', '3713', '河东区'), ('371321', '3', '3713', '沂南县'), ('371322', '3', '3713', '郯城县'), ('371323', '3', '3713', '沂水县'), ('371324', '3', '3713', '兰陵县'), ('371325', '3', '3713', '费县'), ('371326', '3', '3713', '平邑县'), ('371327', '3', '3713', '莒南县'), ('371328', '3', '3713', '蒙阴县'), ('371329', '3', '3713', '临沭县'), ('371402', '3', '3714', '德城区'), ('371403', '3', '3714', '陵城区'), ('371422', '3', '3714', '宁津县'), ('371423', '3', '3714', '庆云县'), ('371424', '3', '3714', '临邑县'), ('371425', '3', '3714', '齐河县'), ('371426', '3', '3714', '平原县'), ('371427', '3', '3714', '夏津县'), ('371428', '3', '3714', '武城县'), ('371481', '3', '3714', '乐陵市'), ('371482', '3', '3714', '禹城市'), ('371502', '3', '3715', '东昌府区'), ('371521', '3', '3715', '阳谷县'), ('371522', '3', '3715', '莘县'), ('371523', '3', '3715', '茌平县'), ('371524', '3', '3715', '东阿县'), ('371525', '3', '3715', '冠县'), ('371526', '3', '3715', '高唐县'), ('371581', '3', '3715', '临清市'), ('371602', '3', '3716', '滨城区'), ('371603', '3', '3716', '沾化区'), ('371621', '3', '3716', '惠民县'), ('371622', '3', '3716', '阳信县'), ('371623', '3', '3716', '无棣县'), ('371625', '3', '3716', '博兴县'), ('371626', '3', '3716', '邹平县'), ('371702', '3', '3717', '牡丹区'), ('371721', '3', '3717', '曹县'), ('371722', '3', '3717', '单县'), ('371723', '3', '3717', '成武县'), ('371724', '3', '3717', '巨野县'), ('371725', '3', '3717', '郓城县'), ('371726', '3', '3717', '鄄城县'), ('371727', '3', '3717', '定陶县'), ('371728', '3', '3717', '东明县'), ('410102', '3', '4101', '中原区'), ('410103', '3', '4101', '二七区'), ('410104', '3', '4101', '管城回族区'), ('410105', '3', '4101', '金水区'), ('410106', '3', '4101', '上街区'), ('410108', '3', '4101', '惠济区'), ('410122', '3', '4101', '中牟县'), ('410181', '3', '4101', '巩义市'), ('410182', '3', '4101', '荥阳市'), ('410183', '3', '4101', '新密市'), ('410184', '3', '4101', '新郑市'), ('410185', '3', '4101', '登封市'), ('410202', '3', '4102', '龙亭区'), ('410203', '3', '4102', '顺河回族区'), ('410204', '3', '4102', '鼓楼区'), ('410205', '3', '4102', '禹王台区'), ('410211', '3', '4102', '金明区'), ('410212', '3', '4102', '祥符区'), ('410221', '3', '4102', '杞县'), ('410222', '3', '4102', '通许县'), ('410223', '3', '4102', '尉氏县'), ('410225', '3', '4102', '兰考县'), ('410302', '3', '4103', '老城区'), ('410303', '3', '4103', '西工区'), ('410304', '3', '4103', '瀍河回族区'), ('410305', '3', '4103', '涧西区'), ('410306', '3', '4103', '吉利区'), ('410311', '3', '4103', '洛龙区'), ('410322', '3', '4103', '孟津县'), ('410323', '3', '4103', '新安县'), ('410324', '3', '4103', '栾川县'), ('410325', '3', '4103', '嵩县'), ('410326', '3', '4103', '汝阳县'), ('410327', '3', '4103', '宜阳县'), ('410328', '3', '4103', '洛宁县'), ('410329', '3', '4103', '伊川县'), ('410381', '3', '4103', '偃师市'), ('410402', '3', '4104', '新华区'), ('410403', '3', '4104', '卫东区'), ('410404', '3', '4104', '石龙区'), ('410411', '3', '4104', '湛河区'), ('410421', '3', '4104', '宝丰县'), ('410422', '3', '4104', '叶县'), ('410423', '3', '4104', '鲁山县'), ('410425', '3', '4104', '郏县'), ('410481', '3', '4104', '舞钢市'), ('410482', '3', '4104', '汝州市'), ('410502', '3', '4105', '文峰区'), ('410503', '3', '4105', '北关区'), ('410505', '3', '4105', '殷都区'), ('410506', '3', '4105', '龙安区'), ('410522', '3', '4105', '安阳县'), ('410523', '3', '4105', '汤阴县'), ('410526', '3', '4105', '滑县'), ('410527', '3', '4105', '内黄县'), ('410581', '3', '4105', '林州市'), ('410602', '3', '4106', '鹤山区'), ('410603', '3', '4106', '山城区'), ('410611', '3', '4106', '淇滨区'), ('410621', '3', '4106', '浚县'), ('410622', '3', '4106', '淇县'), ('410702', '3', '4107', '红旗区'), ('410703', '3', '4107', '卫滨区'), ('410704', '3', '4107', '凤泉区'), ('410711', '3', '4107', '牧野区'), ('410721', '3', '4107', '新乡县'), ('410724', '3', '4107', '获嘉县'), ('410725', '3', '4107', '原阳县'), ('410726', '3', '4107', '延津县'), ('410727', '3', '4107', '封丘县'), ('410728', '3', '4107', '长垣县'), ('410781', '3', '4107', '卫辉市'), ('410782', '3', '4107', '辉县市'), ('410802', '3', '4108', '解放区'), ('410803', '3', '4108', '中站区'), ('410804', '3', '4108', '马村区'), ('410811', '3', '4108', '山阳区'), ('410821', '3', '4108', '修武县'), ('410822', '3', '4108', '博爱县'), ('410823', '3', '4108', '武陟县'), ('410825', '3', '4108', '温县'), ('410882', '3', '4108', '沁阳市'), ('410883', '3', '4108', '孟州市'), ('410902', '3', '4109', '华龙区'), ('410922', '3', '4109', '清丰县'), ('410923', '3', '4109', '南乐县'), ('410926', '3', '4109', '范县'), ('410927', '3', '4109', '台前县'), ('410928', '3', '4109', '濮阳县'), ('411002', '3', '4110', '魏都区'), ('411023', '3', '4110', '许昌县'), ('411024', '3', '4110', '鄢陵县'), ('411025', '3', '4110', '襄城县'), ('411081', '3', '4110', '禹州市'), ('411082', '3', '4110', '长葛市'), ('411102', '3', '4111', '源汇区'), ('411103', '3', '4111', '郾城区'), ('411104', '3', '4111', '召陵区'), ('411121', '3', '4111', '舞阳县'), ('411122', '3', '4111', '临颍县'), ('411202', '3', '4112', '湖滨区'), ('411221', '3', '4112', '渑池县'), ('411222', '3', '4112', '陕县'), ('411224', '3', '4112', '卢氏县'), ('411281', '3', '4112', '义马市'), ('411282', '3', '4112', '灵宝市'), ('411302', '3', '4113', '宛城区'), ('411303', '3', '4113', '卧龙区'), ('411321', '3', '4113', '南召县'), ('411322', '3', '4113', '方城县'), ('411323', '3', '4113', '西峡县'), ('411324', '3', '4113', '镇平县'), ('411325', '3', '4113', '内乡县'), ('411326', '3', '4113', '淅川县'), ('411327', '3', '4113', '社旗县'), ('411328', '3', '4113', '唐河县'), ('411329', '3', '4113', '新野县'), ('411330', '3', '4113', '桐柏县'), ('411381', '3', '4113', '邓州市'), ('411402', '3', '4114', '梁园区'), ('411403', '3', '4114', '睢阳区'), ('411421', '3', '4114', '民权县'), ('411422', '3', '4114', '睢县'), ('411423', '3', '4114', '宁陵县'), ('411424', '3', '4114', '柘城县'), ('411425', '3', '4114', '虞城县'), ('411426', '3', '4114', '夏邑县'), ('411481', '3', '4114', '永城市'), ('411502', '3', '4115', '浉河区'), ('411503', '3', '4115', '平桥区'), ('411521', '3', '4115', '罗山县'), ('411522', '3', '4115', '光山县'), ('411523', '3', '4115', '新县'), ('411524', '3', '4115', '商城县'), ('411525', '3', '4115', '固始县'), ('411526', '3', '4115', '潢川县'), ('411527', '3', '4115', '淮滨县'), ('411528', '3', '4115', '息县'), ('411602', '3', '4116', '川汇区'), ('411621', '3', '4116', '扶沟县'), ('411622', '3', '4116', '西华县'), ('411623', '3', '4116', '商水县'), ('411624', '3', '4116', '沈丘县'), ('411625', '3', '4116', '郸城县'), ('411626', '3', '4116', '淮阳县'), ('411627', '3', '4116', '太康县'), ('411628', '3', '4116', '鹿邑县'), ('411681', '3', '4116', '项城市'), ('411702', '3', '4117', '驿城区'), ('411721', '3', '4117', '西平县'), ('411722', '3', '4117', '上蔡县'), ('411723', '3', '4117', '平舆县'), ('411724', '3', '4117', '正阳县'), ('411725', '3', '4117', '确山县'), ('411726', '3', '4117', '泌阳县'), ('411727', '3', '4117', '汝南县'), ('411728', '3', '4117', '遂平县'), ('411729', '3', '4117', '新蔡县'), ('419001', '3', '4190', '济源市'), ('420102', '3', '4201', '江岸区'), ('420103', '3', '4201', '江汉区'), ('420104', '3', '4201', '硚口区'), ('420105', '3', '4201', '汉阳区'), ('420106', '3', '4201', '武昌区'), ('420107', '3', '4201', '青山区'), ('420111', '3', '4201', '洪山区'), ('420112', '3', '4201', '东西湖区'), ('420113', '3', '4201', '汉南区'), ('420114', '3', '4201', '蔡甸区'), ('420115', '3', '4201', '江夏区'), ('420116', '3', '4201', '黄陂区'), ('420117', '3', '4201', '新洲区'), ('420202', '3', '4202', '黄石港区'), ('420203', '3', '4202', '西塞山区'), ('420204', '3', '4202', '下陆区'), ('420205', '3', '4202', '铁山区'), ('420222', '3', '4202', '阳新县'), ('420281', '3', '4202', '大冶市'), ('420302', '3', '4203', '茅箭区'), ('420303', '3', '4203', '张湾区'), ('420304', '3', '4203', '郧阳区'), ('420322', '3', '4203', '郧西县'), ('420323', '3', '4203', '竹山县'), ('420324', '3', '4203', '竹溪县'), ('420325', '3', '4203', '房县'), ('420381', '3', '4203', '丹江口市'), ('420502', '3', '4205', '西陵区'), ('420503', '3', '4205', '伍家岗区'), ('420504', '3', '4205', '点军区'), ('420505', '3', '4205', '猇亭区'), ('420506', '3', '4205', '夷陵区'), ('420525', '3', '4205', '远安县'), ('420526', '3', '4205', '兴山县'), ('420527', '3', '4205', '秭归县'), ('420528', '3', '4205', '长阳土家族自治县'), ('420529', '3', '4205', '五峰土家族自治县'), ('420581', '3', '4205', '宜都市'), ('420582', '3', '4205', '当阳市'), ('420583', '3', '4205', '枝江市'), ('420602', '3', '4206', '襄城区'), ('420606', '3', '4206', '樊城区'), ('420607', '3', '4206', '襄州区'), ('420624', '3', '4206', '南漳县'), ('420625', '3', '4206', '谷城县'), ('420626', '3', '4206', '保康县'), ('420682', '3', '4206', '老河口市'), ('420683', '3', '4206', '枣阳市'), ('420684', '3', '4206', '宜城市'), ('420702', '3', '4207', '梁子湖区'), ('420703', '3', '4207', '华容区'), ('420704', '3', '4207', '鄂城区'), ('420802', '3', '4208', '东宝区'), ('420804', '3', '4208', '掇刀区'), ('420821', '3', '4208', '京山县'), ('420822', '3', '4208', '沙洋县'), ('420881', '3', '4208', '钟祥市'), ('420902', '3', '4209', '孝南区'), ('420921', '3', '4209', '孝昌县'), ('420922', '3', '4209', '大悟县'), ('420923', '3', '4209', '云梦县'), ('420981', '3', '4209', '应城市'), ('420982', '3', '4209', '安陆市'), ('420984', '3', '4209', '汉川市'), ('421002', '3', '4210', '沙市区'), ('421003', '3', '4210', '荆州区'), ('421022', '3', '4210', '公安县'), ('421023', '3', '4210', '监利县'), ('421024', '3', '4210', '江陵县'), ('421081', '3', '4210', '石首市'), ('421083', '3', '4210', '洪湖市'), ('421087', '3', '4210', '松滋市'), ('421102', '3', '4211', '黄州区'), ('421121', '3', '4211', '团风县'), ('421122', '3', '4211', '红安县'), ('421123', '3', '4211', '罗田县'), ('421124', '3', '4211', '英山县'), ('421125', '3', '4211', '浠水县'), ('421126', '3', '4211', '蕲春县'), ('421127', '3', '4211', '黄梅县'), ('421181', '3', '4211', '麻城市'), ('421182', '3', '4211', '武穴市'), ('421202', '3', '4212', '咸安区'), ('421221', '3', '4212', '嘉鱼县'), ('421222', '3', '4212', '通城县'), ('421223', '3', '4212', '崇阳县'), ('421224', '3', '4212', '通山县'), ('421281', '3', '4212', '赤壁市'), ('421303', '3', '4213', '曾都区'), ('421321', '3', '4213', '随县'), ('421381', '3', '4213', '广水市'), ('422801', '3', '4228', '恩施市'), ('422802', '3', '4228', '利川市'), ('422822', '3', '4228', '建始县'), ('422823', '3', '4228', '巴东县'), ('422825', '3', '4228', '宣恩县'), ('422826', '3', '4228', '咸丰县'), ('422827', '3', '4228', '来凤县'), ('422828', '3', '4228', '鹤峰县'), ('429004', '3', '4290', '仙桃市'), ('429005', '3', '4290', '潜江市'), ('429006', '3', '4290', '天门市'), ('429021', '3', '4290', '神农架林区'), ('430102', '3', '4301', '芙蓉区'), ('430103', '3', '4301', '天心区'), ('430104', '3', '4301', '岳麓区'), ('430105', '3', '4301', '开福区'), ('430111', '3', '4301', '雨花区'), ('430112', '3', '4301', '望城区'), ('430121', '3', '4301', '长沙县'), ('430124', '3', '4301', '宁乡县'), ('430181', '3', '4301', '浏阳市'), ('430202', '3', '4302', '荷塘区'), ('430203', '3', '4302', '芦淞区'), ('430204', '3', '4302', '石峰区'), ('430211', '3', '4302', '天元区'), ('430221', '3', '4302', '株洲县'), ('430223', '3', '4302', '攸县'), ('430224', '3', '4302', '茶陵县'), ('430225', '3', '4302', '炎陵县'), ('430281', '3', '4302', '醴陵市'), ('430302', '3', '4303', '雨湖区'), ('430304', '3', '4303', '岳塘区'), ('430321', '3', '4303', '湘潭县'), ('430381', '3', '4303', '湘乡市'), ('430382', '3', '4303', '韶山市'), ('430405', '3', '4304', '珠晖区'), ('430406', '3', '4304', '雁峰区'), ('430407', '3', '4304', '石鼓区'), ('430408', '3', '4304', '蒸湘区'), ('430412', '3', '4304', '南岳区'), ('430421', '3', '4304', '衡阳县'), ('430422', '3', '4304', '衡南县'), ('430423', '3', '4304', '衡山县'), ('430424', '3', '4304', '衡东县'), ('430426', '3', '4304', '祁东县'), ('430481', '3', '4304', '耒阳市'), ('430482', '3', '4304', '常宁市'), ('430502', '3', '4305', '双清区'), ('430503', '3', '4305', '大祥区'), ('430511', '3', '4305', '北塔区'), ('430521', '3', '4305', '邵东县'), ('430522', '3', '4305', '新邵县'), ('430523', '3', '4305', '邵阳县'), ('430524', '3', '4305', '隆回县'), ('430525', '3', '4305', '洞口县'), ('430527', '3', '4305', '绥宁县'), ('430528', '3', '4305', '新宁县'), ('430529', '3', '4305', '城步苗族自治县'), ('430581', '3', '4305', '武冈市'), ('430602', '3', '4306', '岳阳楼区'), ('430603', '3', '4306', '云溪区'), ('430611', '3', '4306', '君山区'), ('430621', '3', '4306', '岳阳县'), ('430623', '3', '4306', '华容县'), ('430624', '3', '4306', '湘阴县'), ('430626', '3', '4306', '平江县'), ('430681', '3', '4306', '汨罗市'), ('430682', '3', '4306', '临湘市'), ('430702', '3', '4307', '武陵区'), ('430703', '3', '4307', '鼎城区'), ('430721', '3', '4307', '安乡县'), ('430722', '3', '4307', '汉寿县'), ('430723', '3', '4307', '澧县'), ('430724', '3', '4307', '临澧县'), ('430725', '3', '4307', '桃源县'), ('430726', '3', '4307', '石门县'), ('430781', '3', '4307', '津市市'), ('430802', '3', '4308', '永定区'), ('430811', '3', '4308', '武陵源区'), ('430821', '3', '4308', '慈利县'), ('430822', '3', '4308', '桑植县'), ('430902', '3', '4309', '资阳区'), ('430903', '3', '4309', '赫山区'), ('430921', '3', '4309', '南县'), ('430922', '3', '4309', '桃江县'), ('430923', '3', '4309', '安化县'), ('430981', '3', '4309', '沅江市'), ('431002', '3', '4310', '北湖区'), ('431003', '3', '4310', '苏仙区'), ('431021', '3', '4310', '桂阳县'), ('431022', '3', '4310', '宜章县'), ('431023', '3', '4310', '永兴县'), ('431024', '3', '4310', '嘉禾县'), ('431025', '3', '4310', '临武县'), ('431026', '3', '4310', '汝城县'), ('431027', '3', '4310', '桂东县'), ('431028', '3', '4310', '安仁县'), ('431081', '3', '4310', '资兴市'), ('431102', '3', '4311', '零陵区'), ('431103', '3', '4311', '冷水滩区'), ('431121', '3', '4311', '祁阳县'), ('431122', '3', '4311', '东安县'), ('431123', '3', '4311', '双牌县'), ('431124', '3', '4311', '道县'), ('431125', '3', '4311', '江永县'), ('431126', '3', '4311', '宁远县'), ('431127', '3', '4311', '蓝山县'), ('431128', '3', '4311', '新田县'), ('431129', '3', '4311', '江华瑶族自治县'), ('431202', '3', '4312', '鹤城区'), ('431221', '3', '4312', '中方县'), ('431222', '3', '4312', '沅陵县'), ('431223', '3', '4312', '辰溪县');
INSERT INTO `base_city` VALUES ('431224', '3', '4312', '溆浦县'), ('431225', '3', '4312', '会同县'), ('431226', '3', '4312', '麻阳苗族自治县'), ('431227', '3', '4312', '新晃侗族自治县'), ('431228', '3', '4312', '芷江侗族自治县'), ('431229', '3', '4312', '靖州苗族侗族自治县'), ('431230', '3', '4312', '通道侗族自治县'), ('431281', '3', '4312', '洪江市'), ('431302', '3', '4313', '娄星区'), ('431321', '3', '4313', '双峰县'), ('431322', '3', '4313', '新化县'), ('431381', '3', '4313', '冷水江市'), ('431382', '3', '4313', '涟源市'), ('433101', '3', '4331', '吉首市'), ('433122', '3', '4331', '泸溪县'), ('433123', '3', '4331', '凤凰县'), ('433124', '3', '4331', '花垣县'), ('433125', '3', '4331', '保靖县'), ('433126', '3', '4331', '古丈县'), ('433127', '3', '4331', '永顺县'), ('433130', '3', '4331', '龙山县'), ('440103', '3', '4401', '荔湾区'), ('440104', '3', '4401', '越秀区'), ('440105', '3', '4401', '海珠区'), ('440106', '3', '4401', '天河区'), ('440111', '3', '4401', '白云区'), ('440112', '3', '4401', '黄埔区'), ('440113', '3', '4401', '番禺区'), ('440114', '3', '4401', '花都区'), ('440115', '3', '4401', '南沙区'), ('440117', '3', '4401', '从化区'), ('440118', '3', '4401', '增城区'), ('440203', '3', '4402', '武江区'), ('440204', '3', '4402', '浈江区'), ('440205', '3', '4402', '曲江区'), ('440222', '3', '4402', '始兴县'), ('440224', '3', '4402', '仁化县'), ('440229', '3', '4402', '翁源县'), ('440232', '3', '4402', '乳源瑶族自治县'), ('440233', '3', '4402', '新丰县'), ('440281', '3', '4402', '乐昌市'), ('440282', '3', '4402', '南雄市'), ('440303', '3', '4403', '罗湖区'), ('440304', '3', '4403', '福田区'), ('440305', '3', '4403', '南山区'), ('440306', '3', '4403', '宝安区'), ('440307', '3', '4403', '龙岗区'), ('440308', '3', '4403', '盐田区'), ('440402', '3', '4404', '香洲区'), ('440403', '3', '4404', '斗门区'), ('440404', '3', '4404', '金湾区'), ('440507', '3', '4405', '龙湖区'), ('440511', '3', '4405', '金平区'), ('440512', '3', '4405', '濠江区'), ('440513', '3', '4405', '潮阳区'), ('440514', '3', '4405', '潮南区'), ('440515', '3', '4405', '澄海区'), ('440523', '3', '4405', '南澳县'), ('440604', '3', '4406', '禅城区'), ('440605', '3', '4406', '南海区'), ('440606', '3', '4406', '顺德区'), ('440607', '3', '4406', '三水区'), ('440608', '3', '4406', '高明区'), ('440703', '3', '4407', '蓬江区'), ('440704', '3', '4407', '江海区'), ('440705', '3', '4407', '新会区'), ('440781', '3', '4407', '台山市'), ('440783', '3', '4407', '开平市'), ('440784', '3', '4407', '鹤山市'), ('440785', '3', '4407', '恩平市'), ('440802', '3', '4408', '赤坎区'), ('440803', '3', '4408', '霞山区'), ('440804', '3', '4408', '坡头区'), ('440811', '3', '4408', '麻章区'), ('440823', '3', '4408', '遂溪县'), ('440825', '3', '4408', '徐闻县'), ('440881', '3', '4408', '廉江市'), ('440882', '3', '4408', '雷州市'), ('440883', '3', '4408', '吴川市'), ('440902', '3', '4409', '茂南区'), ('440904', '3', '4409', '电白区'), ('440981', '3', '4409', '高州市'), ('440982', '3', '4409', '化州市'), ('440983', '3', '4409', '信宜市'), ('441202', '3', '4412', '端州区'), ('441203', '3', '4412', '鼎湖区'), ('441204', '3', '4412', '高要区'), ('441223', '3', '4412', '广宁县'), ('441224', '3', '4412', '怀集县'), ('441225', '3', '4412', '封开县'), ('441226', '3', '4412', '德庆县'), ('441284', '3', '4412', '四会市'), ('441302', '3', '4413', '惠城区'), ('441303', '3', '4413', '惠阳区'), ('441322', '3', '4413', '博罗县'), ('441323', '3', '4413', '惠东县'), ('441324', '3', '4413', '龙门县'), ('441402', '3', '4414', '梅江区'), ('441403', '3', '4414', '梅县区'), ('441422', '3', '4414', '大埔县'), ('441423', '3', '4414', '丰顺县'), ('441424', '3', '4414', '五华县'), ('441426', '3', '4414', '平远县'), ('441427', '3', '4414', '蕉岭县'), ('441481', '3', '4414', '兴宁市'), ('441502', '3', '4415', '城区'), ('441521', '3', '4415', '海丰县'), ('441523', '3', '4415', '陆河县'), ('441581', '3', '4415', '陆丰市'), ('441602', '3', '4416', '源城区'), ('441621', '3', '4416', '紫金县'), ('441622', '3', '4416', '龙川县'), ('441623', '3', '4416', '连平县'), ('441624', '3', '4416', '和平县'), ('441625', '3', '4416', '东源县'), ('441702', '3', '4417', '江城区'), ('441704', '3', '4417', '阳东区'), ('441721', '3', '4417', '阳西县'), ('441781', '3', '4417', '阳春市'), ('441802', '3', '4418', '清城区'), ('441803', '3', '4418', '清新区'), ('441821', '3', '4418', '佛冈县'), ('441823', '3', '4418', '阳山县'), ('441825', '3', '4418', '连山壮族瑶族自治县'), ('441826', '3', '4418', '连南瑶族自治县'), ('441881', '3', '4418', '英德市'), ('441882', '3', '4418', '连州市'), ('445102', '3', '4451', '湘桥区'), ('445103', '3', '4451', '潮安区'), ('445122', '3', '4451', '饶平县'), ('445202', '3', '4452', '榕城区'), ('445203', '3', '4452', '揭东区'), ('445222', '3', '4452', '揭西县'), ('445224', '3', '4452', '惠来县'), ('445281', '3', '4452', '普宁市'), ('445302', '3', '4453', '云城区'), ('445303', '3', '4453', '云安区'), ('445321', '3', '4453', '新兴县'), ('445322', '3', '4453', '郁南县'), ('445381', '3', '4453', '罗定市'), ('450102', '3', '4501', '兴宁区'), ('450103', '3', '4501', '青秀区'), ('450105', '3', '4501', '江南区'), ('450107', '3', '4501', '西乡塘区'), ('450108', '3', '4501', '良庆区'), ('450109', '3', '4501', '邕宁区'), ('450110', '3', '4501', '武鸣区'), ('450123', '3', '4501', '隆安县'), ('450124', '3', '4501', '马山县'), ('450125', '3', '4501', '上林县'), ('450126', '3', '4501', '宾阳县'), ('450127', '3', '4501', '横县'), ('450202', '3', '4502', '城中区'), ('450203', '3', '4502', '鱼峰区'), ('450204', '3', '4502', '柳南区'), ('450205', '3', '4502', '柳北区'), ('450221', '3', '4502', '柳江县'), ('450222', '3', '4502', '柳城县'), ('450223', '3', '4502', '鹿寨县'), ('450224', '3', '4502', '融安县'), ('450225', '3', '4502', '融水苗族自治县'), ('450226', '3', '4502', '三江侗族自治县'), ('450302', '3', '4503', '秀峰区'), ('450303', '3', '4503', '叠彩区'), ('450304', '3', '4503', '象山区'), ('450305', '3', '4503', '七星区'), ('450311', '3', '4503', '雁山区'), ('450312', '3', '4503', '临桂区'), ('450321', '3', '4503', '阳朔县'), ('450323', '3', '4503', '灵川县'), ('450324', '3', '4503', '全州县'), ('450325', '3', '4503', '兴安县'), ('450326', '3', '4503', '永福县'), ('450327', '3', '4503', '灌阳县'), ('450328', '3', '4503', '龙胜各族自治县'), ('450329', '3', '4503', '资源县'), ('450330', '3', '4503', '平乐县'), ('450331', '3', '4503', '荔浦县'), ('450332', '3', '4503', '恭城瑶族自治县'), ('450403', '3', '4504', '万秀区'), ('450405', '3', '4504', '长洲区'), ('450406', '3', '4504', '龙圩区'), ('450421', '3', '4504', '苍梧县'), ('450422', '3', '4504', '藤县'), ('450423', '3', '4504', '蒙山县'), ('450481', '3', '4504', '岑溪市'), ('450502', '3', '4505', '海城区'), ('450503', '3', '4505', '银海区'), ('450512', '3', '4505', '铁山港区'), ('450521', '3', '4505', '合浦县'), ('450602', '3', '4506', '港口区'), ('450603', '3', '4506', '防城区'), ('450621', '3', '4506', '上思县'), ('450681', '3', '4506', '东兴市'), ('450702', '3', '4507', '钦南区'), ('450703', '3', '4507', '钦北区'), ('450721', '3', '4507', '灵山县'), ('450722', '3', '4507', '浦北县'), ('450802', '3', '4508', '港北区'), ('450803', '3', '4508', '港南区'), ('450804', '3', '4508', '覃塘区'), ('450821', '3', '4508', '平南县'), ('450881', '3', '4508', '桂平市'), ('450902', '3', '4509', '玉州区'), ('450903', '3', '4509', '福绵区'), ('450921', '3', '4509', '容县'), ('450922', '3', '4509', '陆川县'), ('450923', '3', '4509', '博白县'), ('450924', '3', '4509', '兴业县'), ('450981', '3', '4509', '北流市'), ('451002', '3', '4510', '右江区'), ('451021', '3', '4510', '田阳县'), ('451022', '3', '4510', '田东县'), ('451023', '3', '4510', '平果县'), ('451024', '3', '4510', '德保县'), ('451026', '3', '4510', '那坡县'), ('451027', '3', '4510', '凌云县'), ('451028', '3', '4510', '乐业县'), ('451029', '3', '4510', '田林县'), ('451030', '3', '4510', '西林县'), ('451031', '3', '4510', '隆林各族自治县'), ('451081', '3', '4510', '靖西市'), ('451102', '3', '4511', '八步区'), ('451121', '3', '4511', '昭平县'), ('451122', '3', '4511', '钟山县'), ('451123', '3', '4511', '富川瑶族自治县'), ('451202', '3', '4512', '金城江区'), ('451221', '3', '4512', '南丹县'), ('451222', '3', '4512', '天峨县'), ('451223', '3', '4512', '凤山县'), ('451224', '3', '4512', '东兰县'), ('451225', '3', '4512', '罗城仫佬族自治县'), ('451226', '3', '4512', '环江毛南族自治县'), ('451227', '3', '4512', '巴马瑶族自治县'), ('451228', '3', '4512', '都安瑶族自治县'), ('451229', '3', '4512', '大化瑶族自治县'), ('451281', '3', '4512', '宜州市'), ('451302', '3', '4513', '兴宾区'), ('451321', '3', '4513', '忻城县'), ('451322', '3', '4513', '象州县'), ('451323', '3', '4513', '武宣县'), ('451324', '3', '4513', '金秀瑶族自治县'), ('451381', '3', '4513', '合山市'), ('451402', '3', '4514', '江州区'), ('451421', '3', '4514', '扶绥县'), ('451422', '3', '4514', '宁明县'), ('451423', '3', '4514', '龙州县'), ('451424', '3', '4514', '大新县'), ('451425', '3', '4514', '天等县'), ('451481', '3', '4514', '凭祥市'), ('460105', '3', '4601', '秀英区'), ('460106', '3', '4601', '龙华区'), ('460107', '3', '4601', '琼山区'), ('460108', '3', '4601', '美兰区'), ('460202', '3', '4602', '海棠区'), ('460203', '3', '4602', '吉阳区'), ('460204', '3', '4602', '天涯区'), ('460205', '3', '4602', '崖州区'), ('460321', '3', '4603', '西沙群岛'), ('460322', '3', '4603', '南沙群岛'), ('460323', '3', '4603', '中沙群岛的岛礁及其海域'), ('469001', '3', '4690', '五指山市'), ('469002', '3', '4690', '琼海市'), ('469003', '3', '4690', '儋州市'), ('469005', '3', '4690', '文昌市'), ('469006', '3', '4690', '万宁市'), ('469007', '3', '4690', '东方市'), ('469021', '3', '4690', '定安县'), ('469022', '3', '4690', '屯昌县'), ('469023', '3', '4690', '澄迈县'), ('469024', '3', '4690', '临高县'), ('469025', '3', '4690', '白沙黎族自治县'), ('469026', '3', '4690', '昌江黎族自治县'), ('469027', '3', '4690', '乐东黎族自治县'), ('469028', '3', '4690', '陵水黎族自治县'), ('469029', '3', '4690', '保亭黎族苗族自治县'), ('469030', '3', '4690', '琼中黎族苗族自治县'), ('500101', '3', '5001', '万州区'), ('500102', '3', '5001', '涪陵区'), ('500103', '3', '5001', '渝中区'), ('500104', '3', '5001', '大渡口区'), ('500105', '3', '5001', '江北区'), ('500106', '3', '5001', '沙坪坝区'), ('500107', '3', '5001', '九龙坡区'), ('500108', '3', '5001', '南岸区'), ('500109', '3', '5001', '北碚区'), ('500110', '3', '5001', '綦江区'), ('500111', '3', '5001', '大足区'), ('500112', '3', '5001', '渝北区'), ('500113', '3', '5001', '巴南区'), ('500114', '3', '5001', '黔江区'), ('500115', '3', '5001', '长寿区'), ('500116', '3', '5001', '江津区'), ('500117', '3', '5001', '合川区'), ('500118', '3', '5001', '永川区'), ('500119', '3', '5001', '南川区'), ('500120', '3', '5001', '璧山区'), ('500128', '3', '5001', '梁平县'), ('500129', '3', '5001', '城口县'), ('500130', '3', '5001', '丰都县'), ('500131', '3', '5001', '垫江县'), ('500132', '3', '5001', '武隆县'), ('500133', '3', '5001', '忠县'), ('500134', '3', '5001', '开县'), ('500135', '3', '5001', '云阳县'), ('500136', '3', '5001', '奉节县'), ('500137', '3', '5001', '巫山县'), ('500138', '3', '5001', '巫溪县'), ('500140', '3', '5001', '石柱土家族自治县'), ('500141', '3', '5001', '秀山土家族苗族自治县'), ('500142', '3', '5001', '酉阳土家族苗族自治县'), ('500143', '3', '5001', '彭水苗族土家族自治县'), ('500151', '3', '5001', '铜梁区'), ('500152', '3', '5001', '潼南区'), ('500153', '3', '5001', '荣昌区'), ('510104', '3', '5101', '锦江区'), ('510105', '3', '5101', '青羊区'), ('510106', '3', '5101', '金牛区'), ('510107', '3', '5101', '武侯区'), ('510108', '3', '5101', '成华区'), ('510112', '3', '5101', '龙泉驿区'), ('510113', '3', '5101', '青白江区'), ('510114', '3', '5101', '新都区'), ('510115', '3', '5101', '温江区'), ('510121', '3', '5101', '金堂县'), ('510122', '3', '5101', '双流县'), ('510124', '3', '5101', '郫县'), ('510129', '3', '5101', '大邑县'), ('510131', '3', '5101', '蒲江县'), ('510132', '3', '5101', '新津县'), ('510181', '3', '5101', '都江堰市'), ('510182', '3', '5101', '彭州市'), ('510183', '3', '5101', '邛崃市'), ('510184', '3', '5101', '崇州市'), ('510302', '3', '5103', '自流井区'), ('510303', '3', '5103', '贡井区'), ('510304', '3', '5103', '大安区'), ('510311', '3', '5103', '沿滩区'), ('510321', '3', '5103', '荣县'), ('510322', '3', '5103', '富顺县'), ('510402', '3', '5104', '东区'), ('510403', '3', '5104', '西区'), ('510411', '3', '5104', '仁和区'), ('510421', '3', '5104', '米易县'), ('510422', '3', '5104', '盐边县'), ('510502', '3', '5105', '江阳区'), ('510503', '3', '5105', '纳溪区'), ('510504', '3', '5105', '龙马潭区'), ('510521', '3', '5105', '泸县'), ('510522', '3', '5105', '合江县'), ('510524', '3', '5105', '叙永县'), ('510525', '3', '5105', '古蔺县'), ('510603', '3', '5106', '旌阳区'), ('510623', '3', '5106', '中江县'), ('510626', '3', '5106', '罗江县'), ('510681', '3', '5106', '广汉市'), ('510682', '3', '5106', '什邡市'), ('510683', '3', '5106', '绵竹市'), ('510703', '3', '5107', '涪城区'), ('510704', '3', '5107', '游仙区'), ('510722', '3', '5107', '三台县'), ('510723', '3', '5107', '盐亭县'), ('510724', '3', '5107', '安县'), ('510725', '3', '5107', '梓潼县'), ('510726', '3', '5107', '北川羌族自治县'), ('510727', '3', '5107', '平武县'), ('510781', '3', '5107', '江油市'), ('510802', '3', '5108', '利州区'), ('510811', '3', '5108', '昭化区'), ('510812', '3', '5108', '朝天区'), ('510821', '3', '5108', '旺苍县'), ('510822', '3', '5108', '青川县'), ('510823', '3', '5108', '剑阁县'), ('510824', '3', '5108', '苍溪县'), ('510903', '3', '5109', '船山区'), ('510904', '3', '5109', '安居区'), ('510921', '3', '5109', '蓬溪县'), ('510922', '3', '5109', '射洪县'), ('510923', '3', '5109', '大英县'), ('511002', '3', '5110', '市中区'), ('511011', '3', '5110', '东兴区'), ('511024', '3', '5110', '威远县'), ('511025', '3', '5110', '资中县'), ('511028', '3', '5110', '隆昌县'), ('511102', '3', '5111', '市中区'), ('511111', '3', '5111', '沙湾区'), ('511112', '3', '5111', '五通桥区'), ('511113', '3', '5111', '金口河区'), ('511123', '3', '5111', '犍为县'), ('511124', '3', '5111', '井研县'), ('511126', '3', '5111', '夹江县'), ('511129', '3', '5111', '沐川县'), ('511132', '3', '5111', '峨边彝族自治县'), ('511133', '3', '5111', '马边彝族自治县'), ('511181', '3', '5111', '峨眉山市'), ('511302', '3', '5113', '顺庆区'), ('511303', '3', '5113', '高坪区'), ('511304', '3', '5113', '嘉陵区'), ('511321', '3', '5113', '南部县'), ('511322', '3', '5113', '营山县'), ('511323', '3', '5113', '蓬安县'), ('511324', '3', '5113', '仪陇县'), ('511325', '3', '5113', '西充县'), ('511381', '3', '5113', '阆中市'), ('511402', '3', '5114', '东坡区'), ('511403', '3', '5114', '彭山区'), ('511421', '3', '5114', '仁寿县'), ('511423', '3', '5114', '洪雅县'), ('511424', '3', '5114', '丹棱县'), ('511425', '3', '5114', '青神县'), ('511502', '3', '5115', '翠屏区'), ('511503', '3', '5115', '南溪区'), ('511521', '3', '5115', '宜宾县'), ('511523', '3', '5115', '江安县'), ('511524', '3', '5115', '长宁县'), ('511525', '3', '5115', '高县'), ('511526', '3', '5115', '珙县'), ('511527', '3', '5115', '筠连县'), ('511528', '3', '5115', '兴文县'), ('511529', '3', '5115', '屏山县'), ('511602', '3', '5116', '广安区'), ('511603', '3', '5116', '前锋区'), ('511621', '3', '5116', '岳池县'), ('511622', '3', '5116', '武胜县'), ('511623', '3', '5116', '邻水县'), ('511681', '3', '5116', '华蓥市'), ('511702', '3', '5117', '通川区'), ('511703', '3', '5117', '达川区'), ('511722', '3', '5117', '宣汉县'), ('511723', '3', '5117', '开江县'), ('511724', '3', '5117', '大竹县'), ('511725', '3', '5117', '渠县'), ('511781', '3', '5117', '万源市'), ('511802', '3', '5118', '雨城区'), ('511803', '3', '5118', '名山区'), ('511822', '3', '5118', '荥经县'), ('511823', '3', '5118', '汉源县'), ('511824', '3', '5118', '石棉县'), ('511825', '3', '5118', '天全县'), ('511826', '3', '5118', '芦山县'), ('511827', '3', '5118', '宝兴县'), ('511902', '3', '5119', '巴州区'), ('511903', '3', '5119', '恩阳区'), ('511921', '3', '5119', '通江县'), ('511922', '3', '5119', '南江县'), ('511923', '3', '5119', '平昌县'), ('512002', '3', '5120', '雁江区'), ('512021', '3', '5120', '安岳县'), ('512022', '3', '5120', '乐至县'), ('512081', '3', '5120', '简阳市'), ('513221', '3', '5132', '汶川县'), ('513222', '3', '5132', '理县'), ('513223', '3', '5132', '茂县'), ('513224', '3', '5132', '松潘县'), ('513225', '3', '5132', '九寨沟县'), ('513226', '3', '5132', '金川县'), ('513227', '3', '5132', '小金县'), ('513228', '3', '5132', '黑水县'), ('513229', '3', '5132', '马尔康县'), ('513230', '3', '5132', '壤塘县'), ('513231', '3', '5132', '阿坝县'), ('513232', '3', '5132', '若尔盖县'), ('513233', '3', '5132', '红原县'), ('513301', '3', '5133', '康定市'), ('513322', '3', '5133', '泸定县'), ('513323', '3', '5133', '丹巴县'), ('513324', '3', '5133', '九龙县'), ('513325', '3', '5133', '雅江县'), ('513326', '3', '5133', '道孚县'), ('513327', '3', '5133', '炉霍县'), ('513328', '3', '5133', '甘孜县'), ('513329', '3', '5133', '新龙县'), ('513330', '3', '5133', '德格县'), ('513331', '3', '5133', '白玉县'), ('513332', '3', '5133', '石渠县'), ('513333', '3', '5133', '色达县'), ('513334', '3', '5133', '理塘县'), ('513335', '3', '5133', '巴塘县'), ('513336', '3', '5133', '乡城县'), ('513337', '3', '5133', '稻城县'), ('513338', '3', '5133', '得荣县'), ('513401', '3', '5134', '西昌市'), ('513422', '3', '5134', '木里藏族自治县'), ('513423', '3', '5134', '盐源县'), ('513424', '3', '5134', '德昌县'), ('513425', '3', '5134', '会理县'), ('513426', '3', '5134', '会东县'), ('513427', '3', '5134', '宁南县'), ('513428', '3', '5134', '普格县'), ('513429', '3', '5134', '布拖县'), ('513430', '3', '5134', '金阳县'), ('513431', '3', '5134', '昭觉县'), ('513432', '3', '5134', '喜德县'), ('513433', '3', '5134', '冕宁县'), ('513434', '3', '5134', '越西县'), ('513435', '3', '5134', '甘洛县'), ('513436', '3', '5134', '美姑县'), ('513437', '3', '5134', '雷波县'), ('520102', '3', '5201', '南明区'), ('520103', '3', '5201', '云岩区'), ('520111', '3', '5201', '花溪区'), ('520112', '3', '5201', '乌当区'), ('520113', '3', '5201', '白云区'), ('520115', '3', '5201', '观山湖区'), ('520121', '3', '5201', '开阳县'), ('520122', '3', '5201', '息烽县'), ('520123', '3', '5201', '修文县'), ('520181', '3', '5201', '清镇市'), ('520201', '3', '5202', '钟山区'), ('520203', '3', '5202', '六枝特区'), ('520221', '3', '5202', '水城县'), ('520222', '3', '5202', '盘县'), ('520302', '3', '5203', '红花岗区'), ('520303', '3', '5203', '汇川区'), ('520321', '3', '5203', '遵义县'), ('520322', '3', '5203', '桐梓县'), ('520323', '3', '5203', '绥阳县'), ('520324', '3', '5203', '正安县'), ('520325', '3', '5203', '道真仡佬族苗族自治县'), ('520326', '3', '5203', '务川仡佬族苗族自治县'), ('520327', '3', '5203', '凤冈县'), ('520328', '3', '5203', '湄潭县'), ('520329', '3', '5203', '余庆县'), ('520330', '3', '5203', '习水县'), ('520381', '3', '5203', '赤水市'), ('520382', '3', '5203', '仁怀市'), ('520402', '3', '5204', '西秀区'), ('520403', '3', '5204', '平坝区'), ('520422', '3', '5204', '普定县'), ('520423', '3', '5204', '镇宁布依族苗族自治县'), ('520424', '3', '5204', '关岭布依族苗族自治县'), ('520425', '3', '5204', '紫云苗族布依族自治县'), ('520502', '3', '5205', '七星关区'), ('520521', '3', '5205', '大方县'), ('520522', '3', '5205', '黔西县'), ('520523', '3', '5205', '金沙县'), ('520524', '3', '5205', '织金县'), ('520525', '3', '5205', '纳雍县'), ('520526', '3', '5205', '威宁彝族回族苗族自治县'), ('520527', '3', '5205', '赫章县'), ('520602', '3', '5206', '碧江区'), ('520603', '3', '5206', '万山区'), ('520621', '3', '5206', '江口县'), ('520622', '3', '5206', '玉屏侗族自治县'), ('520623', '3', '5206', '石阡县'), ('520624', '3', '5206', '思南县'), ('520625', '3', '5206', '印江土家族苗族自治县'), ('520626', '3', '5206', '德江县'), ('520627', '3', '5206', '沿河土家族自治县'), ('520628', '3', '5206', '松桃苗族自治县'), ('522301', '3', '5223', '兴义市'), ('522322', '3', '5223', '兴仁县'), ('522323', '3', '5223', '普安县'), ('522324', '3', '5223', '晴隆县'), ('522325', '3', '5223', '贞丰县'), ('522326', '3', '5223', '望谟县'), ('522327', '3', '5223', '册亨县'), ('522328', '3', '5223', '安龙县'), ('522601', '3', '5226', '凯里市'), ('522622', '3', '5226', '黄平县'), ('522623', '3', '5226', '施秉县'), ('522624', '3', '5226', '三穗县'), ('522625', '3', '5226', '镇远县'), ('522626', '3', '5226', '岑巩县'), ('522627', '3', '5226', '天柱县'), ('522628', '3', '5226', '锦屏县'), ('522629', '3', '5226', '剑河县'), ('522630', '3', '5226', '台江县'), ('522631', '3', '5226', '黎平县'), ('522632', '3', '5226', '榕江县'), ('522633', '3', '5226', '从江县'), ('522634', '3', '5226', '雷山县'), ('522635', '3', '5226', '麻江县'), ('522636', '3', '5226', '丹寨县'), ('522701', '3', '5227', '都匀市'), ('522702', '3', '5227', '福泉市'), ('522722', '3', '5227', '荔波县'), ('522723', '3', '5227', '贵定县'), ('522725', '3', '5227', '瓮安县'), ('522726', '3', '5227', '独山县'), ('522727', '3', '5227', '平塘县'), ('522728', '3', '5227', '罗甸县'), ('522729', '3', '5227', '长顺县'), ('522730', '3', '5227', '龙里县'), ('522731', '3', '5227', '惠水县'), ('522732', '3', '5227', '三都水族自治县'), ('530102', '3', '5301', '五华区'), ('530103', '3', '5301', '盘龙区'), ('530111', '3', '5301', '官渡区'), ('530112', '3', '5301', '西山区'), ('530113', '3', '5301', '东川区'), ('530114', '3', '5301', '呈贡区'), ('530122', '3', '5301', '晋宁县'), ('530124', '3', '5301', '富民县'), ('530125', '3', '5301', '宜良县'), ('530126', '3', '5301', '石林彝族自治县'), ('530127', '3', '5301', '嵩明县'), ('530128', '3', '5301', '禄劝彝族苗族自治县'), ('530129', '3', '5301', '寻甸回族彝族自治县'), ('530181', '3', '5301', '安宁市'), ('530302', '3', '5303', '麒麟区'), ('530321', '3', '5303', '马龙县'), ('530322', '3', '5303', '陆良县'), ('530323', '3', '5303', '师宗县'), ('530324', '3', '5303', '罗平县'), ('530325', '3', '5303', '富源县'), ('530326', '3', '5303', '会泽县'), ('530328', '3', '5303', '沾益县'), ('530381', '3', '5303', '宣威市'), ('530402', '3', '5304', '红塔区'), ('530421', '3', '5304', '江川县'), ('530422', '3', '5304', '澄江县'), ('530423', '3', '5304', '通海县'), ('530424', '3', '5304', '华宁县'), ('530425', '3', '5304', '易门县'), ('530426', '3', '5304', '峨山彝族自治县'), ('530427', '3', '5304', '新平彝族傣族自治县'), ('530428', '3', '5304', '元江哈尼族彝族傣族自治县'), ('530502', '3', '5305', '隆阳区'), ('530521', '3', '5305', '施甸县'), ('530523', '3', '5305', '龙陵县'), ('530524', '3', '5305', '昌宁县'), ('530581', '3', '5305', '腾冲市'), ('530602', '3', '5306', '昭阳区'), ('530621', '3', '5306', '鲁甸县'), ('530622', '3', '5306', '巧家县'), ('530623', '3', '5306', '盐津县'), ('530624', '3', '5306', '大关县'), ('530625', '3', '5306', '永善县'), ('530626', '3', '5306', '绥江县'), ('530627', '3', '5306', '镇雄县'), ('530628', '3', '5306', '彝良县'), ('530629', '3', '5306', '威信县'), ('530630', '3', '5306', '水富县'), ('530702', '3', '5307', '古城区'), ('530721', '3', '5307', '玉龙纳西族自治县'), ('530722', '3', '5307', '永胜县'), ('530723', '3', '5307', '华坪县'), ('530724', '3', '5307', '宁蒗彝族自治县'), ('530802', '3', '5308', '思茅区'), ('530821', '3', '5308', '宁洱哈尼族彝族自治县'), ('530822', '3', '5308', '墨江哈尼族自治县'), ('530823', '3', '5308', '景东彝族自治县'), ('530824', '3', '5308', '景谷傣族彝族自治县'), ('530825', '3', '5308', '镇沅彝族哈尼族拉祜族自治县'), ('530826', '3', '5308', '江城哈尼族彝族自治县'), ('530827', '3', '5308', '孟连傣族拉祜族佤族自治县'), ('530828', '3', '5308', '澜沧拉祜族自治县'), ('530829', '3', '5308', '西盟佤族自治县'), ('530902', '3', '5309', '临翔区'), ('530921', '3', '5309', '凤庆县'), ('530922', '3', '5309', '云县'), ('530923', '3', '5309', '永德县'), ('530924', '3', '5309', '镇康县'), ('530925', '3', '5309', '双江拉祜族佤族布朗族傣族自治县'), ('530926', '3', '5309', '耿马傣族佤族自治县'), ('530927', '3', '5309', '沧源佤族自治县'), ('532301', '3', '5323', '楚雄市'), ('532322', '3', '5323', '双柏县'), ('532323', '3', '5323', '牟定县'), ('532324', '3', '5323', '南华县'), ('532325', '3', '5323', '姚安县'), ('532326', '3', '5323', '大姚县'), ('532327', '3', '5323', '永仁县'), ('532328', '3', '5323', '元谋县'), ('532329', '3', '5323', '武定县'), ('532331', '3', '5323', '禄丰县'), ('532501', '3', '5325', '个旧市'), ('532502', '3', '5325', '开远市'), ('532503', '3', '5325', '蒙自市'), ('532504', '3', '5325', '弥勒市'), ('532523', '3', '5325', '屏边苗族自治县'), ('532524', '3', '5325', '建水县'), ('532525', '3', '5325', '石屏县'), ('532527', '3', '5325', '泸西县'), ('532528', '3', '5325', '元阳县'), ('532529', '3', '5325', '红河县'), ('532530', '3', '5325', '金平苗族瑶族傣族自治县'), ('532531', '3', '5325', '绿春县'), ('532532', '3', '5325', '河口瑶族自治县'), ('532601', '3', '5326', '文山市'), ('532622', '3', '5326', '砚山县'), ('532623', '3', '5326', '西畴县'), ('532624', '3', '5326', '麻栗坡县'), ('532625', '3', '5326', '马关县'), ('532626', '3', '5326', '丘北县'), ('532627', '3', '5326', '广南县'), ('532628', '3', '5326', '富宁县'), ('532801', '3', '5328', '景洪市'), ('532822', '3', '5328', '勐海县'), ('532823', '3', '5328', '勐腊县'), ('532901', '3', '5329', '大理市'), ('532922', '3', '5329', '漾濞彝族自治县'), ('532923', '3', '5329', '祥云县'), ('532924', '3', '5329', '宾川县'), ('532925', '3', '5329', '弥渡县'), ('532926', '3', '5329', '南涧彝族自治县'), ('532927', '3', '5329', '巍山彝族回族自治县'), ('532928', '3', '5329', '永平县'), ('532929', '3', '5329', '云龙县'), ('532930', '3', '5329', '洱源县'), ('532931', '3', '5329', '剑川县'), ('532932', '3', '5329', '鹤庆县'), ('533102', '3', '5331', '瑞丽市'), ('533103', '3', '5331', '芒市'), ('533122', '3', '5331', '梁河县'), ('533123', '3', '5331', '盈江县'), ('533124', '3', '5331', '陇川县'), ('533321', '3', '5333', '泸水县'), ('533323', '3', '5333', '福贡县'), ('533324', '3', '5333', '贡山独龙族怒族自治县'), ('533325', '3', '5333', '兰坪白族普米族自治县'), ('533401', '3', '5334', '香格里拉市'), ('533422', '3', '5334', '德钦县'), ('533423', '3', '5334', '维西傈僳族自治县'), ('540102', '3', '5401', '城关区'), ('540121', '3', '5401', '林周县'), ('540122', '3', '5401', '当雄县'), ('540123', '3', '5401', '尼木县'), ('540124', '3', '5401', '曲水县'), ('540125', '3', '5401', '堆龙德庆县'), ('540126', '3', '5401', '达孜县'), ('540127', '3', '5401', '墨竹工卡县'), ('540202', '3', '5402', '桑珠孜区'), ('540221', '3', '5402', '南木林县'), ('540222', '3', '5402', '江孜县'), ('540223', '3', '5402', '定日县'), ('540224', '3', '5402', '萨迦县'), ('540225', '3', '5402', '拉孜县'), ('540226', '3', '5402', '昂仁县'), ('540227', '3', '5402', '谢通门县'), ('540228', '3', '5402', '白朗县'), ('540229', '3', '5402', '仁布县'), ('540230', '3', '5402', '康马县'), ('540231', '3', '5402', '定结县'), ('540232', '3', '5402', '仲巴县'), ('540233', '3', '5402', '亚东县'), ('540234', '3', '5402', '吉隆县'), ('540235', '3', '5402', '聂拉木县'), ('540236', '3', '5402', '萨嘎县'), ('540237', '3', '5402', '岗巴县'), ('540302', '3', '5403', '卡若区'), ('540321', '3', '5403', '江达县'), ('540322', '3', '5403', '贡觉县'), ('540323', '3', '5403', '类乌齐县'), ('540324', '3', '5403', '丁青县'), ('540325', '3', '5403', '察雅县'), ('540326', '3', '5403', '八宿县'), ('540327', '3', '5403', '左贡县'), ('540328', '3', '5403', '芒康县'), ('540329', '3', '5403', '洛隆县'), ('540330', '3', '5403', '边坝县'), ('540402', '3', '5404', '巴宜区'), ('540421', '3', '5404', '工布江达县'), ('540422', '3', '5404', '米林县'), ('540423', '3', '5404', '墨脱县'), ('540424', '3', '5404', '波密县'), ('540425', '3', '5404', '察隅县'), ('540426', '3', '5404', '朗县'), ('542221', '3', '5422', '乃东县'), ('542222', '3', '5422', '扎囊县'), ('542223', '3', '5422', '贡嘎县'), ('542224', '3', '5422', '桑日县'), ('542225', '3', '5422', '琼结县'), ('542226', '3', '5422', '曲松县'), ('542227', '3', '5422', '措美县'), ('542228', '3', '5422', '洛扎县'), ('542229', '3', '5422', '加查县'), ('542231', '3', '5422', '隆子县'), ('542232', '3', '5422', '错那县'), ('542233', '3', '5422', '浪卡子县'), ('542421', '3', '5424', '那曲县'), ('542422', '3', '5424', '嘉黎县'), ('542423', '3', '5424', '比如县'), ('542424', '3', '5424', '聂荣县'), ('542425', '3', '5424', '安多县'), ('542426', '3', '5424', '申扎县'), ('542427', '3', '5424', '索县'), ('542428', '3', '5424', '班戈县'), ('542429', '3', '5424', '巴青县'), ('542430', '3', '5424', '尼玛县'), ('542431', '3', '5424', '双湖县'), ('542521', '3', '5425', '普兰县'), ('542522', '3', '5425', '札达县'), ('542523', '3', '5425', '噶尔县'), ('542524', '3', '5425', '日土县'), ('542525', '3', '5425', '革吉县'), ('542526', '3', '5425', '改则县'), ('542527', '3', '5425', '措勤县'), ('610102', '3', '6101', '新城区'), ('610103', '3', '6101', '碑林区'), ('610104', '3', '6101', '莲湖区'), ('610111', '3', '6101', '灞桥区'), ('610112', '3', '6101', '未央区'), ('610113', '3', '6101', '雁塔区'), ('610114', '3', '6101', '阎良区'), ('610115', '3', '6101', '临潼区'), ('610116', '3', '6101', '长安区'), ('610117', '3', '6101', '高陵区'), ('610122', '3', '6101', '蓝田县'), ('610124', '3', '6101', '周至县'), ('610125', '3', '6101', '户县'), ('610202', '3', '6102', '王益区'), ('610203', '3', '6102', '印台区'), ('610204', '3', '6102', '耀州区'), ('610222', '3', '6102', '宜君县'), ('610302', '3', '6103', '渭滨区'), ('610303', '3', '6103', '金台区'), ('610304', '3', '6103', '陈仓区'), ('610322', '3', '6103', '凤翔县'), ('610323', '3', '6103', '岐山县'), ('610324', '3', '6103', '扶风县'), ('610326', '3', '6103', '眉县'), ('610327', '3', '6103', '陇县'), ('610328', '3', '6103', '千阳县'), ('610329', '3', '6103', '麟游县'), ('610330', '3', '6103', '凤县'), ('610331', '3', '6103', '太白县'), ('610402', '3', '6104', '秦都区'), ('610403', '3', '6104', '杨陵区'), ('610404', '3', '6104', '渭城区'), ('610422', '3', '6104', '三原县'), ('610423', '3', '6104', '泾阳县'), ('610424', '3', '6104', '乾县'), ('610425', '3', '6104', '礼泉县'), ('610426', '3', '6104', '永寿县'), ('610427', '3', '6104', '彬县'), ('610428', '3', '6104', '长武县'), ('610429', '3', '6104', '旬邑县'), ('610430', '3', '6104', '淳化县'), ('610431', '3', '6104', '武功县'), ('610481', '3', '6104', '兴平市'), ('610502', '3', '6105', '临渭区'), ('610521', '3', '6105', '华县'), ('610522', '3', '6105', '潼关县'), ('610523', '3', '6105', '大荔县'), ('610524', '3', '6105', '合阳县'), ('610525', '3', '6105', '澄城县'), ('610526', '3', '6105', '蒲城县'), ('610527', '3', '6105', '白水县'), ('610528', '3', '6105', '富平县'), ('610581', '3', '6105', '韩城市'), ('610582', '3', '6105', '华阴市'), ('610602', '3', '6106', '宝塔区'), ('610621', '3', '6106', '延长县'), ('610622', '3', '6106', '延川县'), ('610623', '3', '6106', '子长县'), ('610624', '3', '6106', '安塞县'), ('610625', '3', '6106', '志丹县'), ('610626', '3', '6106', '吴起县'), ('610627', '3', '6106', '甘泉县'), ('610628', '3', '6106', '富县'), ('610629', '3', '6106', '洛川县'), ('610630', '3', '6106', '宜川县'), ('610631', '3', '6106', '黄龙县'), ('610632', '3', '6106', '黄陵县'), ('610702', '3', '6107', '汉台区'), ('610721', '3', '6107', '南郑县'), ('610722', '3', '6107', '城固县'), ('610723', '3', '6107', '洋县'), ('610724', '3', '6107', '西乡县'), ('610725', '3', '6107', '勉县'), ('610726', '3', '6107', '宁强县'), ('610727', '3', '6107', '略阳县'), ('610728', '3', '6107', '镇巴县'), ('610729', '3', '6107', '留坝县'), ('610730', '3', '6107', '佛坪县'), ('610802', '3', '6108', '榆阳区'), ('610821', '3', '6108', '神木县'), ('610822', '3', '6108', '府谷县'), ('610823', '3', '6108', '横山县'), ('610824', '3', '6108', '靖边县'), ('610825', '3', '6108', '定边县'), ('610826', '3', '6108', '绥德县'), ('610827', '3', '6108', '米脂县'), ('610828', '3', '6108', '佳县'), ('610829', '3', '6108', '吴堡县'), ('610830', '3', '6108', '清涧县'), ('610831', '3', '6108', '子洲县'), ('610902', '3', '6109', '汉滨区'), ('610921', '3', '6109', '汉阴县'), ('610922', '3', '6109', '石泉县'), ('610923', '3', '6109', '宁陕县'), ('610924', '3', '6109', '紫阳县'), ('610925', '3', '6109', '岚皋县'), ('610926', '3', '6109', '平利县'), ('610927', '3', '6109', '镇坪县'), ('610928', '3', '6109', '旬阳县'), ('610929', '3', '6109', '白河县'), ('611002', '3', '6110', '商州区'), ('611021', '3', '6110', '洛南县'), ('611022', '3', '6110', '丹凤县'), ('611023', '3', '6110', '商南县'), ('611024', '3', '6110', '山阳县'), ('611025', '3', '6110', '镇安县'), ('611026', '3', '6110', '柞水县'), ('620102', '3', '6201', '城关区'), ('620103', '3', '6201', '七里河区'), ('620104', '3', '6201', '西固区'), ('620105', '3', '6201', '安宁区'), ('620111', '3', '6201', '红古区'), ('620121', '3', '6201', '永登县'), ('620122', '3', '6201', '皋兰县'), ('620123', '3', '6201', '榆中县'), ('620302', '3', '6203', '金川区'), ('620321', '3', '6203', '永昌县'), ('620402', '3', '6204', '白银区'), ('620403', '3', '6204', '平川区'), ('620421', '3', '6204', '靖远县'), ('620422', '3', '6204', '会宁县'), ('620423', '3', '6204', '景泰县'), ('620502', '3', '6205', '秦州区'), ('620503', '3', '6205', '麦积区'), ('620521', '3', '6205', '清水县'), ('620522', '3', '6205', '秦安县'), ('620523', '3', '6205', '甘谷县'), ('620524', '3', '6205', '武山县'), ('620525', '3', '6205', '张家川回族自治县'), ('620602', '3', '6206', '凉州区'), ('620621', '3', '6206', '民勤县'), ('620622', '3', '6206', '古浪县'), ('620623', '3', '6206', '天祝藏族自治县'), ('620702', '3', '6207', '甘州区'), ('620721', '3', '6207', '肃南裕固族自治县'), ('620722', '3', '6207', '民乐县'), ('620723', '3', '6207', '临泽县'), ('620724', '3', '6207', '高台县'), ('620725', '3', '6207', '山丹县'), ('620802', '3', '6208', '崆峒区'), ('620821', '3', '6208', '泾川县'), ('620822', '3', '6208', '灵台县'), ('620823', '3', '6208', '崇信县'), ('620824', '3', '6208', '华亭县'), ('620825', '3', '6208', '庄浪县'), ('620826', '3', '6208', '静宁县'), ('620902', '3', '6209', '肃州区'), ('620921', '3', '6209', '金塔县'), ('620922', '3', '6209', '瓜州县'), ('620923', '3', '6209', '肃北蒙古族自治县'), ('620924', '3', '6209', '阿克塞哈萨克族自治县'), ('620981', '3', '6209', '玉门市'), ('620982', '3', '6209', '敦煌市'), ('621002', '3', '6210', '西峰区'), ('621021', '3', '6210', '庆城县'), ('621022', '3', '6210', '环县'), ('621023', '3', '6210', '华池县'), ('621024', '3', '6210', '合水县'), ('621025', '3', '6210', '正宁县'), ('621026', '3', '6210', '宁县'), ('621027', '3', '6210', '镇原县'), ('621102', '3', '6211', '安定区'), ('621121', '3', '6211', '通渭县'), ('621122', '3', '6211', '陇西县'), ('621123', '3', '6211', '渭源县'), ('621124', '3', '6211', '临洮县'), ('621125', '3', '6211', '漳县'), ('621126', '3', '6211', '岷县'), ('621202', '3', '6212', '武都区'), ('621221', '3', '6212', '成县'), ('621222', '3', '6212', '文县'), ('621223', '3', '6212', '宕昌县'), ('621224', '3', '6212', '康县'), ('621225', '3', '6212', '西和县'), ('621226', '3', '6212', '礼县'), ('621227', '3', '6212', '徽县'), ('621228', '3', '6212', '两当县'), ('622901', '3', '6229', '临夏市'), ('622921', '3', '6229', '临夏县'), ('622922', '3', '6229', '康乐县'), ('622923', '3', '6229', '永靖县'), ('622924', '3', '6229', '广河县'), ('622925', '3', '6229', '和政县'), ('622926', '3', '6229', '东乡族自治县'), ('622927', '3', '6229', '积石山保安族东乡族撒拉族自治县'), ('623001', '3', '6230', '合作市'), ('623021', '3', '6230', '临潭县'), ('623022', '3', '6230', '卓尼县'), ('623023', '3', '6230', '舟曲县'), ('623024', '3', '6230', '迭部县'), ('623025', '3', '6230', '玛曲县'), ('623026', '3', '6230', '碌曲县'), ('623027', '3', '6230', '夏河县'), ('630102', '3', '6301', '城东区'), ('630103', '3', '6301', '城中区'), ('630104', '3', '6301', '城西区'), ('630105', '3', '6301', '城北区'), ('630121', '3', '6301', '大通回族土族自治县'), ('630122', '3', '6301', '湟中县'), ('630123', '3', '6301', '湟源县'), ('630202', '3', '6302', '乐都区'), ('630203', '3', '6302', '平安区'), ('630222', '3', '6302', '民和回族土族自治县'), ('630223', '3', '6302', '互助土族自治县'), ('630224', '3', '6302', '化隆回族自治县'), ('630225', '3', '6302', '循化撒拉族自治县'), ('632221', '3', '6322', '门源回族自治县'), ('632222', '3', '6322', '祁连县'), ('632223', '3', '6322', '海晏县'), ('632224', '3', '6322', '刚察县'), ('632321', '3', '6323', '同仁县'), ('632322', '3', '6323', '尖扎县'), ('632323', '3', '6323', '泽库县'), ('632324', '3', '6323', '河南蒙古族自治县'), ('632521', '3', '6325', '共和县'), ('632522', '3', '6325', '同德县'), ('632523', '3', '6325', '贵德县'), ('632524', '3', '6325', '兴海县'), ('632525', '3', '6325', '贵南县'), ('632621', '3', '6326', '玛沁县'), ('632622', '3', '6326', '班玛县'), ('632623', '3', '6326', '甘德县'), ('632624', '3', '6326', '达日县'), ('632625', '3', '6326', '久治县'), ('632626', '3', '6326', '玛多县'), ('632701', '3', '6327', '玉树市'), ('632722', '3', '6327', '杂多县'), ('632723', '3', '6327', '称多县'), ('632724', '3', '6327', '治多县'), ('632725', '3', '6327', '囊谦县'), ('632726', '3', '6327', '曲麻莱县'), ('632801', '3', '6328', '格尔木市'), ('632802', '3', '6328', '德令哈市'), ('632821', '3', '6328', '乌兰县'), ('632822', '3', '6328', '都兰县'), ('632823', '3', '6328', '天峻县'), ('640104', '3', '6401', '兴庆区'), ('640105', '3', '6401', '西夏区'), ('640106', '3', '6401', '金凤区'), ('640121', '3', '6401', '永宁县'), ('640122', '3', '6401', '贺兰县'), ('640181', '3', '6401', '灵武市'), ('640202', '3', '6402', '大武口区'), ('640205', '3', '6402', '惠农区'), ('640221', '3', '6402', '平罗县'), ('640302', '3', '6403', '利通区'), ('640303', '3', '6403', '红寺堡区'), ('640323', '3', '6403', '盐池县'), ('640324', '3', '6403', '同心县'), ('640381', '3', '6403', '青铜峡市'), ('640402', '3', '6404', '原州区'), ('640422', '3', '6404', '西吉县'), ('640423', '3', '6404', '隆德县'), ('640424', '3', '6404', '泾源县'), ('640425', '3', '6404', '彭阳县'), ('640502', '3', '6405', '沙坡头区'), ('640521', '3', '6405', '中宁县'), ('640522', '3', '6405', '海原县'), ('650102', '3', '6501', '天山区'), ('650103', '3', '6501', '沙依巴克区'), ('650104', '3', '6501', '新市区'), ('650105', '3', '6501', '水磨沟区'), ('650106', '3', '6501', '头屯河区'), ('650107', '3', '6501', '达坂城区'), ('650109', '3', '6501', '米东区'), ('650121', '3', '6501', '乌鲁木齐县'), ('650202', '3', '6502', '独山子区'), ('650203', '3', '6502', '克拉玛依区'), ('650204', '3', '6502', '白碱滩区'), ('650205', '3', '6502', '乌尔禾区'), ('650402', '3', '6504', '高昌区'), ('650421', '3', '6504', '鄯善县'), ('650422', '3', '6504', '托克逊县'), ('652201', '3', '6522', '哈密市'), ('652222', '3', '6522', '巴里坤哈萨克自治县'), ('652223', '3', '6522', '伊吾县'), ('652301', '3', '6523', '昌吉市'), ('652302', '3', '6523', '阜康市'), ('652323', '3', '6523', '呼图壁县'), ('652324', '3', '6523', '玛纳斯县'), ('652325', '3', '6523', '奇台县'), ('652327', '3', '6523', '吉木萨尔县'), ('652328', '3', '6523', '木垒哈萨克自治县'), ('652701', '3', '6527', '博乐市'), ('652702', '3', '6527', '阿拉山口市'), ('652722', '3', '6527', '精河县'), ('652723', '3', '6527', '温泉县'), ('652801', '3', '6528', '库尔勒市'), ('652822', '3', '6528', '轮台县'), ('652823', '3', '6528', '尉犁县'), ('652824', '3', '6528', '若羌县'), ('652825', '3', '6528', '且末县'), ('652826', '3', '6528', '焉耆回族自治县'), ('652827', '3', '6528', '和静县'), ('652828', '3', '6528', '和硕县'), ('652829', '3', '6528', '博湖县'), ('652901', '3', '6529', '阿克苏市'), ('652922', '3', '6529', '温宿县'), ('652923', '3', '6529', '库车县'), ('652924', '3', '6529', '沙雅县'), ('652925', '3', '6529', '新和县'), ('652926', '3', '6529', '拜城县'), ('652927', '3', '6529', '乌什县'), ('652928', '3', '6529', '阿瓦提县'), ('652929', '3', '6529', '柯坪县'), ('653001', '3', '6530', '阿图什市'), ('653022', '3', '6530', '阿克陶县'), ('653023', '3', '6530', '阿合奇县'), ('653024', '3', '6530', '乌恰县'), ('653101', '3', '6531', '喀什市'), ('653121', '3', '6531', '疏附县'), ('653122', '3', '6531', '疏勒县'), ('653123', '3', '6531', '英吉沙县'), ('653124', '3', '6531', '泽普县'), ('653125', '3', '6531', '莎车县'), ('653126', '3', '6531', '叶城县'), ('653127', '3', '6531', '麦盖提县'), ('653128', '3', '6531', '岳普湖县'), ('653129', '3', '6531', '伽师县'), ('653130', '3', '6531', '巴楚县'), ('653131', '3', '6531', '塔什库尔干塔吉克自治县'), ('653201', '3', '6532', '和田市'), ('653221', '3', '6532', '和田县'), ('653222', '3', '6532', '墨玉县'), ('653223', '3', '6532', '皮山县'), ('653224', '3', '6532', '洛浦县'), ('653225', '3', '6532', '策勒县'), ('653226', '3', '6532', '于田县'), ('653227', '3', '6532', '民丰县'), ('654002', '3', '6540', '伊宁市'), ('654003', '3', '6540', '奎屯市'), ('654004', '3', '6540', '霍尔果斯市'), ('654021', '3', '6540', '伊宁县'), ('654022', '3', '6540', '察布查尔锡伯自治县'), ('654023', '3', '6540', '霍城县'), ('654024', '3', '6540', '巩留县'), ('654025', '3', '6540', '新源县'), ('654026', '3', '6540', '昭苏县'), ('654027', '3', '6540', '特克斯县'), ('654028', '3', '6540', '尼勒克县'), ('654201', '3', '6542', '塔城市'), ('654202', '3', '6542', '乌苏市'), ('654221', '3', '6542', '额敏县'), ('654223', '3', '6542', '沙湾县'), ('654224', '3', '6542', '托里县'), ('654225', '3', '6542', '裕民县'), ('654226', '3', '6542', '和布克赛尔蒙古自治县'), ('654301', '3', '6543', '阿勒泰市'), ('654321', '3', '6543', '布尔津县'), ('654322', '3', '6543', '富蕴县'), ('654323', '3', '6543', '福海县'), ('654324', '3', '6543', '哈巴河县'), ('654325', '3', '6543', '青河县'), ('654326', '3', '6543', '吉木乃县'), ('659001', '3', '6590', '石河子市'), ('659002', '3', '6590', '阿拉尔市'), ('659003', '3', '6590', '图木舒克市'), ('659004', '3', '6590', '五家渠市');
COMMIT;

-- ----------------------------
--  Table structure for `base_country`
-- ----------------------------
DROP TABLE IF EXISTS `base_country`;
CREATE TABLE `base_country` (
  `id` int(11) NOT NULL AUTO_INCREMENT,
  `iso` varchar(2) NOT NULL,
  `iso3` varchar(3) DEFAULT NULL,
  `name_cn` varchar(30) DEFAULT NULL COMMENT '中文名称',
  `name_en` varchar(30) DEFAULT NULL COMMENT '英文名称',
  `name` varchar(80) NOT NULL,
  `numcode` int(5) DEFAULT NULL,
  `phonecode` int(5) NOT NULL,
  `area` varchar(20) DEFAULT NULL COMMENT '所在的洲',
  `sort` int(4) DEFAULT '0' COMMENT '排序用',
  PRIMARY KEY (`id`)
) ENGINE=InnoDB AUTO_INCREMENT=240 DEFAULT CHARSET=utf8 COMMENT='国际电话号码区号';

-- ----------------------------
--  Records of `base_country`
-- ----------------------------
BEGIN;
INSERT INTO `base_country` VALUES ('1', 'AF', 'AFG', '阿富汗', 'Afghanistan', 'AFGHANISTAN', '4', '93', null, '0'), ('2', 'AL', 'ALB', '阿尔巴尼亚', 'Albania', 'ALBANIA', '8', '355', null, '0'), ('3', 'DZ', 'DZA', '阿尔及利亚', 'Algeria', 'ALGERIA', '12', '213', null, '0'), ('4', 'AS', 'ASM', '美属萨摩亚', 'American Samoa', 'AMERICAN SAMOA', '16', '1684', null, '0'), ('5', 'AD', 'AND', '安道尔', 'Andorra', 'ANDORRA', '20', '376', null, '0'), ('6', 'AO', 'AGO', '安哥拉', 'Angola', 'ANGOLA', '24', '244', null, '0'), ('7', 'AI', 'AIA', '安圭拉岛', 'Anguilla', 'ANGUILLA', '660', '1264', null, '0'), ('8', 'AQ', null, '南极洲', 'Antarctica', 'ANTARCTICA', null, '0', null, '0'), ('9', 'AG', 'ATG', '安提瓜岛和巴布达', 'Antigua and Barbuda', 'ANTIGUA AND BARBUDA', '28', '1268', null, '0'), ('10', 'AR', 'ARG', '阿根廷', 'Argentina', 'ARGENTINA', '32', '54', null, '0'), ('11', 'AM', 'ARM', '亚美尼亚', 'Armenia', 'ARMENIA', '51', '374', null, '0'), ('12', 'AW', 'ABW', '阿鲁巴岛', 'Aruba', 'ARUBA', '533', '297', null, '0'), ('13', 'AU', 'AUS', '澳大利亚', 'Australia', 'AUSTRALIA', '36', '61', null, '0'), ('14', 'AT', 'AUT', '奥地利', 'Austria', 'AUSTRIA', '40', '43', null, '0'), ('15', 'AZ', 'AZE', '阿塞拜疆', 'Azerbaijan', 'AZERBAIJAN', '31', '994', null, '0'), ('16', 'BS', 'BHS', '巴哈马群岛', 'Bahamas', 'BAHAMAS', '44', '1242', null, '0'), ('17', 'BH', 'BHR', '巴林', 'Bahrain', 'BAHRAIN', '48', '973', null, '0'), ('18', 'BD', 'BGD', '孟加拉国', 'Bangladesh', 'BANGLADESH', '50', '880', null, '0'), ('19', 'BB', 'BRB', '巴巴多斯', 'Barbados', 'BARBADOS', '52', '1246', null, '0'), ('20', 'BY', 'BLR', '白俄罗斯', 'Belarus', 'BELARUS', '112', '375', null, '0'), ('21', 'BE', 'BEL', '比利时', 'Belgium', 'BELGIUM', '56', '32', null, '0'), ('22', 'BZ', 'BLZ', '伯利兹', 'Belize', 'BELIZE', '84', '501', null, '0'), ('23', 'BJ', 'BEN', '贝宁', 'Benin', 'BENIN', '204', '229', null, '0'), ('24', 'BM', 'BMU', '百慕大', 'Bermuda', 'BERMUDA', '60', '1441', null, '0'), ('25', 'BT', 'BTN', '不丹', 'Bhutan', 'BHUTAN', '64', '975', null, '0'), ('26', 'BO', 'BOL', '玻利维亚', 'Bolivia', 'BOLIVIA', '68', '591', null, '0'), ('27', 'BA', 'BIH', '波斯尼亚和黑塞哥维那', 'Bosnia and Herzegovina', 'BOSNIA AND HERZEGOVINA', '70', '387', null, '0'), ('28', 'BW', 'BWA', '博茨瓦纳', 'Botswana', 'BOTSWANA', '72', '267', null, '0'), ('29', 'BV', null, '布维岛', 'Bouvet Island', 'BOUVET ISLAND', null, '0', null, '0'), ('30', 'BR', 'BRA', '巴西', 'Brazil', 'BRAZIL', '76', '55', null, '0'), ('31', 'IO', null, '英属印度洋领地', 'British Indian Ocean Territory', 'BRITISH INDIAN OCEAN TERRITORY', null, '246', null, '0'), ('32', 'BN', 'BRN', '文莱达鲁萨兰国', 'Brunei Darussalam', 'BRUNEI DARUSSALAM', '96', '673', null, '0'), ('33', 'BG', 'BGR', '保加利亚', 'Bulgaria', 'BULGARIA', '100', '359', null, '0'), ('34', 'BF', 'BFA', '布吉纳法索', 'Burkina Faso', 'BURKINA FASO', '854', '226', null, '0'), ('35', 'BI', 'BDI', '布隆迪', 'Burundi', 'BURUNDI', '108', '257', null, '0'), ('36', 'KH', 'KHM', '柬埔寨', 'Cambodia', 'CAMBODIA', '116', '855', null, '0'), ('37', 'CM', 'CMR', '喀麦隆', 'Cameroon', 'CAMEROON', '120', '237', null, '0'), ('38', 'CA', 'CAN', '加拿大', 'Canada', 'CANADA', '124', '1', null, '0'), ('39', 'CV', 'CPV', '佛得角', 'Cape Verde', 'CAPE VERDE', '132', '238', null, '0'), ('40', 'KY', 'CYM', '开曼群岛', 'Cayman Islands', 'CAYMAN ISLANDS', '136', '1345', null, '0'), ('41', 'CF', 'CAF', '中非共和国', 'Central African Republic', 'CENTRAL AFRICAN REPUBLIC', '140', '236', null, '0'), ('42', 'TD', 'TCD', '乍得', 'Chad', 'CHAD', '148', '235', null, '0'), ('43', 'CL', 'CHL', '智利', 'Chile', 'CHILE', '152', '56', null, '0'), ('44', 'CN', 'CHN', '中国', 'China', 'CHINA', '156', '86', null, '0'), ('45', 'CX', null, '圣诞岛', 'Christmas Island', 'CHRISTMAS ISLAND', null, '61', null, '0'), ('46', 'CC', null, 'COCOS(KEELING)岛', 'Cocos (Keeling) Islands', 'COCOS (KEELING) ISLANDS', null, '672', null, '0'), ('47', 'CO', 'COL', '哥伦比亚', 'Colombia', 'COLOMBIA', '170', '57', null, '0'), ('48', 'KM', 'COM', '科摩罗', 'Comoros', 'COMOROS', '174', '269', null, '0'), ('49', 'CG', 'COG', '刚果', 'Congo', 'CONGO', '178', '242', null, '0'), ('51', 'CK', 'COK', '库克群岛', 'Cook Islands', 'COOK ISLANDS', '184', '682', null, '0'), ('52', 'CR', 'CRI', '哥斯达黎加', 'Costa Rica', 'COSTA RICA', '188', '506', null, '0'), ('53', 'CI', 'CIV', '科特迪瓦', 'Cote D\'Ivoire', 'COTE D\'IVOIRE', '384', '225', null, '0'), ('54', 'HR', 'HRV', '克罗地亚', 'Croatia', 'CROATIA', '191', '385', null, '0'), ('55', 'CU', 'CUB', '古巴', 'Cuba', 'CUBA', '192', '53', null, '0'), ('56', 'CY', 'CYP', '塞浦路斯', 'Cyprus', 'CYPRUS', '196', '357', null, '0'), ('57', 'CZ', 'CZE', '捷克共和国', 'Czech Republic', 'CZECH REPUBLIC', '203', '420', null, '0'), ('58', 'DK', 'DNK', '丹麦', 'Denmark', 'DENMARK', '208', '45', null, '0'), ('59', 'DJ', 'DJI', '吉布提', 'Djibouti', 'DJIBOUTI', '262', '253', null, '0'), ('60', 'DM', 'DMA', '多米尼加', 'Dominica', 'DOMINICA', '212', '1767', null, '0'), ('61', 'DO', 'DOM', '多米尼加共和国', 'Dominican Republic', 'DOMINICAN REPUBLIC', '214', '1809', null, '0'), ('62', 'EC', 'ECU', '厄瓜多尔', 'Ecuador', 'ECUADOR', '218', '593', null, '0'), ('63', 'EG', 'EGY', '埃及', 'Egypt', 'EGYPT', '818', '20', null, '0'), ('64', 'SV', 'SLV', '萨尔瓦多', 'El Salvador', 'EL SALVADOR', '222', '503', null, '0'), ('65', 'GQ', 'GNQ', '赤道几内亚', 'Equatorial Guinea', 'EQUATORIAL GUINEA', '226', '240', null, '0'), ('66', 'ER', 'ERI', '厄立特里亚', 'Eritrea', 'ERITREA', '232', '291', null, '0'), ('67', 'EE', 'EST', '爱沙尼亚', 'Estonia', 'ESTONIA', '233', '372', null, '0'), ('68', 'ET', 'ETH', '埃塞俄比亚', 'Ethiopia', 'ETHIOPIA', '231', '251', null, '0'), ('69', 'FK', 'FLK', '福克兰群岛(马尔维纳斯)', 'Falkland Islands (Malvinas)', 'FALKLAND ISLANDS (MALVINAS)', '238', '500', null, '0'), ('70', 'FO', 'FRO', '法罗群岛', 'Faroe Islands', 'FAROE ISLANDS', '234', '298', null, '0'), ('71', 'FJ', 'FJI', '斐济', 'Fiji', 'FIJI', '242', '679', null, '0'), ('72', 'FI', 'FIN', '芬兰', 'Finland', 'FINLAND', '246', '358', null, '0'), ('73', 'FR', 'FRA', '法国', 'France', 'FRANCE', '250', '33', null, '0'), ('74', 'GF', 'GUF', '法属圭亚那', 'French Guiana', 'FRENCH GUIANA', '254', '594', null, '0'), ('75', 'PF', 'PYF', '法属波利尼西亚', 'French Polynesia', 'FRENCH POLYNESIA', '258', '689', null, '0'), ('76', 'TF', null, '法国南部地区', 'French Southern Territories', 'FRENCH SOUTHERN TERRITORIES', null, '0', null, '0'), ('77', 'GA', 'GAB', '加蓬', 'Gabon', 'GABON', '266', '241', null, '0'), ('78', 'GM', 'GMB', '冈比亚', 'Gambia', 'GAMBIA', '270', '220', null, '0'), ('79', 'GE', 'GEO', '乔治亚州', 'Georgia', 'GEORGIA', '268', '995', null, '0'), ('80', 'DE', 'DEU', '德国', 'Germany', 'GERMANY', '276', '49', null, '0'), ('81', 'GH', 'GHA', '加纳', 'Ghana', 'GHANA', '288', '233', null, '0'), ('82', 'GI', 'GIB', '直布罗陀', 'Gibraltar', 'GIBRALTAR', '292', '350', null, '0'), ('83', 'GR', 'GRC', '希腊', 'Greece', 'GREECE', '300', '30', null, '0'), ('84', 'GL', 'GRL', '格陵兰岛', 'Greenland', 'GREENLAND', '304', '299', null, '0'), ('85', 'GD', 'GRD', '格林纳达', 'Grenada', 'GRENADA', '308', '1473', null, '0'), ('86', 'GP', 'GLP', '瓜德罗普岛', 'Guadeloupe', 'GUADELOUPE', '312', '590', null, '0'), ('87', 'GU', 'GUM', '关岛', 'Guam', 'GUAM', '316', '1671', null, '0'), ('88', 'GT', 'GTM', '危地马拉', 'Guatemala', 'GUATEMALA', '320', '502', null, '0'), ('89', 'GN', 'GIN', '几内亚', 'Guinea', 'GUINEA', '324', '224', null, '0'), ('90', 'GW', 'GNB', '几内亚比绍', 'Guinea-Bissau', 'GUINEA-BISSAU', '624', '245', null, '0'), ('91', 'GY', 'GUY', '圭亚那', 'Guyana', 'GUYANA', '328', '592', null, '0'), ('92', 'HT', 'HTI', '海地', 'Haiti', 'HAITI', '332', '509', null, '0'), ('94', 'VA', 'VAT', '教廷(梵蒂冈)', 'Holy See (Vatican City State)', 'HOLY SEE (VATICAN CITY STATE)', '336', '39', null, '0'), ('95', 'HN', 'HND', '洪都拉斯', 'Honduras', 'HONDURAS', '340', '504', null, '0'), ('96', 'HK', 'HKG', '香港', 'Hong Kong', 'HONG KONG', '344', '852', null, '0'), ('97', 'HU', 'HUN', '匈牙利', 'Hungary', 'HUNGARY', '348', '36', null, '0'), ('98', 'IS', 'ISL', '冰岛', 'Iceland', 'ICELAND', '352', '354', null, '0'), ('99', 'IN', 'IND', '印度', 'India', 'INDIA', '356', '91', null, '0'), ('100', 'ID', 'IDN', '印尼', 'Indonesia', 'INDONESIA', '360', '62', null, '0'), ('101', 'IR', 'IRN', '伊朗伊斯兰共和国', 'Iran, Islamic Republic of', 'IRAN, ISLAMIC REPUBLIC OF', '364', '98', null, '0'), ('102', 'IQ', 'IRQ', '伊拉克', 'Iraq', 'IRAQ', '368', '964', null, '0'), ('103', 'IE', 'IRL', '爱尔兰', 'Ireland', 'IRELAND', '372', '353', null, '0'), ('104', 'IL', 'ISR', '以色列', 'Israel', 'ISRAEL', '376', '972', null, '0'), ('105', 'IT', 'ITA', '意大利', 'Italy', 'ITALY', '380', '39', null, '0'), ('106', 'JM', 'JAM', '牙买加', 'Jamaica', 'JAMAICA', '388', '1876', null, '0'), ('107', 'JP', 'JPN', '日本', 'Japan', 'JAPAN', '392', '81', null, '0'), ('108', 'JO', 'JOR', '约旦', 'Jordan', 'JORDAN', '400', '962', null, '0'), ('109', 'KZ', 'KAZ', '哈萨克斯坦', 'Kazakhstan', 'KAZAKHSTAN', '398', '7', null, '0'), ('110', 'KE', 'KEN', '肯尼亚', 'Kenya', 'KENYA', '404', '254', null, '0'), ('111', 'KI', 'KIR', '基里巴斯', 'Kiribati', 'KIRIBATI', '296', '686', null, '0'), ('113', 'KR', 'KOR', '朝鲜共和国', 'Korea, Republic of', 'KOREA, REPUBLIC OF', '410', '82', null, '0'), ('114', 'KW', 'KWT', '科威特', 'Kuwait', 'KUWAIT', '414', '965', null, '0'), ('115', 'KG', 'KGZ', '吉尔吉斯斯坦', 'Kyrgyzstan', 'KYRGYZSTAN', '417', '996', null, '0'), ('117', 'LV', 'LVA', '拉脱维亚', 'Latvia', 'LATVIA', '428', '371', null, '0'), ('118', 'LB', 'LBN', '黎巴嫩', 'Lebanon', 'LEBANON', '422', '961', null, '0'), ('119', 'LS', 'LSO', '莱索托', 'Lesotho', 'LESOTHO', '426', '266', null, '0'), ('120', 'LR', 'LBR', '利比里亚', 'Liberia', 'LIBERIA', '430', '231', null, '0'), ('121', 'LY', 'LBY', '阿拉伯利比亚民众国', 'Libyan Arab Jamahiriya', 'LIBYAN ARAB JAMAHIRIYA', '434', '218', null, '0'), ('122', 'LI', 'LIE', '列支敦斯登', 'Liechtenstein', 'LIECHTENSTEIN', '438', '423', null, '0'), ('123', 'LT', 'LTU', '立陶宛', 'Lithuania', 'LITHUANIA', '440', '370', null, '0'), ('124', 'LU', 'LUX', '卢森堡', 'Luxembourg', 'LUXEMBOURG', '442', '352', null, '0'), ('125', 'MO', 'MAC', '澳门', 'Macao', 'MACAO', '446', '853', null, '0'), ('127', 'MG', 'MDG', '马达加斯加', 'Madagascar', 'MADAGASCAR', '450', '261', null, '0'), ('128', 'MW', 'MWI', '马拉维', 'Malawi', 'MALAWI', '454', '265', null, '0'), ('129', 'MY', 'MYS', '马来西亚', 'Malaysia', 'MALAYSIA', '458', '60', null, '0'), ('130', 'MV', 'MDV', '马尔代夫', 'Maldives', 'MALDIVES', '462', '960', null, '0'), ('131', 'ML', 'MLI', '马里', 'Mali', 'MALI', '466', '223', null, '0'), ('132', 'MT', 'MLT', '马耳他', 'Malta', 'MALTA', '470', '356', null, '0'), ('133', 'MH', 'MHL', '马绍尔群岛', 'Marshall Islands', 'MARSHALL ISLANDS', '584', '692', null, '0'), ('134', 'MQ', 'MTQ', '马提尼克岛', 'Martinique', 'MARTINIQUE', '474', '596', null, '0'), ('135', 'MR', 'MRT', '毛利塔尼亚', 'Mauritania', 'MAURITANIA', '478', '222', null, '0'), ('136', 'MU', 'MUS', '毛里求斯', 'Mauritius', 'MAURITIUS', '480', '230', null, '0'), ('137', 'YT', null, '马约特岛', 'Mayotte', 'MAYOTTE', null, '269', null, '0'), ('138', 'MX', 'MEX', '墨西哥', 'Mexico', 'MEXICO', '484', '52', null, '0'), ('140', 'MD', 'MDA', '摩尔多瓦共和国', 'Moldova, Republic of', 'MOLDOVA, REPUBLIC OF', '498', '373', null, '0'), ('141', 'MC', 'MCO', '摩纳哥', 'Monaco', 'MONACO', '492', '377', null, '0'), ('142', 'MN', 'MNG', '蒙古', 'Mongolia', 'MONGOLIA', '496', '976', null, '0'), ('143', 'MS', 'MSR', '蒙特塞拉特', 'Montserrat', 'MONTSERRAT', '500', '1664', null, '0'), ('144', 'MA', 'MAR', '摩洛哥', 'Morocco', 'MOROCCO', '504', '212', null, '0'), ('145', 'MZ', 'MOZ', 'MOZAMBIQUE', 'Mozambique', 'MOZAMBIQUE', '508', '258', null, '0'), ('146', 'MM', 'MMR', '缅甸', 'Myanmar', 'MYANMAR', '104', '95', null, '0'), ('147', 'NA', 'NAM', '纳米比亚', 'Namibia', 'NAMIBIA', '516', '264', null, '0'), ('148', 'NR', 'NRU', '瑙鲁', 'Nauru', 'NAURU', '520', '674', null, '0'), ('149', 'NP', 'NPL', '尼泊尔', 'Nepal', 'NEPAL', '524', '977', null, '0'), ('150', 'NL', 'NLD', '荷兰', 'Netherlands', 'NETHERLANDS', '528', '31', null, '0'), ('151', 'AN', 'ANT', '荷属安的列斯群岛', 'Netherlands Antilles', 'NETHERLANDS ANTILLES', '530', '599', null, '0'), ('152', 'NC', 'NCL', '新喀里多尼亚', 'New Caledonia', 'NEW CALEDONIA', '540', '687', null, '0'), ('153', 'NZ', 'NZL', '新西兰', 'New Zealand', 'NEW ZEALAND', '554', '64', null, '0'), ('154', 'NI', 'NIC', '尼加拉瓜', 'Nicaragua', 'NICARAGUA', '558', '505', null, '0'), ('155', 'NE', 'NER', '尼日尔', 'Niger', 'NIGER', '562', '227', null, '0'), ('156', 'NG', 'NGA', '尼日利亚', 'Nigeria', 'NIGERIA', '566', '234', null, '0'), ('157', 'NU', 'NIU', '纽埃岛', 'Niue', 'NIUE', '570', '683', null, '0'), ('158', 'NF', 'NFK', '诺福克岛', 'Norfolk Island', 'NORFOLK ISLAND', '574', '672', null, '0'), ('159', 'MP', 'MNP', '北马里亚纳群岛', 'Northern Mariana Islands', 'NORTHERN MARIANA ISLANDS', '580', '1670', null, '0'), ('160', 'NO', 'NOR', '挪威', 'Norway', 'NORWAY', '578', '47', null, '0'), ('161', 'OM', 'OMN', '阿曼', 'Oman', 'OMAN', '512', '968', null, '0'), ('162', 'PK', 'PAK', '巴基斯坦', 'Pakistan', 'PAKISTAN', '586', '92', null, '0'), ('163', 'PW', 'PLW', '帕劳', 'Palau', 'PALAU', '585', '680', null, '0'), ('165', 'PA', 'PAN', '巴拿马', 'Panama', 'PANAMA', '591', '507', null, '0'), ('166', 'PG', 'PNG', '巴布新几内亚', 'Papua New Guinea', 'PAPUA NEW GUINEA', '598', '675', null, '0'), ('167', 'PY', 'PRY', '巴拉圭', 'Paraguay', 'PARAGUAY', '600', '595', null, '0'), ('168', 'PE', 'PER', '秘鲁', 'Peru', 'PERU', '604', '51', null, '0'), ('169', 'PH', 'PHL', '菲律宾', 'Philippines', 'PHILIPPINES', '608', '63', null, '0'), ('170', 'PN', 'PCN', '皮特克恩', 'Pitcairn', 'PITCAIRN', '612', '0', null, '0'), ('171', 'PL', 'POL', '波兰', 'Poland', 'POLAND', '616', '48', null, '0'), ('172', 'PT', 'PRT', '葡萄牙', 'Portugal', 'PORTUGAL', '620', '351', null, '0'), ('173', 'PR', 'PRI', '波多黎各', 'Puerto Rico', 'PUERTO RICO', '630', '1787', null, '0'), ('174', 'QA', 'QAT', '卡塔尔', 'Qatar', 'QATAR', '634', '974', null, '0'), ('175', 'RE', 'REU', '团聚', 'Reunion', 'REUNION', '638', '262', null, '0'), ('176', 'RO', 'ROM', '罗马尼亚', 'Romania', 'ROMANIA', '642', '40', null, '0'), ('177', 'RU', 'RUS', '俄罗斯联邦', 'Russian Federation', 'RUSSIAN FEDERATION', '643', '70', null, '0'), ('178', 'RW', 'RWA', '卢旺达', 'Rwanda', 'RWANDA', '646', '250', null, '0'), ('179', 'SH', 'SHN', '圣赫勒拿', 'Saint Helena', 'SAINT HELENA', '654', '290', null, '0'), ('180', 'KN', 'KNA', '圣基茨和尼维斯', 'Saint Kitts and Nevis', 'SAINT KITTS AND NEVIS', '659', '1869', null, '0'), ('181', 'LC', 'LCA', '圣卢西亚岛', 'Saint Lucia', 'SAINT LUCIA', '662', '1758', null, '0'), ('182', 'PM', 'SPM', '圣皮埃尔和MIQUELON', 'Saint Pierre and Miquelon', 'SAINT PIERRE AND MIQUELON', '666', '508', null, '0'), ('184', 'WS', 'WSM', '萨摩亚', 'Samoa', 'SAMOA', '882', '684', null, '0'), ('185', 'SM', 'SMR', '圣马力诺', 'San Marino', 'SAN MARINO', '674', '378', null, '0'), ('186', 'ST', 'STP', '圣多美和王子', 'Sao Tome and Principe', 'SAO TOME AND PRINCIPE', '678', '239', null, '0'), ('187', 'SA', 'SAU', '沙特阿拉伯', 'Saudi Arabia', 'SAUDI ARABIA', '682', '966', null, '0'), ('188', 'SN', 'SEN', '塞内加尔', 'Senegal', 'SENEGAL', '686', '221', null, '0'), ('189', 'CS', null, '塞尔维亚和黑山', 'Serbia and Montenegro', 'SERBIA AND MONTENEGRO', null, '381', null, '0'), ('190', 'SC', 'SYC', '塞舌尔', 'Seychelles', 'SEYCHELLES', '690', '248', null, '0'), ('191', 'SL', 'SLE', '塞拉利昂', 'Sierra Leone', 'SIERRA LEONE', '694', '232', null, '0'), ('192', 'SG', 'SGP', '新加坡', 'Singapore', 'SINGAPORE', '702', '65', null, '0'), ('193', 'SK', 'SVK', '斯洛伐克', 'Slovakia', 'SLOVAKIA', '703', '421', null, '0'), ('194', 'SI', 'SVN', '斯洛文尼亚', 'Slovenia', 'SLOVENIA', '705', '386', null, '0'), ('195', 'SB', 'SLB', '所罗门群岛', 'Solomon Islands', 'SOLOMON ISLANDS', '90', '677', null, '0'), ('196', 'SO', 'SOM', '索马里', 'Somalia', 'SOMALIA', '706', '252', null, '0'), ('197', 'ZA', 'ZAF', '南非', 'South Africa', 'SOUTH AFRICA', '710', '27', null, '0'), ('199', 'ES', 'ESP', '西班牙', 'Spain', 'SPAIN', '724', '34', null, '0'), ('200', 'LK', 'LKA', '斯里兰卡', 'Sri Lanka', 'SRI LANKA', '144', '94', null, '0'), ('201', 'SD', 'SDN', '苏丹', 'Sudan', 'SUDAN', '736', '249', null, '0'), ('202', 'SR', 'SUR', '苏里南', 'Suriname', 'SURINAME', '740', '597', null, '0'), ('203', 'SJ', 'SJM', '斯瓦尔巴群岛和扬马延岛', 'Svalbard and Jan Mayen', 'SVALBARD AND JAN MAYEN', '744', '47', null, '0'), ('204', 'SZ', 'SWZ', '斯威士兰', 'Swaziland', 'SWAZILAND', '748', '268', null, '0'), ('205', 'SE', 'SWE', '瑞典', 'Sweden', 'SWEDEN', '752', '46', null, '0'), ('206', 'CH', 'CHE', '瑞士', 'Switzerland', 'SWITZERLAND', '756', '41', null, '0'), ('207', 'SY', 'SYR', '阿拉伯叙利亚共和国', 'Syrian Arab Republic', 'SYRIAN ARAB REPUBLIC', '760', '963', null, '0'), ('208', 'TW', 'TWN', '台湾,中国的省份', 'Taiwan, Province of China', 'TAIWAN, PROVINCE OF CHINA', '158', '886', null, '0'), ('209', 'TJ', 'TJK', '塔吉克斯坦', 'Tajikistan', 'TAJIKISTAN', '762', '992', null, '0'), ('210', 'TZ', 'TZA', '坦桑尼亚联合共和国', 'Tanzania, United Republic of', 'TANZANIA, UNITED REPUBLIC OF', '834', '255', null, '0'), ('211', 'TH', 'THA', '泰国', 'Thailand', 'THAILAND', '764', '66', null, '0'), ('212', 'TL', null, '东帝汶', 'Timor-Leste', 'TIMOR-LESTE', null, '670', null, '0'), ('213', 'TG', 'TGO', '多哥', 'Togo', 'TOGO', '768', '228', null, '0'), ('214', 'TK', 'TKL', '托克劳', 'Tokelau', 'TOKELAU', '772', '690', null, '0'), ('215', 'TO', 'TON', '汤加', 'Tonga', 'TONGA', '776', '676', null, '0'), ('216', 'TT', 'TTO', '特立尼达和多巴哥', 'Trinidad and Tobago', 'TRINIDAD AND TOBAGO', '780', '1868', null, '0'), ('217', 'TN', 'TUN', '突尼斯', 'Tunisia', 'TUNISIA', '788', '216', null, '0'), ('218', 'TR', 'TUR', '土耳其', 'Turkey', 'TURKEY', '792', '90', null, '0'), ('219', 'TM', 'TKM', '土库曼斯坦', 'Turkmenistan', 'TURKMENISTAN', '795', '7370', null, '0'), ('220', 'TC', 'TCA', '特克斯和凯科斯群岛', 'Turks and Caicos Islands', 'TURKS AND CAICOS ISLANDS', '796', '1649', null, '0'), ('221', 'TV', 'TUV', '图瓦卢', 'Tuvalu', 'TUVALU', '798', '688', null, '0'), ('222', 'UG', 'UGA', '乌干达', 'Uganda', 'UGANDA', '800', '256', null, '0'), ('223', 'UA', 'UKR', '乌克兰', 'Ukraine', 'UKRAINE', '804', '380', null, '0'), ('224', 'AE', 'ARE', '阿拉伯联合酋长国', 'United Arab Emirates', 'UNITED ARAB EMIRATES', '784', '971', null, '0'), ('225', 'GB', 'GBR', '联合王国', 'United Kingdom', 'UNITED KINGDOM', '826', '44', null, '0'), ('226', 'US', 'USA', '美国', 'United States', 'UNITED STATES', '840', '1', null, '0'), ('228', 'UY', 'URY', '乌拉圭', 'Uruguay', 'URUGUAY', '858', '598', null, '0'), ('229', 'UZ', 'UZB', '乌兹别克斯坦', 'Uzbekistan', 'UZBEKISTAN', '860', '998', null, '0'), ('230', 'VU', 'VUT', '瓦努阿图', 'Vanuatu', 'VANUATU', '548', '678', null, '0'), ('231', 'VE', 'VEN', '委内瑞拉', 'Venezuela', 'VENEZUELA', '862', '58', null, '0'), ('232', 'VN', 'VNM', '越南', 'Viet Nam', 'VIET NAM', '704', '84', null, '0'), ('233', 'VG', 'VGB', '维尔京群岛,英国', 'Virgin Islands, British', 'VIRGIN ISLANDS, BRITISH', '92', '1284', null, '0'), ('234', 'VI', 'VIR', '维尔京群岛,美国', 'Virgin Islands, U.s.', 'VIRGIN ISLANDS, U.S.', '850', '1340', null, '0'), ('235', 'WF', 'WLF', '瓦利斯群岛和富图纳群岛', 'Wallis and Futuna', 'WALLIS AND FUTUNA', '876', '681', null, '0'), ('236', 'EH', 'ESH', '西撒哈拉', 'Western Sahara', 'WESTERN SAHARA', '732', '212', null, '0'), ('237', 'YE', 'YEM', '也门', 'Yemen', 'YEMEN', '887', '967', null, '0'), ('238', 'ZM', 'ZMB', '赞比亚', 'Zambia', 'ZAMBIA', '894', '260', null, '0'), ('239', 'ZW', 'ZWE', '津巴布韦', 'Zimbabwe', 'ZIMBABWE', '716', '263', null, '0');
COMMIT;

-- ----------------------------
--  Table structure for `base_fee`
-- ----------------------------
DROP TABLE IF EXISTS `base_fee`;
CREATE TABLE `base_fee` (
  `id` int(8) NOT NULL DEFAULT '0' COMMENT 'id',
  `region_type` tinyint(4) DEFAULT NULL COMMENT '：1-运营区域，2-非运营区域，3-正常停放区域  4-禁止停区',
  `price` decimal(10,2) DEFAULT NULL COMMENT '骑车每分钟单价',
  `basic_fare` decimal(10,2) NOT NULL DEFAULT '0.00' COMMENT '基本费用金额',
  `park_fee` decimal(10,2) DEFAULT '0.00' COMMENT '停车扣款',
  `gmt_create` bigint(20) DEFAULT NULL,
  `gmt_modified` bigint(20) DEFAULT NULL,
  PRIMARY KEY (`id`)
) ENGINE=InnoDB DEFAULT CHARSET=utf8mb4 ROW_FORMAT=COMPACT COMMENT='基础费用表';

-- ----------------------------
--  Records of `base_fee`
-- ----------------------------
BEGIN;
INSERT INTO `base_fee` VALUES ('1', '3', '12.00', '23.00', '12.00', '12123123', '123213123');
COMMIT;

-- ----------------------------
--  Table structure for `base_type`
-- ----------------------------
DROP TABLE IF EXISTS `base_type`;
CREATE TABLE `base_type` (
  `id` int(11) NOT NULL AUTO_INCREMENT,
  `cat_name` varchar(20) NOT NULL COMMENT '类目名称',
  `cat_id` int(2) NOT NULL COMMENT '类目id1：投诉类型 2：单车维修部位',
  `type_name` varchar(20) NOT NULL COMMENT '类目名称',
  `gmt_create` bigint(15) NOT NULL COMMENT '创建时间',
  `gmt_modified` bigint(15) NOT NULL COMMENT '修改时间',
  `create_oper_id` bigint(20) DEFAULT NULL COMMENT '创建操作员id',
  `update_oper_id` bigint(20) DEFAULT NULL,
  PRIMARY KEY (`id`)
) ENGINE=InnoDB AUTO_INCREMENT=26 DEFAULT CHARSET=utf8mb4 ROW_FORMAT=COMPACT COMMENT='基础类型表';

-- ----------------------------
--  Records of `base_type`
-- ----------------------------
BEGIN;
INSERT INTO `base_type` VALUES ('1', 'complaint', '1', 'Private lock', '121313', '1', '1', null), ('2', 'complaint', '1', 'Battery', '121313', '1', '1', null), ('3', 'complaint', '1', 'Pedal', '121313', '1', '1', null), ('4', 'complaint', '1', 'Pedal', '121313', '1', '1', null), ('5', 'complaint', '1', 'Accelerator', '121313', '1', '1', null), ('6', 'complaint', '1', 'Others', '121313', '1', '1', null), ('20', 'damaged part', '2', 'Handlebar', '121313', '1', '1', null), ('21', 'damaged part', '2', 'Handlebar', '121313', '1', '1', null), ('22', 'damaged part', '2', 'Handlebar', '121313', '1', '1', null), ('23', 'damaged part', '2', 'Handlebar', '121313', '1', '1', null), ('24', 'damaged part', '2', 'Handlebar', '121313', '1', '1', null), ('25', 'damaged part', '2', 'Handlebar', '121313', '1', '1', null);
COMMIT;

-- ----------------------------
--  Table structure for `bike_info`
-- ----------------------------
DROP TABLE IF EXISTS `bike_info`;
CREATE TABLE `bike_info` (
  `id` bigint(20) NOT NULL AUTO_INCREMENT COMMENT '主键',
  `bike_no` varchar(20) COLLATE utf8_bin NOT NULL COMMENT '单车编号',
  `latitude` varchar(30) COLLATE utf8_bin DEFAULT NULL COMMENT '经度',
  `longitude` varchar(30) COLLATE utf8_bin DEFAULT NULL COMMENT '纬度',
  `battery` varchar(30) COLLATE utf8_bin DEFAULT NULL COMMENT '电池电量',
  `region_id` bigint(20) DEFAULT NULL,
  `status` tinyint(4) NOT NULL COMMENT '状态 0-正常 1-已预约 2-使用中 9-毁坏',
  `gmt_create` datetime NOT NULL COMMENT '创建时间',
  `gmt_modified` datetime NOT NULL COMMENT '修改时间',
  PRIMARY KEY (`id`)
) ENGINE=InnoDB AUTO_INCREMENT=13 DEFAULT CHARSET=utf8 COLLATE=utf8_bin;

-- ----------------------------
--  Records of `bike_info`
-- ----------------------------
BEGIN;
INSERT INTO `bike_info` VALUES ('1', '12333333', '31.18334', '121.43348', '50 ', '1', '0', '2019-03-10 09:20:34', '2019-03-10 09:20:38'), ('2', '123456788', '32.18334', '123.43348', '39', '1', '0', '2019-03-11 09:21:58', '2019-03-10 09:22:02'), ('3', '123456789', '33.18334', '122.43350', '39', '1', '0', '2019-03-11 09:21:58', '2019-03-10 09:22:02'), ('4', '123456790', '31.88334', '122.43348', '39', '1', '0', '2019-03-11 09:21:58', '2019-03-10 09:22:02'), ('5', '123456791', '31.44334', '122.43348', '39', '1', '0', '2019-03-11 09:21:58', '2019-03-10 09:22:02'), ('6', '123456792', '31.38224', '122.43348', '39', '1', '0', '2019-03-11 09:21:58', '2019-03-10 09:22:02'), ('7', '123456793', '31.38334', '122.43348', '39', '1', '0', '2019-03-11 09:21:58', '2019-03-10 09:22:02'), ('8', '123456794', '32.38334', '122.43348', '39', '1', '0', '2019-03-11 09:21:58', '2019-03-10 09:22:02'), ('9', '123456795', '33.44334', '122.43348', '39', '1', '0', '2019-03-11 09:21:58', '2019-03-10 09:22:02'), ('10', '123456796', '34.38334', '122.43348', '39', '1', '0', '2019-03-11 09:21:58', '2019-03-10 09:22:02'), ('11', '123456797', '35.38334', '121.43348', '39', '1', '0', '2019-03-11 09:21:58', '2019-03-10 09:22:02'), ('12', '123456798', '35.55334', '121.43348', '55', '1', '0', '2019-03-11 09:21:58', '2019-03-10 09:22:02');
COMMIT;

-- ----------------------------
--  Table structure for `bill_refund`
-- ----------------------------
DROP TABLE IF EXISTS `bill_refund`;
CREATE TABLE `bill_refund` (
  `id` bigint(20) NOT NULL AUTO_INCREMENT,
  PRIMARY KEY (`id`)
) ENGINE=InnoDB DEFAULT CHARSET=utf8mb4 ROW_FORMAT=COMPACT COMMENT='退款流水表';

-- ----------------------------
--  Table structure for `bill_with_draw`
-- ----------------------------
DROP TABLE IF EXISTS `bill_with_draw`;
CREATE TABLE `bill_with_draw` (
  `id` bigint(20) NOT NULL COMMENT '提现流水id',
  `user_id` bigint(20) NOT NULL COMMENT '用户id',
  `bank_code` varchar(20) NOT NULL COMMENT '银行编码',
  `bank_name` varchar(20) NOT NULL COMMENT '开户行名称',
  `bank_branch_name` varchar(30) DEFAULT NULL COMMENT '分行名称',
  `bank_account_name` varchar(30) NOT NULL COMMENT '账户名称',
  `bank_card_no` varchar(20) NOT NULL COMMENT '银行卡号',
  `amount` decimal(10,2) NOT NULL COMMENT '提现金额',
  `with_draw_type` tinyint(4) NOT NULL COMMENT '提现类型 1-快速提现 2-普通提现',
  `status` tinyint(4) NOT NULL COMMENT '0-提现申请 1-申请成功 2-提现支付中 3-提现成功 4-提现失败',
  `pay_time` datetime DEFAULT NULL COMMENT '提现支付时间',
  `pay_url` varchar(200) DEFAULT NULL COMMENT '打款凭证',
  `gmt_create` datetime NOT NULL COMMENT '创建时间',
  `gmt_modified` datetime NOT NULL COMMENT '修改时间',
  `auditing_user_id` bigint(20) DEFAULT NULL,
  `auditing_user_name` varchar(20) DEFAULT NULL,
  `auditing_time` datetime DEFAULT NULL ON UPDATE CURRENT_TIMESTAMP,
  PRIMARY KEY (`id`),
  KEY `idx_userid` (`user_id`),
  KEY `idx_status` (`status`)
) ENGINE=InnoDB DEFAULT CHARSET=utf8mb4 ROW_FORMAT=COMPACT COMMENT='提现流水表';

-- ----------------------------
--  Records of `bill_with_draw`
-- ----------------------------
BEGIN;
INSERT INTO `bill_with_draw` VALUES ('2218080619485950136', '100001', 'CMB', '招商银行', '', '郭孝兵', '6225882112850281', '0.10', '2', '0', null, null, '2018-08-06 19:49:00', '2018-08-06 19:49:00', null, null, null), ('2218080619490067562', '100001', 'CMB', '招商银行', '', '郭孝兵', '6225882112850281', '0.10', '2', '0', null, null, '2018-08-06 19:49:01', '2018-08-06 19:49:01', null, null, null), ('2218080619490153974', '100001', 'CMB', '招商银行', '', '郭孝兵', '6225882112850281', '0.10', '2', '0', null, null, '2018-08-06 19:49:02', '2018-08-06 19:49:02', null, null, null), ('2218080619490229082', '100001', 'CMB', '招商银行', '', '郭孝兵', '6225882112850281', '0.10', '2', '0', null, null, '2018-08-06 19:49:02', '2018-08-06 19:49:02', null, null, null), ('2218080619490291276', '100001', 'CMB', '招商银行', '', '郭孝兵', '6225882112850281', '0.10', '2', '0', null, null, '2018-08-06 19:49:03', '2018-08-06 19:49:03', null, null, null), ('2218080619490335514', '100001', 'CMB', '招商银行', '', '郭孝兵', '6225882112850281', '0.10', '2', '3', '2018-09-20 18:30:39', 'http://images.zhixingchuyun.com/ZZ_0914141750_2el8er.jpg', '2018-08-06 19:49:03', '2018-08-06 19:49:03', '8', '陈豪', '2018-09-14 14:17:50'), ('2218091414194385781', '100014', 'CCB', '中国建设银行', '', '上海王道储运有限责任公司', '6217001210024455220', '8888.00', '2', '3', '2018-09-21 19:50:40', 'http://images.zhixingchuyun.com/ZZ_0914141957_x5i1kj.jpg', '2018-09-14 14:19:44', '2018-09-14 14:19:44', '8', '陈豪', '2018-09-14 14:19:58'), ('2218091416540335675', '100014', 'CCB', '中国建设银行', '', '上海王道储运有限责任公司', '6217001210024455220', '22.00', '2', '0', null, null, '2018-09-14 16:54:03', '2018-09-14 16:54:03', null, null, null), ('2218091817234363723', '100016', 'CMB', '招商银行', '', '胜利集团有限公司', '6214831209890989', '1000.00', '2', '0', null, null, '2018-09-18 17:23:44', '2018-09-18 17:23:44', null, null, null), ('2218092000222682132', '100016', 'CMB', '招商银行', '', '胜利集团有限公司', '6214831209890989', '90000.00', '2', '0', null, null, '2018-09-20 00:22:27', '2018-09-20 00:22:27', null, null, null), ('2218092000242226737', '100016', 'CMB', '招商银行', '', '胜利集团有限公司', '6214831209890989', '9000.00', '2', '0', null, null, '2018-09-20 00:24:22', '2018-09-20 00:24:22', null, null, null), ('2218092015085071564', '100014', 'CCB', '中国建设银行', '', '上海王道储运有限责任公司', '6217001210024455220', '111.00', '2', '0', null, null, '2018-09-20 15:08:51', '2018-09-20 15:08:51', null, null, null);
COMMIT;

-- ----------------------------
--  Table structure for `order_appoint_info`
-- ----------------------------
DROP TABLE IF EXISTS `order_appoint_info`;
CREATE TABLE `order_appoint_info` (
  `id` bigint(20) NOT NULL COMMENT '订单id',
  `user_id` bigint(20) NOT NULL COMMENT '用户id',
  `bike_no` varchar(20) CHARACTER SET utf8 COLLATE utf8_bin NOT NULL COMMENT '单车编号',
  `status` tinyint(4) NOT NULL COMMENT '支付状态：1-预约中 2-已经取消',
  `appoint_endtime` timestamp NULL DEFAULT NULL COMMENT '预约结束时间',
  `gmt_create` timestamp NOT NULL DEFAULT '0000-00-00 00:00:00' COMMENT '创建时间',
  `gmt_modified` timestamp NOT NULL DEFAULT '0000-00-00 00:00:00' COMMENT '最后修改时间',
  PRIMARY KEY (`id`)
) ENGINE=InnoDB DEFAULT CHARSET=utf8 ROW_FORMAT=COMPACT COMMENT='订单基础表';

-- ----------------------------
--  Records of `order_appoint_info`
-- ----------------------------
BEGIN;
INSERT INTO `order_appoint_info` VALUES ('1903191410169186611', '101015', '123456792', '2', '2019-03-20 11:09:26', '2019-03-19 14:10:17', '2019-03-20 11:09:26'), ('1903191448498112291', '101015', '12333333', '2', '2019-03-19 15:03:50', '2019-03-19 14:48:50', '2019-03-19 14:48:50'), ('1903201113065094236', '101015', '123456792', '1', '2019-03-20 11:28:07', '2019-03-20 11:13:07', '2019-03-20 11:13:07');
COMMIT;

-- ----------------------------
--  Table structure for `order_appraise`
-- ----------------------------
DROP TABLE IF EXISTS `order_appraise`;
CREATE TABLE `order_appraise` (
  `id` bigint(20) NOT NULL AUTO_INCREMENT,
  `user_id` bigint(20) NOT NULL COMMENT '用户ID',
  `order_no` bigint(20) NOT NULL COMMENT '订单号',
  `enjoyDegree` tinyint(4) NOT NULL COMMENT '喜欢程度  满分5分',
  `picurl` varchar(200) NOT NULL COMMENT '评价图片',
  `appraise_content` varchar(500) NOT NULL COMMENT '评价内容',
  `gmt_create` bigint(20) NOT NULL COMMENT '创建时间',
  `gmt_modified` bigint(20) NOT NULL COMMENT '修改时间',
  PRIMARY KEY (`id`),
  UNIQUE KEY `uk_orderid` (`order_no`)
) ENGINE=InnoDB AUTO_INCREMENT=12 DEFAULT CHARSET=utf8mb4 ROW_FORMAT=COMPACT COMMENT='订单评价信息表';

-- ----------------------------
--  Records of `order_appraise`
-- ----------------------------
BEGIN;
INSERT INTO `order_appraise` VALUES ('11', '101015', '12002323232323', '3', '5', '不错的用户体验', '1552545075859', '1552545075859');
COMMIT;

-- ----------------------------
--  Table structure for `order_complaint`
-- ----------------------------
DROP TABLE IF EXISTS `order_complaint`;
CREATE TABLE `order_complaint` (
  `id` bigint(20) NOT NULL AUTO_INCREMENT,
  `user_id` bigint(20) NOT NULL COMMENT '用户ID',
  `comtype` varchar(20) DEFAULT NULL COMMENT '报修类型',
  `order_no` bigint(20) DEFAULT NULL COMMENT '用户ID',
  `bike_no` varchar(20) NOT NULL COMMENT '单车编号',
  `picurl` varchar(200) DEFAULT NULL COMMENT '评价图片',
  `status` tinyint(1) NOT NULL DEFAULT '0' COMMENT '状态0：待处理  1：已经处理',
  `complaint_content` varchar(500) DEFAULT NULL COMMENT '评价内容',
  `gmt_create` bigint(20) NOT NULL COMMENT '创建时间',
  `gmt_modified` bigint(20) NOT NULL COMMENT '修改时间',
  PRIMARY KEY (`id`)
) ENGINE=InnoDB AUTO_INCREMENT=13 DEFAULT CHARSET=utf8mb4 ROW_FORMAT=COMPACT COMMENT='订单信息表';

-- ----------------------------
--  Records of `order_complaint`
-- ----------------------------
BEGIN;
INSERT INTO `order_complaint` VALUES ('11', '101015', null, '12002323232323', '12002323232323', '5', '0', '不错的用户体验', '1552545126474', '1552545126474'), ('12', '101015', '12002323232323', '12002323232323', '12002323232323', '5', '0', '不错的用户体验', '1552976371981', '1552976371981');
COMMIT;

-- ----------------------------
--  Table structure for `order_info`
-- ----------------------------
DROP TABLE IF EXISTS `order_info`;
CREATE TABLE `order_info` (
  `id` bigint(20) NOT NULL COMMENT '订单id',
  `order_type` tinyint(4) NOT NULL COMMENT '订单类型：1-普通购物型  2-钢管等带车辆运输型',
  `buy_user_id` bigint(20) NOT NULL COMMENT '买家id',
  `buy_user_name` varchar(50) DEFAULT NULL COMMENT '买家真实姓名',
  `sale_user_id` bigint(20) NOT NULL COMMENT '卖家id',
  `sale_user_name` varchar(50) DEFAULT NULL COMMENT '卖家真实姓名',
  `amount` decimal(10,2) NOT NULL COMMENT '订单总金额(分)',
  `pay_amount` decimal(10,2) DEFAULT NULL COMMENT '支付总金额(分)',
  `goods_id` bigint(20) NOT NULL COMMENT '商品id',
  `goods_name` varchar(200) DEFAULT NULL COMMENT '商品名称-冗余字段',
  `amount_unit` varchar(200) DEFAULT NULL COMMENT '商品规格数量单位list简化信息',
  `category_id` int(11) NOT NULL COMMENT '类目id',
  `category_name` varchar(10) DEFAULT NULL COMMENT '类目名称-冗余字段',
  `quality` tinyint(4) DEFAULT NULL COMMENT '''成色  1-全新  2-二手 3-不限''',
  `quality_spec_id` int(11) DEFAULT NULL COMMENT '商品销售的品质规格id',
  `quality_spec_name` varchar(20) DEFAULT NULL COMMENT '商品销售的品质规格名称-冗余字段',
  `total_amount` decimal(10,2) DEFAULT NULL COMMENT '总数量',
  `total_weight` decimal(10,2) DEFAULT NULL COMMENT '总重量(磅重)-手动输入 单位(吨）',
  `price` decimal(10,2) DEFAULT NULL COMMENT '单价',
  `pay_type` tinyint(4) DEFAULT NULL COMMENT '支付方式：1-支付宝，2-微信，3-会员账户  4-线下支付',
  `pay_time` datetime DEFAULT NULL COMMENT '用户支付时间',
  `pay_trade_no` varchar(32) DEFAULT NULL COMMENT '收银台返回交易流水号',
  `out_trade_no` varchar(32) DEFAULT NULL COMMENT '支付订单号，传给收银台；发起支付时填入',
  `consignee` varchar(30) NOT NULL COMMENT '收货人',
  `mobile` varchar(15) NOT NULL COMMENT '收货人手机号码',
  `address` varchar(300) NOT NULL COMMENT '收货人详细地址',
  `remark` varchar(200) DEFAULT NULL COMMENT '备注',
  `close_time` datetime DEFAULT NULL COMMENT '未支付订单关闭截止时间',
  `order_status` tinyint(4) NOT NULL COMMENT '订单状态：1-待确认单价、2-待提货、 3-待装卸、 4-待支付 、5-待卖家确认、 6-待发货、 7-待收货、 8-已完成、9-退款中、10-退款成功、99-交易已关闭',
  `trade_status` tinyint(4) NOT NULL COMMENT '支付状态：1-待付款，2-付款中，3-付款成功，4-失败待干预',
  `estimate_status` tinyint(4) NOT NULL DEFAULT '0' COMMENT '评价状态  0-未评价  1-买家已评价  2-卖家已评价 3-双方已评价',
  `gmt_create` datetime NOT NULL COMMENT '创建时间',
  `gmt_modified` datetime NOT NULL COMMENT '最后修改时间',
  PRIMARY KEY (`id`),
  UNIQUE KEY `uk_outtradeno` (`out_trade_no`),
  KEY `idx_userid` (`buy_user_id`),
  KEY `idx_orderstatus_paystatus` (`order_status`,`trade_status`)
) ENGINE=InnoDB DEFAULT CHARSET=utf8 ROW_FORMAT=COMPACT COMMENT='订单基础表';

-- ----------------------------
--  Records of `order_info`
-- ----------------------------
BEGIN;
INSERT INTO `order_info` VALUES ('1809111058369929632', '1', '100003', '周晓威', '100005', '超级有型有限公司', '0.01', '0.01', '32', '80*80,100*100', null, '1003', '新型铁网', null, '100007', '1.1kg/张', '1.00', '0.00', '0.01', '2', '2018-09-11 10:59:15', '4200000181201809116847972285', null, '周晓威', '15900574049', '北京市北京市东城区饭撒范德萨发', '', null, '6', '3', '0', '2018-09-11 10:58:37', '2018-09-11 10:59:17'), ('1809111101075674595', '2', '100003', '周晓威', '100005', '超级有型有限公司', '0.00', '0.00', '24', '6.0米,5.9米,5.8米', null, '1001', '钢管', null, '100001', '330米/吨', '1.00', '0.00', '100.00', null, null, null, null, '周晓威', '15900574049', '北京市北京市东城区饭撒范德萨发', '', null, '2', '1', '0', '2018-09-11 11:01:08', '2018-09-11 11:13:36');
COMMIT;

-- ----------------------------
--  Table structure for `order_pay_flow`
-- ----------------------------
DROP TABLE IF EXISTS `order_pay_flow`;
CREATE TABLE `order_pay_flow` (
  `id` bigint(20) NOT NULL AUTO_INCREMENT,
  `order_id` bigint(20) NOT NULL COMMENT '订单id',
  `trade_no` varchar(50) NOT NULL COMMENT '交易流水号',
  `pay_amount` decimal(10,2) NOT NULL COMMENT '付款金额  用户在交易中支付的金额',
  `receipt_amount` decimal(10,2) NOT NULL COMMENT '实收金额  商家在交易中实际收到的款项，单位为元',
  `total_amount` decimal(10,2) NOT NULL COMMENT '本次交易支付的订单金额，单位为人民币（元）',
  `gmt_paycreate` datetime DEFAULT NULL COMMENT '支付创建时间',
  `gmt_payment` datetime NOT NULL COMMENT '支付时间',
  `trade_status` varchar(32) NOT NULL COMMENT '支付状态',
  `buyer_logon_id` varchar(100) NOT NULL COMMENT '支付者账号',
  `buyer_id` varchar(50) NOT NULL COMMENT '支付用户号',
  `notify_time` datetime NOT NULL COMMENT '异步通知时间',
  `sign` varchar(256) DEFAULT NULL COMMENT '通知的签名',
  `params_content` varchar(2000) NOT NULL COMMENT '异步通知的全部参数内容',
  `gmt_create` datetime NOT NULL COMMENT '创建时间',
  `gmt_modified` datetime NOT NULL COMMENT '修改时间',
  PRIMARY KEY (`id`),
  KEY `idx_orderid` (`order_id`)
) ENGINE=InnoDB AUTO_INCREMENT=54 DEFAULT CHARSET=utf8mb4 ROW_FORMAT=COMPACT COMMENT='订单支付流水表';

-- ----------------------------
--  Records of `order_pay_flow`
-- ----------------------------
BEGIN;
INSERT INTO `order_pay_flow` VALUES ('51', '1809111058369929632', '4200000181201809116847972285', '0.01', '0.01', '0.01', null, '2018-09-11 10:59:15', 'SUCCESS', 'oex1q01o5Lugd27K97qkTV6N3j_c', 'oex1q01o5Lugd27K97qkTV6N3j_c', '2018-09-11 10:59:17', null, '{\"appid\":\"wx66cad62474b9618a\",\"attach\":\"ZXSHARE\",\"bank_type\":\"CFT\",\"cash_fee\":\"1\",\"fee_type\":\"CNY\",\"is_subscribe\":\"N\",\"mch_id\":\"1513307301\",\"nonce_str\":\"f14nme1hcp4mvdd60mzscaj46mxzy4\",\"openid\":\"oex1q01o5Lugd27K97qkTV6N3j_c\",\"out_trade_no\":\"1809111058369929632\",\"result_code\":\"SUCCESS\",\"return_code\":\"SUCCESS\",\"sign\":\"66C8E7F82710815FA99686461EA0121B\",\"time_end\":\"20180911105915\",\"total_fee\":\"1\",\"trade_type\":\"APP\",\"transaction_id\":\"4200000181201809116847972285\"}', '2018-09-11 10:59:17', '2018-09-11 10:59:17'), ('52', '1809121143297408286', '4200000161201809123989443276', '0.04', '0.04', '0.04', null, '2018-09-12 11:49:57', 'SUCCESS', 'oex1q04m7qWUzWtxktoi9uIAY18g', 'oex1q04m7qWUzWtxktoi9uIAY18g', '2018-09-12 11:49:59', null, '{\"appid\":\"wx66cad62474b9618a\",\"attach\":\"ZXSHARE\",\"bank_type\":\"CEB_CREDIT\",\"cash_fee\":\"4\",\"fee_type\":\"CNY\",\"is_subscribe\":\"N\",\"mch_id\":\"1513307301\",\"nonce_str\":\"n58lwmhpsskkyuoy6s8lnu40fmgsbt\",\"openid\":\"oex1q04m7qWUzWtxktoi9uIAY18g\",\"out_trade_no\":\"1809121143297408286\",\"result_code\":\"SUCCESS\",\"return_code\":\"SUCCESS\",\"sign\":\"8C55376BE45126558C3031BB0CD4AC4F\",\"time_end\":\"20180912114957\",\"total_fee\":\"4\",\"trade_type\":\"APP\",\"transaction_id\":\"4200000161201809123989443276\"}', '2018-09-12 11:49:59', '2018-09-12 11:49:59'), ('53', '1809121450111761796', '4200000173201809125156106663', '0.03', '0.03', '0.03', null, '2018-09-12 16:04:18', 'SUCCESS', 'oex1q07EOlUmo3yFPc1XFD1O9teQ', 'oex1q07EOlUmo3yFPc1XFD1O9teQ', '2018-09-12 16:04:19', null, '{\"appid\":\"wx66cad62474b9618a\",\"attach\":\"ZXSHARE\",\"bank_type\":\"CFT\",\"cash_fee\":\"3\",\"fee_type\":\"CNY\",\"is_subscribe\":\"N\",\"mch_id\":\"1513307301\",\"nonce_str\":\"w8ek45eaayh5r8ewuig74am74debon\",\"openid\":\"oex1q07EOlUmo3yFPc1XFD1O9teQ\",\"out_trade_no\":\"1809121450111761796\",\"result_code\":\"SUCCESS\",\"return_code\":\"SUCCESS\",\"sign\":\"60B10B93CB844FA756B4AF869A06329A\",\"time_end\":\"20180912160418\",\"total_fee\":\"3\",\"trade_type\":\"APP\",\"transaction_id\":\"4200000173201809125156106663\"}', '2018-09-12 16:04:19', '2018-09-12 16:04:19');
COMMIT;

-- ----------------------------
--  Table structure for `order_repair`
-- ----------------------------
DROP TABLE IF EXISTS `order_repair`;
CREATE TABLE `order_repair` (
  `id` bigint(20) NOT NULL AUTO_INCREMENT,
  `user_id` bigint(20) NOT NULL COMMENT '用户ID',
  `damaged_part` varchar(20) NOT NULL COMMENT '损坏部位',
  `bike_no` varchar(20) NOT NULL COMMENT '单车编号',
  `picurl` varchar(200) DEFAULT NULL COMMENT '报修图片',
  `status` tinyint(1) NOT NULL DEFAULT '0' COMMENT '状态0：待处理  1：已经处理',
  `content` varchar(500) DEFAULT NULL COMMENT '报修内容',
  `gmt_create` bigint(20) NOT NULL COMMENT '创建时间',
  `gmt_modified` bigint(20) NOT NULL COMMENT '修改时间',
  PRIMARY KEY (`id`)
) ENGINE=InnoDB AUTO_INCREMENT=13 DEFAULT CHARSET=utf8mb4 ROW_FORMAT=COMPACT COMMENT='报修信息表';

-- ----------------------------
--  Records of `order_repair`
-- ----------------------------
BEGIN;
INSERT INTO `order_repair` VALUES ('12', '101015', 'Battery', '12002323232323', '5', '0', '不错的用户体验', '1552976331338', '1552976331338');
COMMIT;

-- ----------------------------
--  Table structure for `order_ride_info`
-- ----------------------------
DROP TABLE IF EXISTS `order_ride_info`;
CREATE TABLE `order_ride_info` (
  `id` bigint(20) NOT NULL COMMENT '订单id',
  `user_id` bigint(20) NOT NULL COMMENT '用户id',
  `bike_no` varchar(20) CHARACTER SET utf8 COLLATE utf8_bin NOT NULL COMMENT '单车编号',
  `start_time` bigint(20) DEFAULT NULL COMMENT '骑行开始时间',
  `end_time` bigint(20) DEFAULT NULL COMMENT '骑行结束时间',
  `start_lat` varchar(30) CHARACTER SET utf8 COLLATE utf8_bin DEFAULT NULL COMMENT '开始纬度',
  `start_lng` varchar(30) CHARACTER SET utf8 COLLATE utf8_bin DEFAULT NULL COMMENT '开始经度',
  `end_lat` varchar(30) CHARACTER SET utf8 COLLATE utf8_bin DEFAULT NULL COMMENT '结束纬度',
  `end_lng` varchar(30) CHARACTER SET utf8 COLLATE utf8_bin DEFAULT NULL COMMENT '结束经度',
  `ride_distance` decimal(10,2) NOT NULL DEFAULT '0.00' COMMENT '骑行距离',
  `price` decimal(10,2) DEFAULT NULL COMMENT '单价',
  `basic_fare` decimal(10,2) NOT NULL DEFAULT '0.00' COMMENT '基本费用金额',
  `park_fee` decimal(10,2) DEFAULT '0.00' COMMENT '停车扣款',
  `amount` decimal(10,2) NOT NULL DEFAULT '0.00' COMMENT '金额',
  `pay_amount` decimal(10,2) DEFAULT NULL COMMENT '支付总金额(分)',
  `pay_type` tinyint(4) DEFAULT NULL COMMENT '支付方式：1-支付宝，2-微信，3-会员账户  4-线下支付',
  `pay_time` datetime DEFAULT NULL COMMENT '用户支付时间',
  `pay_trade_no` varchar(32) DEFAULT NULL COMMENT '收银台返回交易流水号',
  `out_trade_no` varchar(32) DEFAULT NULL COMMENT '支付订单号，传给收银台；发起支付时填入',
  `order_status` tinyint(4) NOT NULL COMMENT '订单状态：1-骑行中、2-骑行完成待支付、 3-支付完成  9-退款中、10-退款成功、99-交易已关闭',
  `itinerary_status` tinyint(4) NOT NULL DEFAULT '0' COMMENT '行程单开具状态  0-未开具  1-已开具',
  `estimate_status` tinyint(4) NOT NULL DEFAULT '0' COMMENT '评价状态  0-未评价  1-已评价  ',
  `gmt_create` bigint(20) DEFAULT NULL,
  `gmt_modified` bigint(20) DEFAULT NULL,
  PRIMARY KEY (`id`)
) ENGINE=InnoDB DEFAULT CHARSET=utf8 ROW_FORMAT=COMPACT COMMENT='骑行订单基础表';

-- ----------------------------
--  Records of `order_ride_info`
-- ----------------------------
BEGIN;
INSERT INTO `order_ride_info` VALUES ('1552359636574', '101015', '12333333', '20190312110037', null, 'string', 'string', null, null, '0.00', null, '0.00', '0.00', '0.00', null, null, null, null, null, '1', '0', '0', '20190312110037', '20190312110037'), ('92233720368547', '101018', '12333333', '1552362019131', null, 'string', 'string', null, null, '0.00', null, '0.00', '0.00', '0.00', null, null, null, null, '1903121140191315416', '2', '0', '0', '1552362019131', '1552362019131'), ('92433720368547758', '101018', '12333333', '1552361824282', '1552382460706', 'string', 'string', 'string', 'string', '1.00', '12.00', '23.00', '12.00', '4151.00', null, null, null, null, '1903121137042825798', '2', '0', '0', '1552361824282', '1552382460706'), ('1231231231231231231', '101015', '12333333', '1552361824282', '1552382460706', 'string', 'string', 'string', 'string', '1.00', '12.00', '23.00', '12.00', '4151.00', null, null, null, null, '1903121137042825798', '3', '1', '0', '1552361824282', '1552382460706'), ('1903121137042825798', '101015', '12333333', '1552361824282', '1552382460706', 'string', 'string', 'string', 'string', '1.00', '12.00', '23.00', '12.00', '4151.00', null, null, null, null, '1903121137042825798', '3', '0', '0', '1552361824282', '1552382460706'), ('1903121140191315416', '101015', '12333333', '1552362019131', null, 'string', 'string', null, null, '0.00', null, '0.00', '0.00', '100.00', null, null, null, null, '1903121140191315416', '3', '0', '0', '1552362019131', '1552362019131'), ('3303121137042825798', '101016', '12333333', '1552361824282', '1552382460706', 'string', 'string', 'string', 'string', '1.00', '12.00', '23.00', '12.00', '4151.00', null, null, null, null, '1903121137042825798', '3', '0', '0', '1552361824282', '1552382460706'), ('3303121140191315416', '101016', '12333333', '1552362019131', null, 'string', 'string', null, null, '0.00', null, '0.00', '0.00', '0.00', null, null, null, null, '1903121140191315416', '2', '0', '0', '1552362019131', '1552362019131'), ('3331231231231231231', '101016', '12333333', '1552361824282', '1552382460706', 'string', 'string', 'string', 'string', '1.00', '12.00', '23.00', '12.00', '4151.00', null, null, null, null, '1903121137042825798', '2', '0', '0', '1552361824282', '1552382460706'), ('4403121137042825798', '101017', '12333333', '1552361824282', '1552382460706', 'string', 'string', 'string', 'string', '1.00', '12.00', '23.00', '12.00', '4151.00', null, null, null, null, '1903121137042825798', '2', '0', '0', '1552361824282', '1552382460706'), ('4403121140191315416', '101017', '12333333', '1552362019131', null, 'string', 'string', null, null, '0.00', null, '0.00', '0.00', '0.00', null, null, null, null, '1903121140191315416', '2', '0', '0', '1552362019131', '1552362019131'), ('4431231231231231231', '101017', '12333333', '1552361824282', '1552382460706', 'string', 'string', 'string', 'string', '1.00', '12.00', '23.00', '12.00', '4151.00', null, null, null, null, '1903121137042825798', '2', '0', '0', '1552361824282', '1552382460706'), ('9223372036854775807', '101018', '12333333', '1552361824282', '1552382460706', 'string', 'string', 'string', 'string', '1.00', '12.00', '23.00', '12.00', '4151.00', null, null, null, null, '1903121137042825798', '2', '0', '0', '1552361824282', '1552382460706');
COMMIT;

-- ----------------------------
--  Table structure for `region_lnglat_info`
-- ----------------------------
DROP TABLE IF EXISTS `region_lnglat_info`;
CREATE TABLE `region_lnglat_info` (
  `id` bigint(20) NOT NULL AUTO_INCREMENT COMMENT 'id',
  `region_id` varchar(30) NOT NULL COMMENT '区域ID',
  `lat` varchar(30) DEFAULT NULL COMMENT '中心纬度',
  `lng` varchar(30) DEFAULT NULL COMMENT '中心经度',
  `gmt_create` bigint(20) DEFAULT NULL COMMENT '创建时间戳',
  PRIMARY KEY (`id`)
) ENGINE=InnoDB AUTO_INCREMENT=17 DEFAULT CHARSET=utf8 ROW_FORMAT=COMPACT COMMENT='区域经纬度信息表';

-- ----------------------------
--  Records of `region_lnglat_info`
-- ----------------------------
BEGIN;
INSERT INTO `region_lnglat_info` VALUES ('1', '1', '31.2363893860', '121.4745371906', null), ('2', '1', '31.2364520832', '121.4664430835', null), ('3', '1', '31.2273329681', '121.4700050571', null), ('4', '1', '31.2321175080', '121.5000395767', null), ('5', '2', '31.2363893860', '121.4745371906', null), ('6', '2', '31.2364520832', '121.4664430835', null), ('7', '2', '31.2273329681', '121.4700050571', null), ('8', '2', '31.2321175080', '121.5000395767', null), ('9', '2', '31.2059470265', '121.2629103358', null), ('10', '3', '31.2321175080', '121.5000395767', null), ('11', '3', '31.2093091155', '121.2717372767', null), ('12', '3', '31.2007249871', '121.2763732839', null), ('13', '4', '31.1944081364', '121.2906547112', null), ('14', '4', '31.1982577035', '121.3002236730', null), ('15', '4', '31.1883519320', '121.3050754745', null), ('16', '4', '31.1862445628', '121.2951405247', null);
COMMIT;

-- ----------------------------
--  Table structure for `region_setting_info`
-- ----------------------------
DROP TABLE IF EXISTS `region_setting_info`;
CREATE TABLE `region_setting_info` (
  `id` bigint(20) NOT NULL AUTO_INCREMENT COMMENT 'id',
  `region_name` varchar(30) NOT NULL COMMENT '区域名称',
  `region_type` tinyint(4) NOT NULL COMMENT '区域类型：1-运营区域，2-停车区域，3-禁止停车区域 ',
  `c_lat` varchar(30) DEFAULT NULL COMMENT '中心纬度',
  `c_lng` varchar(30) DEFAULT NULL COMMENT '中心经度',
  `lnglats` varchar(300) DEFAULT NULL COMMENT '区域经纬度',
  `currency` varchar(5) DEFAULT NULL COMMENT '币种',
  `bike_price` decimal(10,2) DEFAULT NULL COMMENT '单价',
  `price_unit` varchar(10) DEFAULT NULL COMMENT '骑车单价单位',
  `status` tinyint(4) NOT NULL COMMENT '状态：1-启用、2-关闭',
  `gmt_create` bigint(20) DEFAULT NULL COMMENT '创建时间戳',
  `gmt_modified` bigint(20) DEFAULT NULL COMMENT '修改时间戳',
  PRIMARY KEY (`id`)
) ENGINE=InnoDB AUTO_INCREMENT=5 DEFAULT CHARSET=utf8 ROW_FORMAT=COMPACT COMMENT='区域设置信息表';

-- ----------------------------
--  Records of `region_setting_info`
-- ----------------------------
BEGIN;
INSERT INTO `region_setting_info` VALUES ('1', '上海', '1', '31.2307338600', '121.4707817500', null, 'USD', '15.00', 'min', '1', null, null), ('2', '苏州', '1', '31.1377694300', '120.6410506100', null, 'USD', '15.00', 'min', '1', null, null), ('3', '上海', '2', '31.2307338600', '121.4707817500', null, 'USD', '15.00', 'min', '1', null, null), ('4', '上海', '3', '31.2307338600', '121.4707817500', null, 'USD', '15.00', 'min', '1', null, null);
COMMIT;

-- ----------------------------
--  Table structure for `start_page_cfg`
-- ----------------------------
DROP TABLE IF EXISTS `start_page_cfg`;
CREATE TABLE `start_page_cfg` (
  `id` bigint(20) NOT NULL AUTO_INCREMENT COMMENT '主键',
  `name` varchar(10) CHARACTER SET utf8 NOT NULL COMMENT '图片名称',
  `url` varchar(255) CHARACTER SET utf8 DEFAULT NULL COMMENT '连接',
  `content` varchar(50) CHARACTER SET utf8 DEFAULT NULL COMMENT '图片文案',
  `content_color` varchar(10) CHARACTER SET utf8 DEFAULT NULL COMMENT '字体颜色',
  `img_url` varchar(255) CHARACTER SET utf8 NOT NULL COMMENT '图片url',
  `create_oper_id` varchar(20) CHARACTER SET utf8 DEFAULT NULL COMMENT '创建人',
  `create_oper_name` datetime DEFAULT NULL COMMENT '创建时间',
  `modify_oper_id` varchar(20) CHARACTER SET utf8 DEFAULT NULL COMMENT '修改人',
  `modify_oper_name` datetime DEFAULT NULL COMMENT '修改时间',
  `gmt_create` datetime DEFAULT NULL COMMENT '创建时间',
  `gmt_modified` datetime DEFAULT NULL COMMENT '修改时间',
  PRIMARY KEY (`id`)
) ENGINE=InnoDB DEFAULT CHARSET=utf8mb4 ROW_FORMAT=COMPACT COMMENT='APP启动页配置表';

-- ----------------------------
--  Table structure for `suggest`
-- ----------------------------
DROP TABLE IF EXISTS `suggest`;
CREATE TABLE `suggest` (
  `id` bigint(20) NOT NULL AUTO_INCREMENT COMMENT '自增主键',
  `user_id` bigint(20) DEFAULT NULL COMMENT '用户id',
  `title` varchar(20) DEFAULT NULL COMMENT '标题',
  `suggest_type` tinyint(4) DEFAULT NULL COMMENT '建议类型  1-默认  其他暂未定义',
  `mobile` varchar(20) DEFAULT NULL COMMENT '联系手机号码',
  `content` varchar(500) NOT NULL COMMENT '内容',
  `status` tinyint(4) NOT NULL DEFAULT '0' COMMENT '状态  0-未处理  1-已处理  2-暂不处理',
  `gmt_create` datetime NOT NULL COMMENT '创建时间',
  `gmt_modified` datetime NOT NULL COMMENT '修改时间',
  PRIMARY KEY (`id`),
  KEY `idx_userid` (`user_id`)
) ENGINE=InnoDB AUTO_INCREMENT=9 DEFAULT CHARSET=utf8mb4 ROW_FORMAT=COMPACT COMMENT='用户建议反馈表';

-- ----------------------------
--  Records of `suggest`
-- ----------------------------
BEGIN;
INSERT INTO `suggest` VALUES ('6', '100008', '对的', '1', '12233', '二的选择', '1', '2018-09-12 11:25:59', '2018-09-12 11:25:59'), ('7', '100014', '反馈', '1', '18650167662', '我要反馈', '1', '2018-09-13 16:28:45', '2018-09-13 16:28:45'), ('8', '100008', '和你说你呢', '1', '12344', '呃呃呃额e', '1', '2018-09-14 16:18:17', '2018-09-14 16:18:17');
COMMIT;

-- ----------------------------
--  Table structure for `sys_msg_template`
-- ----------------------------
DROP TABLE IF EXISTS `sys_msg_template`;
CREATE TABLE `sys_msg_template` (
  `id` int(11) NOT NULL AUTO_INCREMENT COMMENT '自增主键',
  `msg_type` tinyint(4) NOT NULL COMMENT '消息类型 1-实名认证 2-银行卡认证 3 -订单  4-提现 5-信息发布',
  `msg_title` varchar(20) NOT NULL COMMENT '消息标题',
  `msg_content` varchar(300) NOT NULL COMMENT '消息内容',
  `msg_url` varchar(300) DEFAULT NULL COMMENT '消息打开的url',
  PRIMARY KEY (`id`)
) ENGINE=InnoDB AUTO_INCREMENT=23 DEFAULT CHARSET=utf8mb4 ROW_FORMAT=COMPACT COMMENT='系统消息模板表';

-- ----------------------------
--  Records of `sys_msg_template`
-- ----------------------------
BEGIN;
INSERT INTO `sys_msg_template` VALUES ('1', '1', '认证审核已成功提交', '您提交的（${verifyName}）已于${dateTime}成功提交。星享租将在1-3个工作日内完成审核工作', null), ('2', '1', '认证审核已成功通过', '您提交的（${verifyName}）已通过星享租的审核。您可以去个人中心查看自己相对应的会员权利。', null), ('3', '1', '认证审核未通过认证', '您提交的（${verifyName}）未通过星享租的审核，原因：${reason} 。请您认真填写，重新提交审核。若有问题，可联系在线客服。', null), ('4', '2', '银行卡已提交', '您提交的尾号为：（${bankCardNo}）的银行卡，已于${dateTime}成功提交。星享租将在1-3个工作日内完成审核工作，并进行打款。请您随时注意银行卡余额。', null), ('5', '2', '银行卡待绑验证', '星享租已完成对您银行卡的验证、打款操作，请您及时到个人中心-我的账户完成验证操作。', null), ('6', '2', '银行卡已成功绑定', '您的银行卡已通过星享租的验证流程。您可以去个人中心-我的账户中查看及进行提现操作。', null), ('7', '3', '订单待设置单价', '您的品类：（${category}）规格：（${spec}），已被（${buyer}）拍下，请您尽快设置单价，有助于您交易的尽快完成。', null), ('8', '3', '待安排提货', '您购买的：订单号【${orderId}】，卖家已设置单价，请填写司机信息，安排司机提货。', null), ('9', '3', '待安排装卸', '您销售的：订单号【${orderId}】，买家已经安排司机提货，请您安排好装卸事宜，并在装卸完成之后，填写装卸信息。', ''), ('10', '3', '订单待支付', '您购买的：订单号【${orderId}】，装卸已完成，已生成总价，请您尽快支付，以免延误卖家发货。', null), ('11', '3', '订单待发货', '您销售的：订单号【${orderId}】，买家已完成付款，请您尽快发货。', null), ('12', '3', '订单待收货', '您购买的：订单号【${orderId}】，卖家已发货，请您收到货后，及时确认。', null), ('13', '3', '订单待评价', '您购买的：订单号【${orderId}】，订单已完成，建议您尽快评价，方便您日后的交易。', null), ('14', '3', '订单待评价', '您销售的：订单号【${orderId}】，买家已确认收货，建议您尽快进行评价，方便您日后的交易。', null), ('15', '3', '自动确认收货', '您购买的：订单号【${orderId}】，距离自动确认收货时间还有${days}天时间，请您尽快确认收货。若有问题，可与卖家沟通或与星享租客服沟通。', null), ('16', '4', '提现申请已提交', '您的提现申请： 流水号【${withDrawId}】已于${dateTime} 成功提交。星享租将在1-3个工作日内完成审核工作，并进行打款。', null), ('17', '4', '提现申请已通过', '您的提现申请： 流水号【${withDrawId}】已通过星享租的审核，并安排了打款。请您注意从今天起的1-3工作日内的银行余额。', null), ('18', '5', '${msgType}已审核通过', '您提交的（${msgType}） 品类：（${category}）规格：（${spec}）已成功发布。请您及时注意客户回复您的讯息。', null), ('19', '6', '租赁信息审核通知', '您提交的 ${leaseTitle} 已经审核通过。 ', null), ('20', '6', '租赁信息审核通知', '您提交的 ${leaseTitle} 审核不通过，原因：${reason} 。如有疑问请联系在线客服。', null), ('21', '7', '买卖信息审核通知', '您提交的 ${goodsTitle} 已经审核通过。', null), ('22', '7', '买卖信息审核通知', '您提交的 ${goodsTitle} 审核不通过，原因：${reason} 。如有疑问请联系在线客服。', null);
COMMIT;

-- ----------------------------
--  Table structure for `sys_news`
-- ----------------------------
DROP TABLE IF EXISTS `sys_news`;
CREATE TABLE `sys_news` (
  `id` bigint(20) NOT NULL AUTO_INCREMENT,
  `news_type` tinyint(4) NOT NULL COMMENT '类型  1-数据库文体型  2- url外链型',
  `news_tag` varchar(200) DEFAULT NULL COMMENT '新闻标签',
  `news_category` tinyint(4) NOT NULL DEFAULT '1' COMMENT '资讯类别  1-热点  2-资讯  3-行情 ',
  `news_template_id` int(11) NOT NULL COMMENT '新闻模板id',
  `news_title` varchar(50) NOT NULL COMMENT '新闻标题',
  `news_short_des` varchar(200) DEFAULT NULL COMMENT '新闻简短描述',
  `news_url` varchar(200) DEFAULT NULL COMMENT '外链url',
  `news_pic` varchar(1000) DEFAULT NULL COMMENT '标题配图，多个用逗号隔开。七牛完整链接',
  `news_author` varchar(20) NOT NULL COMMENT '作者',
  `news_gmt_create` datetime NOT NULL COMMENT '资讯发布时间',
  `is_top` tinyint(4) NOT NULL DEFAULT '0' COMMENT '是否置顶  0-否 1-是',
  `read_times` int(11) DEFAULT NULL COMMENT '阅读次数',
  `status` tinyint(4) NOT NULL DEFAULT '0' COMMENT '状态 0-初始化  1-正常',
  `create_user_id` int(11) DEFAULT NULL COMMENT '创建人id',
  `create_user_name` varchar(20) DEFAULT NULL COMMENT '创建人名称',
  `update_user_id` int(11) DEFAULT NULL COMMENT '修改人id',
  `update_user_name` varchar(20) DEFAULT NULL COMMENT '修改人名称',
  `gmt_create` datetime NOT NULL COMMENT '创建时间',
  `gmt_modified` datetime NOT NULL COMMENT '修改时间',
  PRIMARY KEY (`id`),
  KEY `idx_newstype_newscategory` (`news_type`,`news_category`)
) ENGINE=InnoDB AUTO_INCREMENT=35 DEFAULT CHARSET=utf8mb4 ROW_FORMAT=COMPACT COMMENT='新闻资讯表';

-- ----------------------------
--  Records of `sys_news`
-- ----------------------------
BEGIN;
INSERT INTO `sys_news` VALUES ('33', '1', '1', '2', '1', '我是长标题', 'sdfjakldsfjsalkfjlks', '', null, 'admin', '2018-12-03 14:11:23', '0', '62', '1', '7', '黄兆鑫', null, null, '2018-09-26 11:50:55', '2018-12-03 14:11:23'), ('34', '1', '效果', '2', '1', '测试222', '1', '', null, 'hzx', '2018-12-04 15:08:33', '0', '18', '1', '1', '超级管理员', null, null, '2018-10-15 16:11:40', '2018-12-04 15:08:33');
COMMIT;

-- ----------------------------
--  Table structure for `sys_news_template`
-- ----------------------------
DROP TABLE IF EXISTS `sys_news_template`;
CREATE TABLE `sys_news_template` (
  `id` int(11) NOT NULL AUTO_INCREMENT COMMENT '自增主键',
  `name` varchar(255) NOT NULL COMMENT '模板名称',
  `content` varchar(5000) NOT NULL COMMENT '模板内容',
  `status` tinyint(4) NOT NULL COMMENT '状态 0-初始化  1-正常',
  `gmt_create` datetime NOT NULL COMMENT '创建时间',
  `gmt_modified` datetime NOT NULL COMMENT '修改时间',
  PRIMARY KEY (`id`)
) ENGINE=InnoDB AUTO_INCREMENT=2 DEFAULT CHARSET=utf8mb4 ROW_FORMAT=COMPACT COMMENT='新闻模板表';

-- ----------------------------
--  Records of `sys_news_template`
-- ----------------------------
BEGIN;
INSERT INTO `sys_news_template` VALUES ('1', '新闻模板1', '<html lang=\"zh-CN\">\n<head>\n    <meta name=\"applicable-device\" content=\"pc,mobile\" />\n    <meta name=\"MobileOptimized\" content=\"width\" />\n    <meta name=\"HandheldFriendly\" content=\"true\" />\n    <meta name=\"format-detection\" content=\"telephone=no\" />\n    <meta name=\"theme-color\" content=\"#ea6f5a\" />\n    <meta  charset=\"utf-8\" />\n    <meta  name=\"viewport\" content=\"width=device-width, initial-scale=1, maximum-scale=1, user-scalable=no\" />\n    <title>星享租</title>\n    <link rel=\"stylesheet\" href=\"http://images.zhixingchuyun.com/static/css/app.css\" />\n    <link rel=\"stylesheet\" href=\"http://images.zhixingchuyun.com/static/css/styleapp.css\" />\n    <meta  name=\"description\" content=\"\" data-n-head=\"true\" />\n</head>\n<body class=\"reader-day-mode normal-size\">\n<div id=\"app\">\n    <section id=\"layout-default\">\n        <div class=\"main-view\">\n            <div id=\"note-show\">\n                <div class=\"note\">\n                    <h1 class=\"title\">${newsTitle}</h1>\n                    <div class=\"article-info\">\n                        <div class=\"meta\">\n                            <span>${newsAuthor}</span>\n                            <span>${createTime}</span>\n                        </div>\n                    </div>\n                    <div class=\"content\">\n                        <div class=\"show-content-free\">\n                            <div class=\"collapse-free-content set\" >\n                                <div class=\"set\">\n                                ${newsContent}\n                                </div>\n                            </div>\n                        </div>\n                    </div>\n                    <div class=\"article-footer\">\n                        <div class=\"article-footer\">\n                            <div class=\"like-btn\"><span>阅读次数：</span><span class=\"badge\"> ${readTimes}</span></div>\n                        </div>\n                    </div>\n                    <hr />\n                </div>\n            </div>\n    </section>\n</div>\n<div class=\"progress\" style=\"width: 0%; height: 2px; background-color: rgb(234, 111, 90); opacity: 0;\"></div>\n</body>\n</html>', '1', '2018-09-26 10:35:11', '2018-09-26 10:35:13');
COMMIT;

-- ----------------------------
--  Table structure for `sys_news_text`
-- ----------------------------
DROP TABLE IF EXISTS `sys_news_text`;
CREATE TABLE `sys_news_text` (
  `news_id` bigint(20) NOT NULL COMMENT '新闻id',
  `news_content` text NOT NULL COMMENT '新闻内容',
  PRIMARY KEY (`news_id`),
  UNIQUE KEY `uk_newsid` (`news_id`)
) ENGINE=InnoDB DEFAULT CHARSET=utf8mb4 ROW_FORMAT=COMPACT COMMENT='新闻资讯内容';

-- ----------------------------
--  Records of `sys_news_text`
-- ----------------------------
BEGIN;
INSERT INTO `sys_news_text` VALUES ('32', 'afddasfkljlksfsfsdfsf '), ('33', '<p>　　据中钢网资讯研究院消息：回顾昨日，全国热卷稳中有跌，期货先强后弱，且下游整体需求暂未明显改观，但鉴于库存量较小，商家谨慎观望情绪浓厚。</p>\r\n\r\n<p>从宏观角度来看，与行业相关的重大消息主要有以下几点：</p>\r\n\r\n<p><img alt=\"\" src=\"http://images.zhixingchuyun.com/ZX_0925105315_8pgkss.jpg\" /></p>\r\n\r\n<p>　　一、据中国钢铁工业协会网站消息，中国钢铁工业协会党委书记、秘书长刘振江9月20日在第十八届中国钢铁原材料国际研讨会上发表讲话称，从阶段性看，中国钢产量已经由过去的快速增长期转入了相对平稳的、波动较小的峰值平台期。他表示，这是个阶段性的增长方式的重要转变。中国钢产量的这一阶段性平台期不可能转眼即逝，支撑它的是中国持续发展中偌大市场的刚性需求。</p>\r\n\r\n<p>　　二、中国钢铁工业协会秘书长刘振江在一次会议上接受采访时表示，与去年相比，今年钢厂不太可能普遍被要求按一定比例减产。如果空气质量良好，需要的减产就会减少，反之亦然，他周三在大连表示，符合排放标准的工厂将获得豁免。</p>\r\n\r\n<p>　　三、据中钢协初步数据，9月上旬中钢协会员企业粗钢日均产量为197.2万吨，旬比增长3.69%;截至该旬末，重点钢企钢材库存为1225万吨，旬比增长2.69%。</p>\r\n\r\n<p>　　四、据中钢网数据分析：全国24个主要市场3.0 热轧板卷平均价格4412元/吨，较上个交易日下调6元/吨。全国24个主要市场4.75 热轧板卷平均价格4354元/吨，较上个交易日下调6元/吨。</p>\r\n\r\n<p>　　五、昨日热卷期货主力热卷期货主力1901合约收盘价3978，跌36，跌幅0.90%。</p>\r\n\r\n<p>　　六、期螺夜盘：期螺01开4116，低开后企稳回升，最高4151，最低4106，收4147，涨4涨幅0.10%。期螺短期由跌趋稳，投资者可暂观望，激进者可逢低增多。(注：所有主力合约涨跌幅度为与上一日结算价之差)。</p>\r\n\r\n<p>　　综合以上信息，中钢网资讯研究院认为，当前现货市场心态稍有分歧，各地区商家操作略显不一，多松动出货，但考虑库存方面有所支撑，个别贸易商不愿降价销售，下游厂商入市积极性不高，资源整体成交无明显改观，综合分析，利好利空行情交织下，预计今日国内热轧市场稳中盘整。</p>'), ('34', '<table border=\"1\" cellspacing=\"0\" style=\"border-collapse:collapse; width:100%\">\r\n	<tbody>\r\n		<tr>\r\n			<td colspan=\"8\">10月15日上海市场焊管价格行情(仅供参考，不作为出货/采购等任何依据。)</td>\r\n		</tr>\r\n		<tr>\r\n			<td>品名</td>\r\n			<td>规格（mm）</td>\r\n			<td>公称口径</td>\r\n			<td>材质</td>\r\n			<td>产地</td>\r\n			<td>价格（元/吨）</td>\r\n			<td>涨跌</td>\r\n			<td>备注</td>\r\n		</tr>\r\n		<tr>\r\n			<td>焊管</td>\r\n			<td>4分*2.75mm</td>\r\n			<td>DN15</td>\r\n			<td>Q195-215</td>\r\n			<td>衡水华岐</td>\r\n			<td>4980</td>\r\n			<td>&nbsp;</td>\r\n			<td>&nbsp;</td>\r\n		</tr>\r\n		<tr>\r\n			<td>焊管</td>\r\n			<td>6分*2.75mm</td>\r\n			<td>DN20</td>\r\n			<td>Q195-215</td>\r\n			<td>衡水华岐</td>\r\n			<td>4970</td>\r\n			<td>&nbsp;</td>\r\n			<td>&nbsp;</td>\r\n		</tr>\r\n		<tr>\r\n			<td>焊管</td>\r\n			<td>1寸*3.25mm</td>\r\n			<td>DN25</td>\r\n			<td>Q195-215</td>\r\n			<td>衡水华岐</td>\r\n			<td>4930</td>\r\n			<td>&nbsp;</td>\r\n			<td>&nbsp;</td>\r\n		</tr>\r\n		<tr>\r\n			<td>焊管</td>\r\n			<td>1.2寸*3.25mm</td>\r\n			<td>DN32</td>\r\n			<td>Q195-215</td>\r\n			<td>衡水华岐</td>\r\n			<td>4930</td>\r\n			<td>&nbsp;</td>\r\n			<td>&nbsp;</td>\r\n		</tr>\r\n		<tr>\r\n			<td>脚手架管</td>\r\n			<td>1.5寸*3.25mm</td>\r\n			<td>DN40</td>\r\n			<td>Q195-215</td>\r\n			<td>衡水华岐</td>\r\n			<td>4840</td>\r\n			<td>&nbsp;</td>\r\n			<td>&nbsp;</td>\r\n		</tr>\r\n		<tr>\r\n			<td>焊管</td>\r\n			<td>1.5寸*3.25mm</td>\r\n			<td>DN40</td>\r\n			<td>Q195-215</td>\r\n			<td>衡水华岐</td>\r\n			<td>4850</td>\r\n			<td>&nbsp;</td>\r\n			<td>&nbsp;</td>\r\n		</tr>\r\n		<tr>\r\n			<td>焊管</td>\r\n			<td>2寸*3.5mm</td>\r\n			<td>DN50</td>\r\n			<td>Q195-215</td>\r\n			<td>衡水华岐</td>\r\n			<td>4850</td>\r\n			<td>&nbsp;</td>\r\n			<td>&nbsp;</td>\r\n		</tr>\r\n		<tr>\r\n			<td>焊管</td>\r\n			<td>2.5寸*3.75mm</td>\r\n			<td>DN65</td>\r\n			<td>Q195-215</td>\r\n			<td>衡水华岐</td>\r\n			<td>4850</td>\r\n			<td>&nbsp;</td>\r\n			<td>&nbsp;</td>\r\n		</tr>\r\n		<tr>\r\n			<td>焊管</td>\r\n			<td>3寸*3.75mm</td>\r\n			<td>DN80</td>\r\n			<td>Q195-215</td>\r\n			<td>衡水华岐</td>\r\n			<td>4850</td>\r\n			<td>&nbsp;</td>\r\n			<td>&nbsp;</td>\r\n		</tr>\r\n		<tr>\r\n			<td>焊管</td>\r\n			<td>4寸*3.75mm</td>\r\n			<td>DN100</td>\r\n			<td>Q215-235</td>\r\n			<td>衡水华岐</td>\r\n			<td>4780</td>\r\n			<td>&nbsp;</td>\r\n			<td>&nbsp;</td>\r\n		</tr>\r\n		<tr>\r\n			<td>焊管</td>\r\n			<td>4寸*4.0mm</td>\r\n			<td>DN100</td>\r\n			<td>Q215-235</td>\r\n			<td>衡水华岐</td>\r\n			<td>4750</td>\r\n			<td>&nbsp;</td>\r\n			<td>&nbsp;</td>\r\n		</tr>\r\n		<tr>\r\n			<td>焊管</td>\r\n			<td>5寸*4.5mm</td>\r\n			<td>DN125</td>\r\n			<td>Q215-235</td>\r\n			<td>衡水华岐</td>\r\n			<td>4950</td>\r\n			<td>&nbsp;</td>\r\n			<td>&nbsp;</td>\r\n		</tr>\r\n		<tr>\r\n			<td>焊管</td>\r\n			<td>6寸*4.5mm</td>\r\n			<td>DN150</td>\r\n			<td>Q215-235</td>\r\n			<td>衡水华岐</td>\r\n			<td>4950</td>\r\n			<td>&nbsp;</td>\r\n			<td>&nbsp;</td>\r\n		</tr>\r\n		<tr>\r\n			<td>焊管</td>\r\n			<td>8寸*6.0mm</td>\r\n			<td>DN200</td>\r\n			<td>Q215-235</td>\r\n			<td>衡水华岐</td>\r\n			<td>4980</td>\r\n			<td>&nbsp;</td>\r\n			<td>&nbsp;</td>\r\n		</tr>\r\n		<tr>\r\n			<td>焊管</td>\r\n			<td>6分*2.75mm</td>\r\n			<td>DN20</td>\r\n			<td>Q195-215</td>\r\n			<td>天津君诚</td>\r\n			<td>4940</td>\r\n			<td>&nbsp;</td>\r\n			<td>&nbsp;</td>\r\n		</tr>\r\n		<tr>\r\n			<td>焊管</td>\r\n			<td>1寸*3.25mm</td>\r\n			<td>DN25</td>\r\n			<td>Q195-215</td>\r\n			<td>天津君诚</td>\r\n			<td>4910</td>\r\n			<td>&nbsp;</td>\r\n			<td>&nbsp;</td>\r\n		</tr>\r\n		<tr>\r\n			<td>焊管</td>\r\n			<td>4寸*3.75mm</td>\r\n			<td>DN100</td>\r\n			<td>Q215-235</td>\r\n			<td>天津君诚</td>\r\n			<td>4730</td>\r\n			<td>&nbsp;</td>\r\n			<td>&nbsp;</td>\r\n		</tr>\r\n		<tr>\r\n			<td>焊管</td>\r\n			<td>6寸*4.5mm</td>\r\n			<td>DN150</td>\r\n			<td>Q215-235</td>\r\n			<td>天津君诚</td>\r\n			<td>4920</td>\r\n			<td>&nbsp;</td>\r\n			<td>&nbsp;</td>\r\n		</tr>\r\n		<tr>\r\n			<td>焊管</td>\r\n			<td>8寸*6.0mm</td>\r\n			<td>DN200</td>\r\n			<td>Q215-235</td>\r\n			<td>天津君诚</td>\r\n			<td>4980</td>\r\n			<td>&nbsp;</td>\r\n			<td>&nbsp;</td>\r\n		</tr>\r\n		<tr>\r\n			<td>焊管</td>\r\n			<td>6分*2.75mm</td>\r\n			<td>DN20</td>\r\n			<td>Q195-215</td>\r\n			<td>天津友发</td>\r\n			<td>5030</td>\r\n			<td>&nbsp;</td>\r\n			<td>&nbsp;</td>\r\n		</tr>\r\n		<tr>\r\n			<td>焊管</td>\r\n			<td>1寸*3.25mm</td>\r\n			<td>DN25</td>\r\n			<td>Q195-215</td>\r\n			<td>天津友发</td>\r\n			<td>4980</td>\r\n			<td>&nbsp;</td>\r\n			<td>&nbsp;</td>\r\n		</tr>\r\n		<tr>\r\n			<td>焊管</td>\r\n			<td>4寸*3.75mm</td>\r\n			<td>DN100</td>\r\n			<td>Q215-235</td>\r\n			<td>天津友发</td>\r\n			<td>4800</td>\r\n			<td>&nbsp;</td>\r\n			<td>&nbsp;</td>\r\n		</tr>\r\n		<tr>\r\n			<td>焊管</td>\r\n			<td>6寸*4.5mm</td>\r\n			<td>DN150</td>\r\n			<td>Q215-235</td>\r\n			<td>天津友发</td>\r\n			<td>4970</td>\r\n			<td>&nbsp;</td>\r\n			<td>&nbsp;</td>\r\n		</tr>\r\n		<tr>\r\n			<td>焊管</td>\r\n			<td>8寸*6.0mm</td>\r\n			<td>DN200</td>\r\n			<td>Q215-235</td>\r\n			<td>天津友发</td>\r\n			<td>5040</td>\r\n			<td>&nbsp;</td>\r\n			<td>&nbsp;</td>\r\n		</tr>\r\n	</tbody>\r\n</table>');
COMMIT;

-- ----------------------------
--  Table structure for `user_account`
-- ----------------------------
DROP TABLE IF EXISTS `user_account`;
CREATE TABLE `user_account` (
  `id` bigint(20) NOT NULL AUTO_INCREMENT COMMENT '自增主键',
  `user_id` bigint(20) NOT NULL COMMENT '用户id',
  `total_amt` decimal(10,3) NOT NULL DEFAULT '0.000' COMMENT '账户余额',
  `frozen_amt` decimal(10,3) NOT NULL DEFAULT '0.000' COMMENT '冻结余额 (不可提现)',
  `total_points` int(11) DEFAULT NULL COMMENT '用户积分',
  `frozen_points` int(11) DEFAULT NULL COMMENT '冻结积分',
  `status` tinyint(4) NOT NULL COMMENT '状态 1-正常 ',
  `gmt_create` datetime NOT NULL COMMENT '创建时间',
  `gmt_modified` datetime NOT NULL COMMENT '修改时间',
  PRIMARY KEY (`id`),
  UNIQUE KEY `uk_userid` (`user_id`)
) ENGINE=InnoDB AUTO_INCREMENT=26 DEFAULT CHARSET=utf8mb4 ROW_FORMAT=COMPACT COMMENT='用户账户信息表';

-- ----------------------------
--  Records of `user_account`
-- ----------------------------
BEGIN;
INSERT INTO `user_account` VALUES ('1', '100001', '7.820', '1.000', '0', '0', '1', '2018-08-01 13:51:15', '2018-10-25 14:07:07'), ('2', '100003', '985020.000', '200000.000', '0', '0', '1', '2018-08-06 13:39:15', '2018-08-06 13:39:15'), ('3', '100004', '867007.000', '33444.000', '0', '0', '1', '2018-08-08 10:32:46', '2018-08-08 10:32:46'), ('4', '100014', '979.110', '3234.220', '0', '0', '1', '2018-09-12 10:28:55', '2018-11-23 17:05:27'), ('5', '100015', '10.000', '0.000', '0', '0', '1', '2018-09-12 21:53:07', '2018-09-12 21:53:07'), ('6', '100016', '0.000', '0.000', '0', '0', '1', '2018-09-18 11:44:09', '2018-09-18 11:44:09'), ('7', '100017', '0.000', '0.000', '0', '0', '1', '2018-09-19 16:22:06', '2018-09-19 16:22:06'), ('8', '100018', '0.000', '0.000', '0', '0', '1', '2018-09-19 16:24:13', '2018-09-19 16:24:13'), ('9', '100019', '0.000', '0.000', '0', '0', '1', '2018-09-19 16:42:05', '2018-09-19 16:42:05'), ('10', '100020', '0.000', '0.000', '0', '0', '1', '2018-09-19 16:57:23', '2018-09-19 16:57:23'), ('11', '100021', '0.000', '0.000', '0', '0', '1', '2018-09-19 16:59:41', '2018-09-19 16:59:41'), ('12', '100022', '0.000', '0.000', '0', '0', '1', '2018-09-19 17:06:24', '2018-09-19 17:06:24'), ('13', '100023', '0.000', '0.000', '0', '0', '1', '2018-09-19 17:12:51', '2018-09-19 17:12:51'), ('14', '100024', '0.000', '0.000', '0', '0', '1', '2018-09-19 17:13:23', '2018-09-19 17:13:23'), ('15', '100025', '0.000', '0.000', '0', '0', '1', '2018-09-19 17:13:24', '2018-09-19 17:13:24'), ('16', '100026', '0.000', '0.000', '0', '0', '1', '2018-09-19 17:24:05', '2018-09-19 17:24:05'), ('17', '100027', '0.000', '0.000', '0', '0', '1', '2018-11-15 09:16:20', '2018-11-15 09:16:20'), ('18', '100028', '0.000', '0.000', '0', '0', '1', '2019-01-15 11:09:37', '2019-01-15 11:09:37'), ('19', '101010', '0.000', '0.000', '0', '0', '1', '2019-01-31 11:12:54', '2019-01-31 11:12:54'), ('20', '101011', '0.000', '0.000', '0', '0', '1', '2019-03-07 16:08:27', '2019-03-07 16:08:27'), ('21', '101012', '0.000', '0.000', '0', '0', '1', '2019-03-07 16:11:57', '2019-03-07 16:11:57'), ('22', '101013', '0.000', '0.000', '0', '0', '1', '2019-03-07 16:17:19', '2019-03-07 16:17:19'), ('23', '101014', '0.000', '0.000', '0', '0', '1', '2019-03-07 16:23:20', '2019-03-07 16:23:20'), ('24', '101015', '0.000', '0.000', '0', '0', '1', '2019-03-08 09:27:45', '2019-03-08 09:27:45'), ('25', '101016', '0.000', '0.000', '0', '0', '1', '2019-03-28 15:55:42', '2019-03-28 15:55:42');
COMMIT;

-- ----------------------------
--  Table structure for `user_account_log`
-- ----------------------------
DROP TABLE IF EXISTS `user_account_log`;
CREATE TABLE `user_account_log` (
  `id` bigint(20) NOT NULL AUTO_INCREMENT,
  `user_id` bigint(20) NOT NULL COMMENT '用户id',
  `account_type` tinyint(4) NOT NULL COMMENT '账户类型  1-可提现账户  2-冻结账户  3-积分账户  4-积分冻结账户',
  `trans_order_id` bigint(20) NOT NULL COMMENT '交易关联的订单号',
  `trans_amount` decimal(10,2) NOT NULL COMMENT '交易金额',
  `trans_type` tinyint(4) NOT NULL COMMENT '1-充值 2-销售入账余额 3-提现  4-冻结金额解冻 5-销售金额入账冻结余额  6-提现失败回退 99-其他类型',
  `trans_time` datetime NOT NULL COMMENT '交易发生时间',
  `remark` varchar(100) DEFAULT NULL COMMENT '交易备注信息',
  `gmt_create` datetime NOT NULL COMMENT '创建时间',
  `gmt_modified` datetime NOT NULL COMMENT '修改时间',
  PRIMARY KEY (`id`),
  KEY `idx_userid` (`user_id`)
) ENGINE=InnoDB AUTO_INCREMENT=61 DEFAULT CHARSET=utf8mb4 ROW_FORMAT=COMPACT COMMENT='账户余额变化日志';

-- ----------------------------
--  Records of `user_account_log`
-- ----------------------------
BEGIN;
INSERT INTO `user_account_log` VALUES ('1', '100001', '1', '0', '0.01', '3', '2018-08-27 10:40:46', null, '2018-08-27 10:40:46', '2018-08-27 10:40:46'), ('2', '100001', '1', '1', '0.01', '3', '2018-08-27 10:43:12', null, '2018-08-27 10:44:39', '2018-08-27 10:44:39'), ('3', '100001', '1', '0', '0.01', '3', '2018-08-27 10:45:20', null, '2018-08-27 10:46:15', '2018-08-27 10:46:15'), ('4', '100001', '1', '2218082710475644517', '0.01', '3', '2018-08-27 10:47:56', null, '2018-08-27 10:48:07', '2018-08-27 10:48:07'), ('5', '100005', '2', '1808242124596836487', '102000.00', '5', '2018-08-28 14:08:56', null, '2018-08-28 14:08:56', '2018-08-28 14:08:56'), ('6', '100001', '1', '2218082816181268644', '0.01', '3', '2018-08-28 16:18:13', null, '2018-08-28 16:18:13', '2018-08-28 16:18:13'), ('7', '100001', '1', '2218082816185932074', '0.01', '3', '2018-08-28 16:18:59', null, '2018-08-28 16:18:59', '2018-08-28 16:18:59'), ('8', '100001', '1', '2218082816190978517', '0.01', '3', '2018-08-28 16:19:10', null, '2018-08-28 16:19:10', '2018-08-28 16:19:10'), ('9', '100001', '1', '2218082816242460533', '0.01', '3', '2018-08-28 16:24:25', null, '2018-08-28 16:24:25', '2018-08-28 16:24:25'), ('10', '100001', '1', '2218082817114882472', '0.01', '3', '2018-08-28 17:11:49', null, '2018-08-28 17:11:49', '2018-08-28 17:11:49'), ('11', '100001', '1', '2218082817122744023', '0.01', '3', '2018-08-28 17:12:27', null, '2018-08-28 17:12:28', '2018-08-28 17:12:28'), ('12', '100001', '1', '2218082817131244784', '0.01', '3', '2018-08-28 17:13:12', null, '2018-08-28 17:13:12', '2018-08-28 17:13:12'), ('13', '100001', '1', '2218082817144875931', '0.01', '3', '2018-08-28 17:14:49', null, '2018-08-28 17:14:49', '2018-08-28 17:14:49'), ('14', '100001', '1', '2218082817154576821', '0.01', '3', '2018-08-28 17:15:46', null, '2018-08-28 17:15:46', '2018-08-28 17:15:46'), ('15', '100005', '2', '1808251635084589949', '0.07', '5', '2018-08-29 14:55:53', null, '2018-08-29 14:55:54', '2018-08-29 14:55:54'), ('16', '100005', '2', '1808311623540365556', '100000.00', '5', '2018-08-31 17:07:39', null, '2018-08-31 17:07:39', '2018-08-31 17:07:39'), ('17', '100003', '1', '2218083123102008478', '3000.00', '3', '2018-08-31 23:10:20', null, '2018-08-31 23:10:20', '2018-08-31 23:10:20'), ('18', '100005', '2', '1809012317392406893', '0.01', '5', '2018-09-01 23:36:02', null, '2018-09-01 23:36:02', '2018-09-01 23:36:02'), ('19', '100005', '2', '1809012253255104595', '0.01', '5', '2018-09-01 23:36:06', null, '2018-09-01 23:36:06', '2018-09-01 23:36:06'), ('20', '100005', '2', '1808311723566058299', '0.01', '5', '2018-09-01 23:36:18', null, '2018-09-01 23:36:18', '2018-09-01 23:36:18'), ('21', '100001', '1', '2218090517011432152', '0.01', '3', '2018-09-05 17:01:14', null, '2018-09-05 17:01:14', '2018-09-05 17:01:14'), ('22', '100001', '1', '2218090517043172498', '0.01', '3', '2018-09-05 17:04:32', null, '2018-09-05 17:04:32', '2018-09-05 17:04:32'), ('23', '100001', '1', '2218090517134399519', '0.01', '3', '2018-09-05 17:13:44', null, '2018-09-05 17:13:44', '2018-09-05 17:13:44'), ('24', '100001', '1', '2218090517142839519', '0.01', '3', '2018-09-05 17:14:28', null, '2018-09-05 17:14:28', '2018-09-05 17:14:28'), ('25', '100001', '1', '2218090517165515139', '0.01', '3', '2018-09-05 17:16:55', null, '2018-09-05 17:16:55', '2018-09-05 17:16:55'), ('26', '100001', '1', '2218091014095181136', '0.10', '3', '2018-09-10 14:09:52', null, '2018-09-10 14:09:52', '2018-09-10 14:09:52'), ('27', '100001', '1', '2218091014140227645', '0.10', '3', '2018-09-10 14:14:02', null, '2018-09-10 14:14:02', '2018-09-10 14:14:02'), ('28', '100003', '1', '2218091017285033838', '1111.00', '3', '2018-09-10 17:28:50', null, '2018-09-10 17:28:50', '2018-09-10 17:28:50'), ('29', '100003', '1', '2218091017285565966', '999.00', '3', '2018-09-10 17:28:56', null, '2018-09-10 17:28:56', '2018-09-10 17:28:56'), ('30', '100003', '1', '2218091017290174513', '666.00', '3', '2018-09-10 17:29:02', null, '2018-09-10 17:29:02', '2018-09-10 17:29:02'), ('31', '100003', '1', '2218091017291349617', '1999.00', '3', '2018-09-10 17:29:13', null, '2018-09-10 17:29:14', '2018-09-10 17:29:14'), ('32', '100003', '1', '2218091017293226023', '888.00', '3', '2018-09-10 17:29:32', null, '2018-09-10 17:29:32', '2018-09-10 17:29:32'), ('33', '100003', '1', '2218091017294075485', '1001.00', '3', '2018-09-10 17:29:41', null, '2018-09-10 17:29:41', '2018-09-10 17:29:41'), ('34', '100003', '1', '2218091017294954318', '999.00', '3', '2018-09-10 17:29:50', null, '2018-09-10 17:29:50', '2018-09-10 17:29:50'), ('35', '100003', '1', '2218091017314152596', '222.00', '3', '2018-09-10 17:31:42', null, '2018-09-10 17:31:42', '2018-09-10 17:31:42'), ('36', '100003', '1', '2218091017314725179', '111.00', '3', '2018-09-10 17:31:47', null, '2018-09-10 17:31:47', '2018-09-10 17:31:47'), ('37', '100003', '1', '2218091017315179896', '222.00', '3', '2018-09-10 17:31:52', null, '2018-09-10 17:31:52', '2018-09-10 17:31:52'), ('38', '100003', '1', '2218091017320055339', '1234.00', '3', '2018-09-10 17:32:01', null, '2018-09-10 17:32:01', '2018-09-10 17:32:01'), ('39', '100003', '1', '2218091017382877978', '111.00', '3', '2018-09-10 17:38:29', null, '2018-09-10 17:38:29', '2018-09-10 17:38:29'), ('40', '100003', '1', '2218091017383436851', '111.00', '3', '2018-09-10 17:38:34', null, '2018-09-10 17:38:39', '2018-09-10 17:38:39'), ('41', '100003', '1', '2218091017395741674', '6.00', '3', '2018-09-10 17:39:57', null, '2018-09-10 17:39:57', '2018-09-10 17:39:57'), ('42', '100014', '2', '1809111009177327141', '0.02', '5', '2018-09-11 10:19:51', null, '2018-09-11 10:19:51', '2018-09-11 10:19:51'), ('43', '100005', '2', '1809111027209936295', '0.01', '5', '2018-09-11 10:33:42', null, '2018-09-11 10:33:42', '2018-09-11 10:33:42'), ('44', '100005', '2', '1809111258237795542', '150.00', '5', '2018-09-11 13:05:10', null, '2018-09-11 13:05:10', '2018-09-11 13:05:10'), ('45', '100014', '2', '1809121143297408286', '0.04', '5', '2018-09-14 13:56:00', null, '2018-09-14 13:56:00', '2018-09-14 13:56:00'), ('46', '100014', '1', '2218091414194385781', '8888.00', '3', '2018-09-14 14:19:44', null, '2018-09-14 14:19:44', '2018-09-14 14:19:44'), ('47', '100014', '1', '2218091416540335675', '22.00', '3', '2018-09-14 16:54:03', null, '2018-09-14 16:54:03', '2018-09-14 16:54:03'), ('48', '100005', '2', '1809180046068452779', '0.00', '5', '2018-09-18 00:52:13', null, '2018-09-18 00:52:13', '2018-09-18 00:52:13'), ('49', '100014', '2', '1809181128142302825', '0.01', '5', '2018-09-18 11:32:26', null, '2018-09-18 11:32:26', '2018-09-18 11:32:26'), ('50', '100014', '2', '1809181455558806414', '0.10', '5', '2018-09-18 15:07:46', null, '2018-09-18 15:07:46', '2018-09-18 15:07:46'), ('51', '100014', '2', '1809181526373026966', '0.02', '5', '2018-09-18 15:38:51', null, '2018-09-18 15:38:51', '2018-09-18 15:38:51'), ('52', '100014', '2', '1809121450111761796', '0.03', '5', '2018-09-18 16:51:30', null, '2018-09-18 16:51:30', '2018-09-18 16:51:30'), ('53', '100016', '1', '2218091817234363723', '1000.00', '3', '2018-09-18 17:23:44', null, '2018-09-18 17:23:44', '2018-09-18 17:23:44'), ('54', '100014', '2', '1809181542365167616', '0.02', '5', '2018-09-19 16:14:12', null, '2018-09-19 16:14:13', '2018-09-19 16:14:13'), ('55', '100016', '1', '2218092000222682132', '90000.00', '3', '2018-09-20 00:22:27', null, '2018-09-20 00:22:27', '2018-09-20 00:22:27'), ('56', '100016', '1', '2218092000242226737', '9000.00', '3', '2018-09-20 00:24:22', null, '2018-09-20 00:24:22', '2018-09-20 00:24:22'), ('57', '100014', '1', '2218092015085071564', '111.00', '3', '2018-09-20 15:08:51', null, '2018-09-20 15:08:51', '2018-09-20 15:08:51'), ('58', '100014', '1', '1809181455558806414', '0.10', '2', '2018-10-26 10:09:30', null, '2018-10-26 10:09:30', '2018-10-26 10:09:30'), ('59', '100014', '2', '1811231701068197438', '2750.00', '5', '2018-11-23 17:02:59', null, '2018-11-23 17:02:59', '2018-11-23 17:02:59'), ('60', '100014', '2', '1811231703373251872', '484.00', '5', '2018-11-23 17:05:27', null, '2018-11-23 17:05:27', '2018-11-23 17:05:27');
COMMIT;

-- ----------------------------
--  Table structure for `user_address`
-- ----------------------------
DROP TABLE IF EXISTS `user_address`;
CREATE TABLE `user_address` (
  `id` bigint(20) NOT NULL AUTO_INCREMENT,
  `user_id` bigint(20) NOT NULL COMMENT '用户id',
  `address_name` varchar(20) DEFAULT NULL COMMENT '收货地址别名',
  `consignee` varchar(20) NOT NULL COMMENT '收货人姓名',
  `province` varchar(10) DEFAULT NULL COMMENT '省份',
  `city` varchar(10) DEFAULT NULL COMMENT '市',
  `district` varchar(10) DEFAULT NULL COMMENT '区',
  `address` varchar(200) NOT NULL COMMENT '详细地址',
  `mobile` varchar(15) NOT NULL COMMENT '手机号码',
  `is_default` tinyint(4) DEFAULT NULL COMMENT '是否是默认地址  0-否 1-是',
  `status` tinyint(4) NOT NULL COMMENT '0-初始化  1-正常',
  `gmt_create` datetime NOT NULL COMMENT '创建时间',
  `gmt_modified` datetime NOT NULL COMMENT '修改时间',
  PRIMARY KEY (`id`),
  KEY `idx_userid` (`user_id`)
) ENGINE=InnoDB AUTO_INCREMENT=34 DEFAULT CHARSET=utf8mb4 ROW_FORMAT=COMPACT COMMENT='用户收货地址表';

-- ----------------------------
--  Records of `user_address`
-- ----------------------------
BEGIN;
INSERT INTO `user_address` VALUES ('2', '100001', '家', '郭先生', '上海', '上海', '青浦', '国家会展中心B楼301', '13472879000', '1', '1', '2018-08-02 17:16:07', '2018-09-18 16:56:15'), ('10', '100001', null, 'lanbo', '北京市', '北京市', '东城区', '今生今世计划大雄宝殿哈哈', '1347282222', '0', '1', '2018-09-10 13:54:57', '2018-09-18 16:56:14'), ('11', '100013', null, '王思聪', '北京市', '北京市', '东城区', '哈哈', '12512113456', '1', '0', '2018-09-10 16:48:03', '2018-09-10 17:23:31'), ('12', '100008', null, 'eric', '上海市', '上海市', '黄浦区', '来港路188号', '13788947867', '0', '0', '2018-09-10 16:56:34', '2018-09-19 15:16:30'), ('13', '100003', null, '周晓威', '北京市', '北京市', '东城区', '饭撒范德萨发', '15900574049', '1', '0', '2018-09-10 17:03:41', '2018-09-11 10:34:36'), ('14', '100014', null, '马云', '河北省', '石家庄市', '长安区', '刘强东西12548', '13512173546', '1', '1', '2018-09-12 09:32:25', '2018-09-13 16:26:54'), ('16', '100008', null, 'eroc', '北京市', '北京市', '东城区', '世世代代', '13788947869', '1', '0', '2018-09-12 15:07:53', '2018-09-19 15:16:51'), ('17', '100011', null, '兔子不吃草', '上海市', '上海市', '青浦区', '青浦大道', '18650167662', '1', '1', '2018-09-12 16:48:22', '2018-09-18 16:59:38'), ('18', '100012', null, '刘智强', '上海市', '上海市', '浦东新区', '浦东南路交叉口', '17621333770', '0', '0', '2018-09-12 21:55:52', '2018-09-12 21:55:52'), ('25', '100004', null, '刘智强', '上海市', '上海市', '浦东新区', '浦东南路4705', '17621333770', '0', '0', '2018-09-12 22:36:21', '2018-09-14 15:09:55'), ('26', '100015', null, 'Rr', '北京市', '北京市', '东城区', '22234234', '15900574049', '1', '0', '2018-09-13 12:25:42', '2018-09-13 12:25:47'), ('28', '100011', null, '兔子', '北京市', '北京市', '东城区', '青浦区徐泾镇', '18650167662', '0', '1', '2018-09-13 16:26:45', '2018-09-17 14:20:40'), ('30', '100004', null, '刘智强', '上海市', '上海市', '徐汇区', '徐家汇', '17717818337', '1', '1', '2018-09-14 15:10:44', '2018-09-14 15:10:44'), ('31', '100008', null, '国展中心', '新疆维吾尔自治区', '乌鲁木齐市', '天山区', '华东交大快点快点', '13788947865', '0', '0', '2018-09-17 16:16:28', '2018-09-17 16:16:40'), ('32', '100024', null, 'Zzz', '北京市', '北京市', '东城区', '11111111', '15900574049', '1', '1', '2018-10-18 15:05:17', '2018-10-18 15:05:21'), ('33', '100026', null, '郭孝兵', '北京市', '北京市', '东城区', '8588899', '13472879099', '1', '1', '2018-11-23 17:30:12', '2018-11-23 17:30:12');
COMMIT;

-- ----------------------------
--  Table structure for `user_bank`
-- ----------------------------
DROP TABLE IF EXISTS `user_bank`;
CREATE TABLE `user_bank` (
  `id` bigint(20) NOT NULL AUTO_INCREMENT COMMENT '自增主键',
  `user_id` bigint(20) NOT NULL COMMENT '用户id',
  `bank_code` varchar(15) DEFAULT NULL COMMENT '银行编码',
  `bank_name` varchar(20) DEFAULT NULL COMMENT '开户行名称',
  `bank_barch_name` varchar(20) DEFAULT NULL COMMENT '开户银行支行名称',
  `bank_account_name` varchar(30) DEFAULT NULL COMMENT '开户名',
  `bank_card_no` varchar(25) NOT NULL COMMENT '银行卡号',
  `card_type` varchar(5) NOT NULL COMMENT '银行卡类型   DC: "储蓄卡",CC: "信用卡", SCC: "准贷记卡", PC: "预付费卡"',
  `expiration` varchar(10) DEFAULT NULL COMMENT '信用卡过期时间',
  `bank_card_cvv` varchar(5) DEFAULT NULL COMMENT '信用卡cvv',
  `pay_amout` decimal(10,2) DEFAULT NULL COMMENT '认证银行卡的打款金额',
  `pay_time` datetime DEFAULT NULL COMMENT '系统打款时间',
  `pay_url` varchar(200) DEFAULT NULL COMMENT '打款图片',
  `verify_time` datetime DEFAULT NULL COMMENT '认证时间',
  `is_default` tinyint(4) NOT NULL DEFAULT '0' COMMENT '是否是默认提现银行卡',
  `status` tinyint(4) NOT NULL COMMENT ' 1-正常 2-已经删除',
  `verify_operator_id` bigint(20) DEFAULT NULL COMMENT '认证的操作员id',
  `verify_operator_name` varchar(20) DEFAULT NULL COMMENT '认证的操作员名称',
  `gmt_create` datetime NOT NULL COMMENT '创建时间',
  `gmt_modified` datetime NOT NULL COMMENT '修改时间',
  `auditing_user_id` bigint(20) DEFAULT NULL COMMENT '操作打款人ID',
  `auditing_user_name` varchar(20) DEFAULT NULL COMMENT '操作打款人名字',
  `auditing_time` datetime DEFAULT NULL ON UPDATE CURRENT_TIMESTAMP COMMENT '打款系统操作时间',
  PRIMARY KEY (`id`),
  KEY `idx_userid_status` (`user_id`,`status`)
) ENGINE=InnoDB AUTO_INCREMENT=18 DEFAULT CHARSET=utf8mb4 ROW_FORMAT=COMPACT COMMENT='用户绑定银行卡表';

-- ----------------------------
--  Records of `user_bank`
-- ----------------------------
BEGIN;
INSERT INTO `user_bank` VALUES ('4', '100001', 'CMB', '招商银行', '', '郭孝兵', '6225882112850281', 'DC', null, null, '2.33', null, null, null, '0', '0', null, null, '2018-08-02 14:28:32', '2018-08-02 14:28:32', null, null, '2018-09-18 11:40:20'), ('5', '100003', 'CMB', '招商银行', '', '周晓威', '6214851213560019', 'DC', null, null, '33.00', '2018-09-13 02:10:18', 'http://images.zhixingchuyun.com/null', '2018-08-06 13:24:00', '0', '0', null, null, '2018-08-04 21:15:21', '2018-08-06 13:24:00', '8', '陈豪', '2018-09-18 11:40:17'), ('6', '100004', 'CCB', '中国建设银行', '', '刘智强', '6217002920110181584', 'DC', null, null, '0.38', null, null, '2018-08-08 10:32:18', '0', '1', null, null, '2018-08-07 20:42:38', '2018-08-08 10:32:18', null, null, null), ('7', '100014', 'CCB', '中国建设银行', '', '上海王道储运有限责任公司', '6217001210024455220', 'DC', null, null, '0.44', null, null, '2018-09-12 10:28:47', '0', '1', null, null, '2018-09-12 10:22:13', '2018-09-12 10:28:47', null, null, null), ('8', '101005', 'CMB', '招商银行', '', 'eric', '5187180802063332', 'CC', null, null, '0.10', '2018-09-18 11:35:44', 'http://images.zhixingchuyun.com/ZZ_0918114004_3jprrh.jpg', '2018-09-19 16:15:41', '0', '1', null, null, '2018-09-18 11:38:12', '2018-09-19 16:15:41', '8', '陈豪', '2019-02-24 11:50:06'), ('9', '100016', 'CMB', '招商银行', '', '胜利集团有限公司', '6214831209890989', 'DC', null, null, '0.00', null, null, null, '0', '1', null, null, '2018-09-18 17:13:33', '2018-09-18 17:13:33', null, null, null), ('10', '101005', 'CCB', '中国建设银行', '', '枝星碧桂园', '6217001180014106912', 'DC', null, null, null, null, null, null, '0', '0', null, null, '2018-09-19 16:38:27', '2018-09-19 16:38:27', null, null, '2019-02-24 11:50:13'), ('11', '100024', 'CCB', '中国建设银行', '', '周晓威', '6217000830000123038', 'DC', null, null, null, null, null, null, '0', '0', null, null, '2018-09-19 17:18:28', '2018-09-19 17:18:28', null, null, null), ('12', '101005', null, null, '', null, '314312431241', 'CC', '12/12', '233', null, null, null, null, '0', '2', null, null, '2019-02-28 00:47:59', '2019-02-28 00:47:59', null, null, '2019-02-28 01:17:44'), ('13', '101015', null, null, '', null, '1234567890123456789', 'CC', 'string', '1234', null, null, null, null, '0', '2', null, null, '2019-03-20 11:17:22', '2019-03-26 00:39:33', null, null, '2019-03-26 00:39:38'), ('15', '101015', null, null, '', null, '1234567890123456789', 'CC', 'string', '1234', null, null, null, null, '0', '1', null, null, '2019-03-21 01:01:36', '2019-03-26 00:39:33', null, null, '2019-03-26 00:39:38'), ('16', '101015', null, null, '', null, '1234567891234567891', 'CC', '05/24', '133', null, null, null, null, '1', '2', null, null, '2019-03-21 10:31:09', '2019-03-26 00:39:33', null, null, '2019-03-26 00:39:32'), ('17', '101015', null, null, '', null, '1234567891234567891', 'CC', '05/24', '133', null, null, null, null, '1', '1', null, null, '2019-03-21 10:32:20', '2019-03-26 00:39:33', null, null, '2019-03-26 00:39:32');
COMMIT;

-- ----------------------------
--  Table structure for `user_info`
-- ----------------------------
DROP TABLE IF EXISTS `user_info`;
CREATE TABLE `user_info` (
  `id` bigint(20) NOT NULL AUTO_INCREMENT COMMENT '自增主键',
  `user_name` varchar(25) NOT NULL COMMENT '用户登录名称',
  `password` varchar(32) NOT NULL COMMENT '登录密码',
  `pay_password` varchar(32) DEFAULT NULL COMMENT '交易密码',
  `nick_name` varchar(20) NOT NULL COMMENT '昵称',
  `mobile` varchar(25) DEFAULT NULL COMMENT '手机号',
  `gender` tinyint(4) DEFAULT NULL COMMENT '性别',
  `birthday` date DEFAULT NULL COMMENT '生日',
  `head_url` varchar(200) DEFAULT NULL COMMENT '头像',
  `rank_points` int(5) DEFAULT NULL COMMENT '用户等级信誉积分',
  `status` tinyint(4) NOT NULL COMMENT '状态位   1-正常   9-冻结',
  `last_x` varchar(50) DEFAULT NULL COMMENT '最后登录的经度',
  `last_y` varchar(50) DEFAULT NULL COMMENT '最后登录的纬度',
  `last_login_ip` varchar(20) DEFAULT NULL COMMENT '最后登录IP',
  `last_login_time` datetime DEFAULT NULL COMMENT '最后登录时间',
  `gmt_create` datetime NOT NULL COMMENT '创建时间',
  `gmt_modified` datetime NOT NULL COMMENT '修改时间',
  PRIMARY KEY (`id`),
  UNIQUE KEY `uk_username` (`user_name`)
) ENGINE=InnoDB AUTO_INCREMENT=101017 DEFAULT CHARSET=utf8mb4 ROW_FORMAT=COMPACT COMMENT='用户基础信息表';

-- ----------------------------
--  Records of `user_info`
-- ----------------------------
BEGIN;
INSERT INTO `user_info` VALUES ('101004', '13472879099', '96e79218965eb72c92a549dd5a330112', null, 'u_pxo9wn86cb', '13472879099', null, null, 'www.baidu.com', null, '1', 'string', 'string', 'string', '2019-01-31 10:17:20', '2018-09-19 17:24:05', '2018-10-09 11:20:33'), ('101005', '13788947867', '90dce86fbb8c667063419af5e49ab7ea', null, 'u_pxo9wn86cb', '13472879099', null, null, 'www.baidu.com', null, '1', 'string', 'string', 'string', '2019-03-07 17:01:01', '2018-09-19 17:24:05', '2018-10-09 11:20:33'), ('101010', '13788947868', '90dce86fbb8c667063419af5e49ab7ea', null, 'string', '13788947868', '1', '1982-01-02', 'string', null, '1', 'string', 'string', 'string', '2019-01-31 14:33:00', '2019-01-31 11:12:54', '2019-01-31 14:39:50'), ('101011', '1903071607592734753', '44b238c8619283cfc758489d51171ef9', null, 'u_vo8cibe1xf', '1903071607592734753', null, null, null, null, '1', null, null, null, null, '2019-03-07 16:08:25', '2019-03-07 16:08:26'), ('101012', '1903071611380372743', '44b238c8619283cfc758489d51171ef9', null, 'u_qack3cje16', '1903071611380372743', null, null, null, null, '1', null, null, null, null, '2019-03-07 16:11:55', '2019-03-07 16:11:56'), ('101013', '1903071617004228615', '44b238c8619283cfc758489d51171ef9', null, 'u_fuez942bht', '1903071617004228615', null, null, null, null, '1', null, null, null, null, '2019-03-07 16:17:18', '2019-03-07 16:17:18'), ('101014', '1903071622525304921', '44b238c8619283cfc758489d51171ef9', null, 'u_ncqs0xhywx', '1903071622525304921', null, null, null, null, '1', null, null, null, '2019-03-07 16:33:36', '2019-03-07 16:23:18', '2019-03-07 16:23:19'), ('101015', '008613788947867', '90dce86fbb8c667063419af5e49ab7ea', null, 'u_ta30xjnxu4', '008613788947867', null, null, null, null, '1', 'string', 'string', 'string', '2019-04-02 09:48:03', '2019-03-08 09:27:45', '2019-03-17 16:36:07'), ('101016', '1903281555314492333', '44b238c8619283cfc758489d51171ef9', null, 'Eric', '1903281555314492333', null, null, 'test', null, '1', null, null, null, '2019-03-28 17:37:53', '2019-03-28 15:55:42', '2019-03-28 15:55:42');
COMMIT;

-- ----------------------------
--  Table structure for `user_itinerary`
-- ----------------------------
DROP TABLE IF EXISTS `user_itinerary`;
CREATE TABLE `user_itinerary` (
  `id` bigint(20) NOT NULL AUTO_INCREMENT,
  `user_id` bigint(20) NOT NULL COMMENT '用户id',
  `amount` varchar(4) DEFAULT NULL COMMENT '金额',
  `order_no` varchar(500) DEFAULT NULL COMMENT '对应订单号',
  `status` tinyint(4) NOT NULL DEFAULT '0' COMMENT '状态 0：待发送 1：已经发送',
  `send_time` bigint(15) DEFAULT NULL,
  `gmt_create` bigint(15) DEFAULT NULL,
  `gmt_modified` bigint(15) DEFAULT NULL,
  PRIMARY KEY (`id`)
) ENGINE=InnoDB AUTO_INCREMENT=16 DEFAULT CHARSET=utf8mb4 ROW_FORMAT=COMPACT COMMENT='用户行程单';

-- ----------------------------
--  Records of `user_itinerary`
-- ----------------------------
BEGIN;
INSERT INTO `user_itinerary` VALUES ('1', '101015', '180', null, '0', '1552545126474', '1552545126474', '1552545126474'), ('2', '101015', '380', null, '0', '1552545136474', '1552545136474', '1552545126474'), ('3', '101015', '1000', '1231231231231231231', '0', '1553049689402', '1553049689402', '1553049689402'), ('4', '101015', '1000', '1231231231231231231', '0', '1553049786819', '1553049786819', '1553049786819'), ('5', '101015', '1000', '1231231231231231231', '0', '1553049949211', '1553049949211', '1553049949211'), ('6', '101015', '1000', '1231231231231231231', '0', '1553050090264', '1553050090264', '1553050090264'), ('7', '101015', '122', '1212122', '0', '1553050230288', '1553050230288', '1553050230288'), ('8', '101015', '122', '1212122', '0', '1553050478260', '1553050478260', '1553050478260'), ('9', '101015', '121', '123', '0', '1553050541003', '1553050541003', '1553050541003'), ('10', '101015', '121', '123', '0', '1553050670307', '1553050670307', '1553050670307'), ('11', '101015', '100', '11111', '0', '1553050795451', '1553050795451', '1553050795451'), ('12', '101015', '100', '11111', '0', '1553050970169', '1553050970169', '1553050970169'), ('13', '101015', '4151', '1231231231231231231', '0', '1553062303954', '1553062303954', '1553062303954'), ('14', '101015', '4151', '1231231231231231231', '0', '1553062482722', '1553062482722', '1553062482722'), ('15', '101015', '8302', '1231231231231231231,1903121137042825798', '0', '1553066474991', '1553066474991', '1553066474991');
COMMIT;

-- ----------------------------
--  Table structure for `user_login_log`
-- ----------------------------
DROP TABLE IF EXISTS `user_login_log`;
CREATE TABLE `user_login_log` (
  `id` bigint(20) NOT NULL AUTO_INCREMENT COMMENT '自增主键',
  `user_id` bigint(20) NOT NULL COMMENT '用户id',
  `login_ip` varchar(20) DEFAULT NULL COMMENT '登录ip地址',
  `login_x` varchar(50) DEFAULT NULL COMMENT '经度',
  `login_y` varchar(50) DEFAULT NULL COMMENT '纬度',
  `login_time` datetime NOT NULL COMMENT '登录时间',
  `token` varchar(100) DEFAULT NULL COMMENT '登录会话token',
  `gmt_create` datetime NOT NULL COMMENT '创建时间',
  `gmt_modified` datetime NOT NULL COMMENT '修改时间',
  PRIMARY KEY (`id`),
  KEY `idx_userid` (`user_id`)
) ENGINE=InnoDB AUTO_INCREMENT=83 DEFAULT CHARSET=utf8mb4 ROW_FORMAT=COMPACT COMMENT='用户登录日志表';

-- ----------------------------
--  Records of `user_login_log`
-- ----------------------------
BEGIN;
INSERT INTO `user_login_log` VALUES ('1', '100026', 'string', 'string', 'string', '2018-11-19 10:47:37', '', '2018-11-19 10:47:40', '2018-11-19 10:47:40'), ('2', '100026', '', '', '', '2018-11-19 10:47:54', '', '2018-11-19 10:47:54', '2018-11-19 10:47:54'), ('3', '100026', '', '', '', '2018-11-19 11:17:22', '', '2018-11-19 11:17:25', '2018-11-19 11:17:25'), ('4', '100026', '', '', '', '2018-11-19 11:30:04', '', '2018-11-19 11:30:04', '2018-11-19 11:30:04'), ('5', '100026', '', '', '', '2018-11-19 11:32:50', '10d05fc1-824c-4974-aef3-341ce35c2293', '2018-11-19 11:32:53', '2018-11-19 11:32:53'), ('6', '100026', '', '', '', '2018-11-19 14:05:51', '10d05fc1-824c-4974-aef3-341ce35c2293', '2018-11-19 14:05:54', '2018-11-19 14:05:54'), ('7', '100026', 'string', 'string', 'string', '2018-11-21 13:29:54', 'f7403a6f-d25c-46d7-807a-7928e5158f77', '2018-11-21 13:29:58', '2018-11-21 13:29:58'), ('8', '100026', 'string', 'string', 'string', '2018-11-21 16:54:13', '2deeab91-ee82-4968-b692-7a44f887a6b5', '2018-11-21 16:54:16', '2018-11-21 16:54:16'), ('9', '100025', null, null, null, '2018-11-23 14:25:24', '', '2018-11-23 14:25:24', '2018-11-23 14:25:24'), ('10', '100024', null, null, null, '2018-11-23 14:28:52', '', '2018-11-23 14:28:52', '2018-11-23 14:28:52'), ('11', '100024', null, null, null, '2018-11-23 15:41:51', '2e4b2ea6-0c48-494c-bd6f-4668fa17ec01', '2018-11-23 15:41:51', '2018-11-23 15:41:51'), ('12', '100026', null, '121.300034', '31.194915', '2018-11-23 15:45:03', '', '2018-11-23 15:45:03', '2018-11-23 15:45:03'), ('13', '100016', null, '121.299988', '31.194944', '2018-11-23 15:46:13', '', '2018-11-23 15:46:13', '2018-11-23 15:46:13'), ('14', '100014', null, '121.299988', '31.194944', '2018-11-23 15:47:34', '', '2018-11-23 15:47:34', '2018-11-23 15:47:34'), ('15', '100026', null, '121.300034', '31.194915', '2018-11-23 15:50:32', '', '2018-11-23 15:50:32', '2018-11-23 15:50:32'), ('16', '100017', null, '121.299862', '31.194963', '2018-11-23 15:50:56', '', '2018-11-23 15:50:56', '2018-11-23 15:50:56'), ('17', '100024', null, null, null, '2018-11-23 16:45:15', '', '2018-11-23 16:45:15', '2018-11-23 16:45:15'), ('18', '100024', null, null, null, '2018-11-23 16:50:08', '', '2018-11-23 16:50:08', '2018-11-23 16:50:08'), ('19', '100014', null, null, null, '2018-11-23 16:54:06', '', '2018-11-23 16:54:06', '2018-11-23 16:54:06'), ('20', '100011', null, '121.299563', '31.194991', '2018-11-23 17:00:07', '', '2018-11-23 17:00:07', '2018-11-23 17:00:07'), ('21', '100026', 'string', 'string', 'string', '2018-11-23 17:17:33', '2deeab91-ee82-4968-b692-7a44f887a6b5', '2018-11-23 17:17:36', '2018-11-23 17:17:36'), ('22', '100026', null, '121.300000', '31.194919', '2018-11-23 17:29:11', '', '2018-11-23 17:29:11', '2018-11-23 17:29:11'), ('23', '100014', null, '121.292454', '31.198372', '2018-11-23 21:20:36', '', '2018-11-23 21:20:37', '2018-11-23 21:20:37'), ('24', '100016', null, '121.339434', '31.151839', '2018-11-24 00:27:34', '', '2018-11-24 00:27:35', '2018-11-24 00:27:35'), ('25', '100024', null, null, null, '2018-12-04 14:43:09', '', '2018-12-04 14:43:09', '2018-12-04 14:43:09'), ('26', '100025', null, null, null, '2018-12-13 09:55:09', '', '2018-12-13 09:55:09', '2018-12-13 09:55:09'), ('27', '100025', null, null, null, '2018-12-13 09:56:15', 'ab7698f2-4c2a-4b49-90e6-36db996c1d1b', '2018-12-13 09:56:15', '2018-12-13 09:56:15'), ('28', '100005', null, null, null, '2018-12-13 09:59:49', '', '2018-12-13 09:59:49', '2018-12-13 09:59:49'), ('29', '100004', null, null, null, '2018-12-13 09:59:52', '231f03f0-09dd-4651-9edb-992fb0159b14', '2018-12-13 09:59:52', '2018-12-13 09:59:52'), ('30', '100004', null, null, null, '2018-12-13 10:08:25', '', '2018-12-13 10:08:25', '2018-12-13 10:08:25'), ('31', '100024', null, null, null, '2018-12-13 10:08:40', '', '2018-12-13 10:08:41', '2018-12-13 10:08:41'), ('32', '100004', null, null, null, '2018-12-13 10:37:21', '01884419-685b-48d5-941b-0f1b70824ba7', '2018-12-13 10:37:21', '2018-12-13 10:37:21'), ('33', '100026', 'string', 'string', 'string', '2018-12-20 09:59:25', 'be4d9409-894b-4168-b827-425de42d0040', '2018-12-20 09:59:29', '2018-12-20 09:59:29'), ('34', '100026', 'string', 'string', 'string', '2018-12-20 10:20:29', '5d3f08ef-002b-4fe2-9b58-81890204798c', '2018-12-20 10:20:30', '2018-12-20 10:20:30'), ('35', '100026', 'string', 'string', 'string', '2018-12-20 14:57:54', '2105a8f2-3faf-4c62-a195-30cbabed3b6e', '2018-12-20 14:57:58', '2018-12-20 14:57:58'), ('36', '100026', 'string', 'string', 'string', '2018-12-21 11:54:46', '', '2018-12-21 11:54:46', '2018-12-21 11:54:46'), ('37', '100026', 'string', 'string', 'string', '2018-12-21 11:55:43', '95619e8b-025f-42ae-9b4c-e2231998a865', '2018-12-21 11:55:43', '2018-12-21 11:55:43'), ('38', '100026', 'string', 'string', 'string', '2018-12-21 14:09:33', 'c3ed7cbc-63ea-4588-b25d-7c4c5115b288', '2018-12-21 14:09:33', '2018-12-21 14:09:33'), ('39', '100026', 'string', 'string', 'string', '2018-12-21 14:10:03', 'c3ed7cbc-63ea-4588-b25d-7c4c5115b288', '2018-12-21 14:10:03', '2018-12-21 14:10:03'), ('40', '100026', 'string', 'string', 'string', '2018-12-21 14:32:27', '', '2018-12-21 14:32:27', '2018-12-21 14:32:27'), ('41', '101004', 'string', 'string', 'string', '2019-01-15 11:51:39', '', '2019-01-15 11:51:42', '2019-01-15 11:51:42'), ('42', '101004', 'string', 'string', 'string', '2019-01-29 15:32:56', '5a79f1bb-e638-41c3-94b3-775e8c7514eb', '2019-01-29 15:32:56', '2019-01-29 15:32:56'), ('43', '101004', 'string', 'string', 'string', '2019-01-29 15:36:18', '', '2019-01-29 15:36:18', '2019-01-29 15:36:18'), ('44', '101004', 'string', 'string', 'string', '2019-01-31 01:06:54', 'ca8f68f9-c690-4bdb-8e1c-a6e819fd01e3', '2019-01-31 01:06:55', '2019-01-31 01:06:55'), ('45', '101004', 'string', 'string', 'string', '2019-01-31 01:10:16', 'e807bc7e-b80f-4357-9bf2-e01e42b32499', '2019-01-31 01:10:17', '2019-01-31 01:10:17'), ('46', '101004', 'string', 'string', 'string', '2019-01-31 01:18:20', 'e807bc7e-b80f-4357-9bf2-e01e42b32499', '2019-01-31 01:18:20', '2019-01-31 01:18:20'), ('47', '101004', 'string', 'string', 'string', '2019-01-31 01:20:40', 'e807bc7e-b80f-4357-9bf2-e01e42b32499', '2019-01-31 01:20:40', '2019-01-31 01:20:40'), ('48', '101004', 'string', 'string', 'string', '2019-01-31 01:24:59', 'e807bc7e-b80f-4357-9bf2-e01e42b32499', '2019-01-31 01:24:59', '2019-01-31 01:24:59'), ('49', '101004', 'string', 'string', 'string', '2019-01-31 10:17:20', 'e807bc7e-b80f-4357-9bf2-e01e42b32499', '2019-01-31 10:17:21', '2019-01-31 10:17:21'), ('50', '101010', 'string', 'string', 'string', '2019-01-31 11:13:07', 'e807bc7e-b80f-4357-9bf2-e01e42b32499', '2019-01-31 11:13:07', '2019-01-31 11:13:07'), ('51', '101010', 'string', 'string', 'string', '2019-01-31 11:19:44', 'e807bc7e-b80f-4357-9bf2-e01e42b32499', '2019-01-31 11:19:44', '2019-01-31 11:19:44'), ('52', '101010', 'string', 'string', 'string', '2019-01-31 14:33:00', '', '2019-01-31 14:33:00', '2019-01-31 14:33:00'), ('53', '101005', 'string', 'string', 'string', '2019-02-24 11:47:39', '7f609f2d-3ada-4f35-a92b-2d89c4928e3c', '2019-02-24 11:47:39', '2019-02-24 11:47:39'), ('54', '101005', 'string', 'string', 'string', '2019-02-24 11:48:01', '7f609f2d-3ada-4f35-a92b-2d89c4928e3c', '2019-02-24 11:48:01', '2019-02-24 11:48:01'), ('55', '101005', 'string', 'string', 'string', '2019-02-28 00:47:46', '8e5df937-8721-4095-9cb0-7be57976fbb6', '2019-02-28 00:47:47', '2019-02-28 00:47:47'), ('56', '101014', null, null, null, '2019-03-07 16:23:59', '3fe7b4ac-8e91-4c83-90c5-4759374c2f6f', '2019-03-07 16:24:16', '2019-03-07 16:24:16'), ('57', '101014', null, null, null, '2019-03-07 16:33:36', '3fe7b4ac-8e91-4c83-90c5-4759374c2f6f', '2019-03-07 16:33:36', '2019-03-07 16:33:36'), ('58', '101005', 'string', 'string', 'string', '2019-03-07 17:01:01', '3fe7b4ac-8e91-4c83-90c5-4759374c2f6f', '2019-03-07 17:01:01', '2019-03-07 17:01:01'), ('59', '101015', 'string', 'string', 'string', '2019-03-08 09:27:45', '3fe7b4ac-8e91-4c83-90c5-4759374c2f6f', '2019-03-08 09:27:45', '2019-03-08 09:27:45'), ('60', '101015', 'string', 'string', 'string', '2019-03-08 09:34:31', '3fe7b4ac-8e91-4c83-90c5-4759374c2f6f', '2019-03-08 09:34:32', '2019-03-08 09:34:32'), ('61', '101015', 'string', 'string', 'string', '2019-03-11 11:55:47', '', '2019-03-11 11:55:47', '2019-03-11 11:55:47'), ('62', '101015', 'string', 'string', 'string', '2019-03-11 15:38:41', '13f2d9c1-e92d-4796-a2ca-9e87607aff46', '2019-03-11 15:38:41', '2019-03-11 15:38:41'), ('63', '101015', 'string', 'string', 'string', '2019-03-11 15:41:20', '21b7d9c6-d484-410a-a317-79e41bd09c87', '2019-03-11 15:41:20', '2019-03-11 15:41:20'), ('64', '101015', 'string', 'string', 'string', '2019-03-11 15:43:03', 'a568e1ef-52ee-4ffc-9229-636e0a5c4273', '2019-03-11 15:43:03', '2019-03-11 15:43:03'), ('65', '101015', 'string', 'string', 'string', '2019-03-11 15:45:50', 'a568e1ef-52ee-4ffc-9229-636e0a5c4273', '2019-03-11 15:45:50', '2019-03-11 15:45:50'), ('66', '101015', 'string', 'string', 'string', '2019-03-13 16:57:22', '4e292c40-3851-4532-bd34-0f0e7c3e80b5', '2019-03-13 16:57:22', '2019-03-13 16:57:22'), ('67', '101015', 'string', 'string', 'string', '2019-03-17 00:12:31', 'fcfa120a-ebfd-4092-9343-3dd2e1d872dd', '2019-03-17 00:12:31', '2019-03-17 00:12:31'), ('68', '101015', 'string', 'string', 'string', '2019-03-25 16:08:02', 'dbc254ba-1e39-4c0f-90f0-48a523b7b1c7', '2019-03-25 16:08:02', '2019-03-25 16:08:02'), ('69', '101015', 'string', 'string', 'string', '2019-03-26 11:41:26', 'f6db41d5-0704-4f78-8b47-a43448a56a75', '2019-03-26 11:41:26', '2019-03-26 11:41:26'), ('70', '101016', null, null, null, '2019-03-28 15:55:45', 'd613356c-1250-4189-bae7-6a7b98a0a4ad', '2019-03-28 15:55:45', '2019-03-28 15:55:45'), ('71', '101016', null, null, null, '2019-03-28 16:04:26', '69718402-e29a-4175-b278-a39c30d2a003', '2019-03-28 16:04:26', '2019-03-28 16:04:26'), ('72', '101016', null, null, null, '2019-03-28 16:10:33', '69718402-e29a-4175-b278-a39c30d2a003', '2019-03-28 16:10:46', '2019-03-28 16:10:46'), ('73', '101016', null, null, null, '2019-03-28 16:13:41', '69718402-e29a-4175-b278-a39c30d2a003', '2019-03-28 16:14:49', '2019-03-28 16:14:49'), ('74', '101016', null, null, null, '2019-03-28 16:19:54', '69718402-e29a-4175-b278-a39c30d2a003', '2019-03-28 16:19:54', '2019-03-28 16:19:54'), ('75', '101015', 'string', 'string', 'string', '2019-03-28 16:21:19', '7a3e3a00-6970-4a87-85c0-efacf971d289', '2019-03-28 16:21:19', '2019-03-28 16:21:19'), ('76', '101015', 'string', 'string', 'string', '2019-03-28 16:24:24', '7a3e3a00-6970-4a87-85c0-efacf971d289', '2019-03-28 16:24:24', '2019-03-28 16:24:24'), ('77', '101015', 'string', 'string', 'string', '2019-03-28 16:41:32', '69718402-e29a-4175-b278-a39c30d2a003', '2019-03-28 16:41:32', '2019-03-28 16:41:32'), ('78', '101015', 'string', 'string', 'string', '2019-03-28 16:47:04', 'c3558983-9a39-4eb2-9e9a-ad4c59a709ac', '2019-03-28 16:47:04', '2019-03-28 16:47:04'), ('79', '101015', 'string', 'string', 'string', '2019-03-28 17:09:09', 'c3558983-9a39-4eb2-9e9a-ad4c59a709ac', '2019-03-28 17:09:10', '2019-03-28 17:09:10'), ('80', '101015', 'string', 'string', 'string', '2019-03-28 17:33:43', 'c3558983-9a39-4eb2-9e9a-ad4c59a709ac', '2019-03-28 17:33:43', '2019-03-28 17:33:43'), ('81', '101016', null, null, null, '2019-03-28 17:37:53', '985ae5d4-69b9-49e5-8334-88f559b97ddf', '2019-03-28 17:37:53', '2019-03-28 17:37:53'), ('82', '101015', 'string', 'string', 'string', '2019-04-02 09:48:03', '98b165b6-0418-4ee2-b3d5-b27d17a7670f', '2019-04-02 09:48:03', '2019-04-02 09:48:03');
COMMIT;

-- ----------------------------
--  Table structure for `user_rank`
-- ----------------------------
DROP TABLE IF EXISTS `user_rank`;
CREATE TABLE `user_rank` (
  `id` bigint(20) NOT NULL AUTO_INCREMENT,
  `rank_name` tinyint(4) DEFAULT NULL,
  `min_points` int(11) DEFAULT NULL,
  `max_points` int(11) DEFAULT NULL,
  `gmt_create` datetime DEFAULT NULL,
  `gmt_modified` datetime DEFAULT NULL,
  PRIMARY KEY (`id`)
) ENGINE=InnoDB DEFAULT CHARSET=utf8mb4 ROW_FORMAT=COMPACT COMMENT='用户等级信誉积分区间及对应权益表';

-- ----------------------------
--  Table structure for `user_sys_msg`
-- ----------------------------
DROP TABLE IF EXISTS `user_sys_msg`;
CREATE TABLE `user_sys_msg` (
  `id` bigint(20) NOT NULL AUTO_INCREMENT,
  `user_id` bigint(20) NOT NULL COMMENT '用户id',
  `msg_type` tinyint(4) NOT NULL COMMENT '消息类型 1-系统类通知 2-订单类通知',
  `msg_title` varchar(30) NOT NULL COMMENT '消息标题',
  `msg_content` varchar(500) NOT NULL COMMENT '消息内容',
  `is_read` tinyint(4) NOT NULL DEFAULT '0' COMMENT '0-未读 1-已读',
  `target_url` varchar(300) DEFAULT NULL COMMENT '消息内容指向的url',
  `gmt_create` datetime NOT NULL COMMENT '创建时间',
  `gmt_modified` datetime NOT NULL COMMENT '修改时间',
  PRIMARY KEY (`id`),
  KEY `idx_userid` (`user_id`)
) ENGINE=InnoDB AUTO_INCREMENT=294 DEFAULT CHARSET=utf8mb4 ROW_FORMAT=COMPACT COMMENT='用户系统类消息表';

-- ----------------------------
--  Records of `user_sys_msg`
-- ----------------------------
BEGIN;
INSERT INTO `user_sys_msg` VALUES ('61', '101015', '3', 'test1', 'qewrqwrwqrrwqrqwerewqrqwrqwr', '1', null, '2018-09-10 11:43:20', '2018-09-10 11:43:20'), ('62', '101015', '4', 'test2', '您的提现申请： 流水号【2218091014095181136】已于2018年09月10日14时09分52秒 成功提交。星享租将在1-3个工作日内完成审核工作，并进行打款。', '1', null, '2018-09-10 14:09:52', '2018-09-10 14:09:52'), ('63', '100001', '4', '提现申请已提交', '您的提现申请： 流水号【2218091014140227645】已于2018年09月10日14时14分02秒 成功提交。星享租将在1-3个工作日内完成审核工作，并进行打款。', '1', null, '2018-09-10 14:14:02', '2018-09-10 14:14:02'), ('64', '100014', '1', '认证审核已成功提交', '您提交的（企业）已于${dateTime}成功提交。星享租将在1-3个工作日内完成审核工作', '1', null, '2018-09-10 14:56:45', '2018-09-10 14:56:45'), ('65', '100013', '1', '认证审核已成功提交', '您提交的（个人）已于${dateTime}成功提交。星享租将在1-3个工作日内完成审核工作', '1', null, '2018-09-10 16:28:53', '2018-09-10 16:28:53'), ('66', '100008', '1', '认证审核已成功提交', '您提交的（个人）已于${dateTime}成功提交。星享租将在1-3个工作日内完成审核工作', '1', null, '2018-09-10 16:36:19', '2018-09-10 16:36:19'), ('67', '100005', '3', '订单待设置单价', '您的品类：（新型铁网）规格：（80*80），已被（周晓威）拍下，请您尽快设置单价，有助于您交易的尽快完成。', '1', null, '2018-09-10 16:44:35', '2018-09-10 16:44:35'), ('68', '100003', '3', '订单待设置单价', '您的品类：（钢管）规格：（6.0米,5.9米,5.8米），已被（马云）拍下，请您尽快设置单价，有助于您交易的尽快完成。', '1', null, '2018-09-10 16:48:40', '2018-09-10 16:48:40'), ('69', '100014', '3', '订单待设置单价', '您的品类：（钢管）规格：（6.0米,5.9米），已被（马云）拍下，请您尽快设置单价，有助于您交易的尽快完成。', '1', null, '2018-09-10 17:25:20', '2018-09-10 17:25:20'), ('70', '100004', '3', '订单待设置单价', '您的品类：（扣件）规格：（十字扣件），已被（eric）拍下，请您尽快设置单价，有助于您交易的尽快完成。', '1', null, '2018-09-10 17:27:16', '2018-09-10 17:27:16'), ('71', '100014', '3', '订单待设置单价', '您的品类：（钢管）规格：（6.0米,5.9米），已被（eric）拍下，请您尽快设置单价，有助于您交易的尽快完成。', '1', null, '2018-09-10 17:27:41', '2018-09-10 17:27:41'), ('72', '100003', '4', '提现申请已提交', '您的提现申请： 流水号【2218091017285033838】已于2018年09月10日17时28分50秒 成功提交。星享租将在1-3个工作日内完成审核工作，并进行打款。', '1', null, '2018-09-10 17:28:50', '2018-09-10 17:28:50'), ('73', '100014', '3', '待安排提货', '您购买的：订单号【1809101727410908572】，卖家已设置单价，请填写司机信息，安排司机提货。', '1', null, '2018-09-10 17:28:52', '2018-09-10 17:28:52'), ('74', '100003', '4', '提现申请已提交', '您的提现申请： 流水号【2218091017285565966】已于2018年09月10日17时28分55秒 成功提交。星享租将在1-3个工作日内完成审核工作，并进行打款。', '1', null, '2018-09-10 17:28:56', '2018-09-10 17:28:56'), ('75', '100003', '4', '提现申请已提交', '您的提现申请： 流水号【2218091017290174513】已于2018年09月10日17时29分01秒 成功提交。星享租将在1-3个工作日内完成审核工作，并进行打款。', '1', null, '2018-09-10 17:29:02', '2018-09-10 17:29:02'), ('76', '100003', '4', '提现申请已提交', '您的提现申请： 流水号【2218091017291349617】已于2018年09月10日17时29分13秒 成功提交。星享租将在1-3个工作日内完成审核工作，并进行打款。', '1', null, '2018-09-10 17:29:14', '2018-09-10 17:29:14'), ('77', '100003', '4', '提现申请已提交', '您的提现申请： 流水号【2218091017293226023】已于2018年09月10日17时29分32秒 成功提交。星享租将在1-3个工作日内完成审核工作，并进行打款。', '1', null, '2018-09-10 17:29:32', '2018-09-10 17:29:32'), ('78', '100003', '4', '提现申请已提交', '您的提现申请： 流水号【2218091017294075485】已于2018年09月10日17时29分40秒 成功提交。星享租将在1-3个工作日内完成审核工作，并进行打款。', '1', null, '2018-09-10 17:29:41', '2018-09-10 17:29:41'), ('79', '100003', '4', '提现申请已提交', '您的提现申请： 流水号【2218091017294954318】已于2018年09月10日17时29分49秒 成功提交。星享租将在1-3个工作日内完成审核工作，并进行打款。', '1', null, '2018-09-10 17:29:50', '2018-09-10 17:29:50'), ('80', '100003', '4', '提现申请已提交', '您的提现申请： 流水号【2218091017314152596】已于2018年09月10日17时31分41秒 成功提交。星享租将在1-3个工作日内完成审核工作，并进行打款。', '1', null, '2018-09-10 17:31:42', '2018-09-10 17:31:42'), ('81', '100003', '4', '提现申请已提交', '您的提现申请： 流水号【2218091017314725179】已于2018年09月10日17时31分47秒 成功提交。星享租将在1-3个工作日内完成审核工作，并进行打款。', '1', null, '2018-09-10 17:31:47', '2018-09-10 17:31:47'), ('82', '100003', '4', '提现申请已提交', '您的提现申请： 流水号【2218091017315179896】已于2018年09月10日17时31分51秒 成功提交。星享租将在1-3个工作日内完成审核工作，并进行打款。', '1', null, '2018-09-10 17:31:52', '2018-09-10 17:31:52'), ('83', '100003', '4', '提现申请已提交', '您的提现申请： 流水号【2218091017320055339】已于2018年09月10日17时32分00秒 成功提交。星享租将在1-3个工作日内完成审核工作，并进行打款。', '1', null, '2018-09-10 17:32:01', '2018-09-10 17:32:01'), ('84', '100003', '4', '提现申请已提交', '您的提现申请： 流水号【2218091017382877978】已于2018年09月10日17时38分30秒 成功提交。星享租将在1-3个工作日内完成审核工作，并进行打款。', '1', null, '2018-09-10 17:38:30', '2018-09-10 17:38:30'), ('85', '100003', '4', '提现申请已提交', '您的提现申请： 流水号【2218091017383436851】已于2018年09月10日17时38分40秒 成功提交。星享租将在1-3个工作日内完成审核工作，并进行打款。', '1', null, '2018-09-10 17:38:40', '2018-09-10 17:38:40'), ('86', '100003', '4', '提现申请已提交', '您的提现申请： 流水号【2218091017395741674】已于2018年09月10日17时39分57秒 成功提交。星享租将在1-3个工作日内完成审核工作，并进行打款。', '1', null, '2018-09-10 17:39:57', '2018-09-10 17:39:57'), ('87', '100005', '3', '订单待设置单价', '您的品类：（新型铁网）规格：（80*80），已被（周晓威）拍下，请您尽快设置单价，有助于您交易的尽快完成。', '1', null, '2018-09-10 17:41:20', '2018-09-10 17:41:20'), ('88', '100014', '3', '订单待设置单价', '您的品类：（钢管）规格：（6.0米），已被（周晓威）拍下，请您尽快设置单价，有助于您交易的尽快完成。', '1', null, '2018-09-10 17:43:47', '2018-09-10 17:43:47'), ('89', '100005', '3', '订单待设置单价', '您的品类：（钢管）规格：（6.0米），已被（周晓威）拍下，请您尽快设置单价，有助于您交易的尽快完成。', '1', null, '2018-09-10 17:48:10', '2018-09-10 17:48:10'), ('90', '100014', '3', '订单待设置单价', '您的品类：（钢管）规格：（5.9米），已被（周晓威）拍下，请您尽快设置单价，有助于您交易的尽快完成。', '1', null, '2018-09-10 17:50:16', '2018-09-10 17:50:16'), ('91', '100012', '1', '认证审核已成功提交', '您提交的（个人）已于${dateTime}成功提交。星享租将在1-3个工作日内完成审核工作', '1', null, '2018-09-10 21:03:36', '2018-09-10 21:03:36'), ('92', '100004', '3', '待安排提货', '您购买的：订单号【1809101727162214197】，卖家已设置单价，请填写司机信息，安排司机提货。', '1', null, '2018-09-10 21:14:02', '2018-09-10 21:14:02'), ('93', '100014', '3', '订单待设置单价', '您的品类：（钢管）规格：（6.0米,5.9米），已被（eric）拍下，请您尽快设置单价，有助于您交易的尽快完成。', '1', null, '2018-09-11 09:12:29', '2018-09-11 09:12:29'), ('94', '100014', '3', '待安排提货', '您购买的：订单号【1809110912292436965】，卖家已设置单价，请填写司机信息，安排司机提货。', '1', null, '2018-09-11 09:15:40', '2018-09-11 09:15:40'), ('95', '100008', '3', '待安排装卸', '您销售的：订单号【1809110912292436965】，买家已经安排司机提货，请您安排好装卸事宜，并在装卸完成之后，填写装卸信息。', '1', '', '2018-09-11 09:21:53', '2018-09-11 09:21:53'), ('96', '100014', '3', '订单待支付', '您购买的：订单号【1809110912292436965】，装卸已完成，已生成总价，请您尽快支付，以免延误卖家发货。', '1', null, '2018-09-11 09:24:57', '2018-09-11 09:24:57'), ('97', '100014', '3', '订单待设置单价', '您的品类：（钢管）规格：（6.0米,5.9米），已被（马云）拍下，请您尽快设置单价，有助于您交易的尽快完成。', '1', null, '2018-09-11 10:05:09', '2018-09-11 10:05:09'), ('98', '100014', '3', '待安排提货', '您购买的：订单号【1809111005083655787】，卖家已设置单价，请填写司机信息，安排司机提货。', '1', null, '2018-09-11 10:07:06', '2018-09-11 10:07:06'), ('99', '100013', '3', '待安排装卸', '您销售的：订单号【1809111005083655787】，买家已经安排司机提货，请您安排好装卸事宜，并在装卸完成之后，填写装卸信息。', '1', '', '2018-09-11 10:09:05', '2018-09-11 10:09:05'), ('100', '100014', '3', '订单待设置单价', '您的品类：（钢管）规格：（6.0米,5.9米），已被（郭孝兵）拍下，请您尽快设置单价，有助于您交易的尽快完成。', '1', null, '2018-09-11 10:09:18', '2018-09-11 10:09:18'), ('101', '100014', '3', '订单待支付', '您购买的：订单号【1809111005083655787】，装卸已完成，已生成总价，请您尽快支付，以免延误卖家发货。', '1', null, '2018-09-11 10:10:20', '2018-09-11 10:10:20'), ('102', '100014', '3', '待安排提货', '您购买的：订单号【1809111009177327141】，卖家已设置单价，请填写司机信息，安排司机提货。', '1', null, '2018-09-11 10:11:36', '2018-09-11 10:11:36'), ('103', '100001', '3', '待安排装卸', '您销售的：订单号【1809111009177327141】，买家已经安排司机提货，请您安排好装卸事宜，并在装卸完成之后，填写装卸信息。', '1', '', '2018-09-11 10:14:07', '2018-09-11 10:14:07'), ('104', '100014', '3', '订单待支付', '您购买的：订单号【1809111009177327141】，装卸已完成，已生成总价，请您尽快支付，以免延误卖家发货。', '1', null, '2018-09-11 10:16:57', '2018-09-11 10:16:57'), ('105', '100014', '3', '订单待收货', '您购买的：订单号【1809111009177327141】，卖家已发货，请您收到货后，及时确认。', '1', null, '2018-09-11 10:19:48', '2018-09-11 10:19:48'), ('106', '100001', '3', '订单待评价', '您购买的：订单号【1809111009177327141】，订单已完成，建议您尽快评价，方便您日后的交易。', '1', null, '2018-09-11 10:19:51', '2018-09-11 10:19:51'), ('107', '100014', '3', '订单待评价', '您销售的：订单号【1809111009177327141】，买家已确认收货，建议您尽快进行评价，方便您日后的交易。', '1', null, '2018-09-11 10:19:52', '2018-09-11 10:19:52'), ('108', '100005', '3', '订单待设置单价', '您的品类：（新型铁网）规格：（80*80），已被（周晓威）拍下，请您尽快设置单价，有助于您交易的尽快完成。', '1', null, '2018-09-11 10:27:21', '2018-09-11 10:27:21'), ('109', '100005', '3', '待安排提货', '您购买的：订单号【1809111027209936295】，卖家已设置单价，请填写司机信息，安排司机提货。', '1', null, '2018-09-11 10:27:50', '2018-09-11 10:27:50'), ('110', '100005', '3', '订单待收货', '您购买的：订单号【1809111027209936295】，卖家已发货，请您收到货后，及时确认。', '1', null, '2018-09-11 10:33:37', '2018-09-11 10:33:37'), ('111', '100003', '3', '订单待评价', '您购买的：订单号【1809111027209936295】，订单已完成，建议您尽快评价，方便您日后的交易。', '1', null, '2018-09-11 10:33:42', '2018-09-11 10:33:42'), ('112', '100005', '3', '订单待评价', '您销售的：订单号【1809111027209936295】，买家已确认收货，建议您尽快进行评价，方便您日后的交易。', '1', null, '2018-09-11 10:33:42', '2018-09-11 10:33:42'), ('113', '100005', '3', '订单待设置单价', '您的品类：（新型铁网）规格：（80*80），已被（周晓威）拍下，请您尽快设置单价，有助于您交易的尽快完成。', '1', null, '2018-09-11 10:34:48', '2018-09-11 10:34:48'), ('114', '100005', '3', '待安排提货', '您购买的：订单号【1809111034475712741】，卖家已设置单价，请填写司机信息，安排司机提货。', '1', null, '2018-09-11 10:35:58', '2018-09-11 10:35:58'), ('115', '100005', '3', '订单待设置单价', '您的品类：（新型铁网）规格：（100*100），已被（周晓威）拍下，请您尽快设置单价，有助于您交易的尽快完成。', '1', null, '2018-09-11 10:45:58', '2018-09-11 10:45:58'), ('116', '100005', '3', '待安排提货', '您购买的：订单号【1809111045579609215】，卖家已设置单价，请填写司机信息，安排司机提货。', '1', null, '2018-09-11 10:46:24', '2018-09-11 10:46:24'), ('117', '100005', '3', '订单待设置单价', '您的品类：（新型铁网）规格：（80*80,100*100），已被（周晓威）拍下，请您尽快设置单价，有助于您交易的尽快完成。', '1', null, '2018-09-11 10:48:45', '2018-09-11 10:48:45'), ('118', '100005', '3', '待安排提货', '您购买的：订单号【1809111048447213411】，卖家已设置单价，请填写司机信息，安排司机提货。', '1', null, '2018-09-11 10:53:05', '2018-09-11 10:53:05'), ('119', '100005', '3', '订单待设置单价', '您的品类：（新型铁网）规格：（100*100），已被（周晓威）拍下，请您尽快设置单价，有助于您交易的尽快完成。', '1', null, '2018-09-11 10:58:37', '2018-09-11 10:58:37'), ('120', '100005', '3', '待安排提货', '您购买的：订单号【1809111058369929632】，卖家已设置单价，请填写司机信息，安排司机提货。', '1', null, '2018-09-11 10:59:00', '2018-09-11 10:59:00'), ('121', '100005', '3', '订单待设置单价', '您的品类：（钢管）规格：（5.8米），已被（周晓威）拍下，请您尽快设置单价，有助于您交易的尽快完成。', '1', null, '2018-09-11 11:01:08', '2018-09-11 11:01:08'), ('122', '100005', '3', '待安排提货', '您购买的：订单号【1809111101075674595】，卖家已设置单价，请填写司机信息，安排司机提货。', '1', null, '2018-09-11 11:13:36', '2018-09-11 11:13:36'), ('123', '100005', '3', '订单待设置单价', '您的品类：（钢管）规格：（6.0米,5.9米），已被（周晓威）拍下，请您尽快设置单价，有助于您交易的尽快完成。', '1', null, '2018-09-11 11:16:17', '2018-09-11 11:16:17'), ('124', '100005', '3', '待安排提货', '您购买的：订单号【1809111116164858515】，卖家已设置单价，请填写司机信息，安排司机提货。', '1', null, '2018-09-11 12:54:18', '2018-09-11 12:54:18'), ('125', '100003', '3', '待安排装卸', '您销售的：订单号【1809111116164858515】，买家已经安排司机提货，请您安排好装卸事宜，并在装卸完成之后，填写装卸信息。', '1', '', '2018-09-11 12:54:42', '2018-09-11 12:54:42'), ('126', '100005', '3', '订单待支付', '您购买的：订单号【1809111116164858515】，装卸已完成，已生成总价，请您尽快支付，以免延误卖家发货。', '1', null, '2018-09-11 12:55:16', '2018-09-11 12:55:16'), ('127', '100005', '3', '订单待设置单价', '您的品类：（新型铁网）规格：（80*80,100*100），已被（周晓威）拍下，请您尽快设置单价，有助于您交易的尽快完成。', '1', null, '2018-09-11 12:57:18', '2018-09-11 12:57:18'), ('128', '100005', '3', '待安排提货', '您购买的：订单号【1809111257178804417】，卖家已设置单价，请填写司机信息，安排司机提货。', '1', null, '2018-09-11 12:57:24', '2018-09-11 12:57:24'), ('129', '100005', '3', '订单待设置单价', '您的品类：（钢管）规格：（6.0米,5.9米,5.8米），已被（周晓威）拍下，请您尽快设置单价，有助于您交易的尽快完成。', '1', null, '2018-09-11 12:58:24', '2018-09-11 12:58:24'), ('130', '100005', '3', '待安排提货', '您购买的：订单号【1809111258237795542】，卖家已设置单价，请填写司机信息，安排司机提货。', '1', null, '2018-09-11 12:58:42', '2018-09-11 12:58:42'), ('131', '100003', '3', '待安排装卸', '您销售的：订单号【1809111258237795542】，买家已经安排司机提货，请您安排好装卸事宜，并在装卸完成之后，填写装卸信息。', '1', '', '2018-09-11 12:59:08', '2018-09-11 12:59:08'), ('132', '100005', '3', '订单待支付', '您购买的：订单号【1809111258237795542】，装卸已完成，已生成总价，请您尽快支付，以免延误卖家发货。', '1', null, '2018-09-11 12:59:39', '2018-09-11 12:59:39'), ('133', '100005', '3', '订单待发货', '您销售的：订单号【1809111258237795542】，买家已完成付款，请您尽快发货。', '1', null, '2018-09-11 13:05:01', '2018-09-11 13:05:01'), ('134', '100005', '3', '订单待收货', '您购买的：订单号【1809111258237795542】，卖家已发货，请您收到货后，及时确认。', '1', null, '2018-09-11 13:05:06', '2018-09-11 13:05:06'), ('135', '100003', '3', '订单待评价', '您购买的：订单号【1809111258237795542】，订单已完成，建议您尽快评价，方便您日后的交易。', '1', null, '2018-09-11 13:05:10', '2018-09-11 13:05:10'), ('136', '100005', '3', '订单待评价', '您销售的：订单号【1809111258237795542】，买家已确认收货，建议您尽快进行评价，方便您日后的交易。', '1', null, '2018-09-11 13:05:10', '2018-09-11 13:05:10'), ('137', '100005', '3', '订单待设置单价', '您的品类：（新型铁网）规格：（80*80,100*100），已被（周晓威）拍下，请您尽快设置单价，有助于您交易的尽快完成。', '1', null, '2018-09-11 13:15:02', '2018-09-11 13:15:02'), ('138', '100005', '3', '待安排提货', '您购买的：订单号【1809111315020015985】，卖家已设置单价，请填写司机信息，安排司机提货。', '1', null, '2018-09-11 13:15:16', '2018-09-11 13:15:16'), ('139', '100005', '3', '订单待设置单价', '您的品类：（新型铁网）规格：（80*80,100*100），已被（周晓威）拍下，请您尽快设置单价，有助于您交易的尽快完成。', '1', null, '2018-09-11 13:15:59', '2018-09-11 13:15:59'), ('140', '100005', '3', '待安排提货', '您购买的：订单号【1809111315590938678】，卖家已设置单价，请填写司机信息，安排司机提货。', '1', null, '2018-09-11 13:16:06', '2018-09-11 13:16:06'), ('141', '100004', '3', '订单待设置单价', '您的品类：（钢管）规格：（6.0米,5.9米,5.8米），已被（eric）拍下，请您尽快设置单价，有助于您交易的尽快完成。', '1', null, '2018-09-11 14:48:45', '2018-09-11 14:48:45'), ('142', '100014', '2', '银行卡已提交', '您提交的尾号为：（5220）的银行卡，已于2018年09月12日10时22分14秒成功提交。星享租将在1-3个工作日内完成审核工作，并进行打款。请您随时注意银行卡余额。', '1', null, '2018-09-12 10:22:14', '2018-09-12 10:22:14'), ('143', '100014', '2', '银行卡已成功绑定', '您的银行卡已通过星享租的验证流程。您可以去个人中心-我的账户中查看及进行提现操作。', '1', null, '2018-09-12 10:28:48', '2018-09-12 10:28:48'), ('144', '100014', '3', '订单待设置单价', '您的品类：（钢管）规格：（6.0米,5.9米），已被（eric）拍下，请您尽快设置单价，有助于您交易的尽快完成。', '1', null, '2018-09-12 11:43:30', '2018-09-12 11:43:30'), ('145', '100014', '3', '待安排提货', '您购买的：订单号【1809121143297408286】，卖家已设置单价，请填写司机信息，安排司机提货。', '1', null, '2018-09-12 11:44:17', '2018-09-12 11:44:17'), ('146', '100008', '3', '待安排装卸', '您销售的：订单号【1809121143297408286】，买家已经安排司机提货，请您安排好装卸事宜，并在装卸完成之后，填写装卸信息。', '1', '', '2018-09-12 11:46:31', '2018-09-12 11:46:31'), ('147', '100014', '3', '订单待支付', '您购买的：订单号【1809121143297408286】，装卸已完成，已生成总价，请您尽快支付，以免延误卖家发货。', '1', null, '2018-09-12 11:47:41', '2018-09-12 11:47:41'), ('148', '100014', '3', '订单待收货', '您购买的：订单号【1809121143297408286】，卖家已发货，请您收到货后，及时确认。', '1', null, '2018-09-12 11:50:58', '2018-09-12 11:50:58'), ('149', '100014', '3', '订单待设置单价', '您的品类：（钢管）规格：（6.0米,5.9米），已被（eric）拍下，请您尽快设置单价，有助于您交易的尽快完成。', '1', null, '2018-09-12 12:00:10', '2018-09-12 12:00:10'), ('150', '100014', '3', '订单待设置单价', '您的品类：（钢管）规格：（6.0米,5.9米），已被（郭孝兵）拍下，请您尽快设置单价，有助于您交易的尽快完成。', '1', null, '2018-09-12 14:50:11', '2018-09-12 14:50:11'), ('151', '100001', '3', '待安排提货', '您购买的：订单号【1809121450111761796】，卖家已设置单价，请填写司机信息，安排司机提货。', '1', null, '2018-09-12 16:00:56', '2018-09-12 16:00:56'), ('152', '100014', '3', '待安排装卸', '您销售的：订单号【1809121450111761796】，买家已经安排司机提货，请您安排好装卸事宜，并在装卸完成之后，填写装卸信息。', '1', '', '2018-09-12 16:02:15', '2018-09-12 16:02:15'), ('153', '100001', '3', '订单待支付', '您购买的：订单号【1809121450111761796】，装卸已完成，已生成总价，请您尽快支付，以免延误卖家发货。', '1', null, '2018-09-12 16:03:21', '2018-09-12 16:03:21'), ('154', '100014', '3', '订单待发货', '您销售的：订单号【1809121450111761796】，买家已完成付款，请您尽快发货。', '1', null, '2018-09-12 16:04:19', '2018-09-12 16:04:19'), ('155', '100001', '3', '订单待收货', '您购买的：订单号【1809121450111761796】，卖家已发货，请您收到货后，及时确认。', '1', null, '2018-09-12 16:06:09', '2018-09-12 16:06:09'), ('156', '100011', '3', '待安排提货', '您购买的：订单号【1809121650480015547】，卖家已设置单价，请填写司机信息，安排司机提货。', '1', null, '2018-09-12 16:52:02', '2018-09-12 16:52:02'), ('157', '100008', '3', '待安排提货', '您购买的：订单号【1809121200104277944】，卖家已设置单价，请填写司机信息，安排司机提货。', '1', null, '2018-09-13 11:40:32', '2018-09-13 11:40:32'), ('158', '100011', '1', '认证审核已成功提交', '您提交的（企业）已于2018-09-13 14:59:54成功提交。星享租将在1-3个工作日内完成审核工作', '1', null, '2018-09-13 14:59:54', '2018-09-13 14:59:54'), ('159', '100008', '3', '待安排提货', '您购买的：订单号【1809111448445449182】，卖家已设置单价，请填写司机信息，安排司机提货。', '1', null, '2018-09-13 16:30:06', '2018-09-13 16:30:06'), ('160', '100004', '3', '订单待设置单价', '您的品类：（扣件）规格：（十字扣件,对接扣件），已被（超级有型有限公司）拍下，请您尽快设置单价，有助于您交易的尽快完成。', '1', null, '2018-09-13 16:31:24', '2018-09-13 16:31:24'), ('161', '100004', '3', '订单待设置单价', '您的品类：（钢管）规格：（6.0米,5.9米），已被（超级有型有限公司）拍下，请您尽快设置单价，有助于您交易的尽快完成。', '1', null, '2018-09-13 16:34:19', '2018-09-13 16:34:19'), ('162', '100004', '3', '订单待设置单价', '您的品类：（钢管）规格：（6.0米），已被（超级有型有限公司）拍下，请您尽快设置单价，有助于您交易的尽快完成。', '1', null, '2018-09-13 16:35:02', '2018-09-13 16:35:02'), ('163', '100004', '3', '订单待设置单价', '您的品类：（扣件）规格：（十字扣件），已被（超级有型有限公司）拍下，请您尽快设置单价，有助于您交易的尽快完成。', '1', null, '2018-09-13 16:37:49', '2018-09-13 16:37:49'), ('164', '100004', '3', '订单待设置单价', '您的品类：（扣件）规格：（十字扣件），已被（超级有型有限公司）拍下，请您尽快设置单价，有助于您交易的尽快完成。', '1', null, '2018-09-13 16:46:59', '2018-09-13 16:46:59'), ('165', '100005', '3', '待安排提货', '您购买的：订单号【1809131646592219185】，卖家已设置单价，请填写司机信息，安排司机提货。', '1', null, '2018-09-13 16:50:06', '2018-09-13 16:50:06'), ('166', '100014', '3', '订单待设置单价', '您的品类：（钢管）规格：（6.0米,5.9米），已被（兔子的公司）拍下，请您尽快设置单价，有助于您交易的尽快完成。', '1', null, '2018-09-13 17:21:52', '2018-09-13 17:21:52'), ('167', '100014', '3', '订单待设置单价', '您的品类：（钢管）规格：（6.0米,5.9米），已被（马云）拍下，请您尽快设置单价，有助于您交易的尽快完成。', '1', null, '2018-09-14 11:00:23', '2018-09-14 11:00:23'), ('168', '100004', '3', '订单待设置单价', '您的品类：（钢管）规格：（6.0米,5.9米,5.8米），已被（上海王道储运有限责任公司）拍下，请您尽快设置单价，有助于您交易的尽快完成。', '1', null, '2018-09-14 11:46:39', '2018-09-14 11:46:39'), ('169', '100004', '3', '订单待设置单价', '您的品类：（扣件）规格：（十字扣件,对接扣件），已被（上海王道储运有限责任公司）拍下，请您尽快设置单价，有助于您交易的尽快完成。', '1', null, '2018-09-14 13:30:50', '2018-09-14 13:30:50'), ('170', '100008', '3', '订单待评价', '您购买的：订单号【1809121143297408286】，订单已完成，建议您尽快评价，方便您日后的交易。', '1', null, '2018-09-14 13:56:00', '2018-09-14 13:56:00'), ('171', '100014', '3', '订单待评价', '您销售的：订单号【1809121143297408286】，买家已确认收货，建议您尽快进行评价，方便您日后的交易。', '1', null, '2018-09-14 13:56:00', '2018-09-14 13:56:00'), ('172', '100014', '3', '待安排装卸', '您销售的：订单号【1809121200104277944】，买家已经安排司机提货，请您安排好装卸事宜，并在装卸完成之后，填写装卸信息。', '1', '', '2018-09-14 13:57:11', '2018-09-14 13:57:11'), ('173', '100014', '4', '提现申请已提交', '您的提现申请： 流水号【2218091414194385781】已于2018年09月14日14时19分43秒 成功提交。星享租将在1-3个工作日内完成审核工作，并进行打款。', '1', null, '2018-09-14 14:19:44', '2018-09-14 14:19:44'), ('174', '100005', '3', '订单待设置单价', '您的品类：（扣件）规格：（十字扣件），已被（刘智强）拍下，请您尽快设置单价，有助于您交易的尽快完成。', '1', null, '2018-09-14 16:52:39', '2018-09-14 16:52:39'), ('175', '100014', '4', '提现申请已提交', '您的提现申请： 流水号【2218091416540335675】已于2018年09月14日16时54分03秒 成功提交。星享租将在1-3个工作日内完成审核工作，并进行打款。', '1', null, '2018-09-14 16:54:03', '2018-09-14 16:54:03'), ('176', '100005', '3', '订单待设置单价', '您的品类：（钢管）规格：（6.0米,5.9米），已被（刘智强）拍下，请您尽快设置单价，有助于您交易的尽快完成。', '1', null, '2018-09-14 16:54:45', '2018-09-14 16:54:45'), ('177', '100009', '3', '订单待设置单价', '您的品类：（新型铁网）规格：（80*80），已被（刘智强）拍下，请您尽快设置单价，有助于您交易的尽快完成。', '0', null, '2018-09-14 17:07:33', '2018-09-14 17:07:33'), ('178', '100009', '3', '订单待设置单价', '您的品类：（新型铁网）规格：（80*80,100*100），已被（eric）拍下，请您尽快设置单价，有助于您交易的尽快完成。', '0', null, '2018-09-17 15:43:07', '2018-09-17 15:43:07'), ('179', '100004', '3', '订单待设置单价', '您的品类：（扣件）规格：（十字扣件,对接扣件），已被（上海王道储运有限责任公司）拍下，请您尽快设置单价，有助于您交易的尽快完成。', '1', null, '2018-09-17 15:43:15', '2018-09-17 15:43:15'), ('180', '100009', '3', '订单待设置单价', '您的品类：（新型铁网）规格：（80*80,100*100），已被（eric）拍下，请您尽快设置单价，有助于您交易的尽快完成。', '0', null, '2018-09-17 15:43:36', '2018-09-17 15:43:36'), ('181', '100014', '3', '订单待设置单价', '您的品类：（钢管）规格：（5.9米），已被（刘智强）拍下，请您尽快设置单价，有助于您交易的尽快完成。', '1', null, '2018-09-17 22:44:11', '2018-09-17 22:44:11'), ('182', '100005', '3', '订单待设置单价', '您的品类：（扣件）规格：（十字扣件），已被（刘智强）拍下，请您尽快设置单价，有助于您交易的尽快完成。', '1', null, '2018-09-18 00:46:07', '2018-09-18 00:46:07'), ('183', '100004', '3', '待安排提货', '您购买的：订单号【1809180046068452779】，卖家已设置单价，请填写司机信息，安排司机提货。', '1', null, '2018-09-18 00:46:32', '2018-09-18 00:46:32'), ('184', '100005', '3', '待安排装卸', '您销售的：订单号【1809180046068452779】，买家已经安排司机提货，请您安排好装卸事宜，并在装卸完成之后，填写装卸信息。', '1', '', '2018-09-18 00:47:35', '2018-09-18 00:47:35'), ('185', '100004', '3', '订单待支付', '您购买的：订单号【1809180046068452779】，装卸已完成，已生成总价，请您尽快支付，以免延误卖家发货。', '1', null, '2018-09-18 00:48:08', '2018-09-18 00:48:08'), ('186', '100005', '3', '订单待发货', '您销售的：订单号【1809180046068452779】，买家已完成付款，请您尽快发货。', '1', null, '2018-09-18 00:51:05', '2018-09-18 00:51:05'), ('187', '100004', '3', '订单待收货', '您购买的：订单号【1809180046068452779】，卖家已发货，请您收到货后，及时确认。', '1', null, '2018-09-18 00:51:15', '2018-09-18 00:51:15'), ('188', '100004', '3', '订单待评价', '您购买的：订单号【1809180046068452779】，订单已完成，建议您尽快评价，方便您日后的交易。', '1', null, '2018-09-18 00:52:13', '2018-09-18 00:52:13'), ('189', '100005', '3', '订单待评价', '您销售的：订单号【1809180046068452779】，买家已确认收货，建议您尽快进行评价，方便您日后的交易。', '1', null, '2018-09-18 00:52:13', '2018-09-18 00:52:13'), ('190', '100009', '3', '订单待设置单价', '您的品类：（新型铁网）规格：（100*100,80*80），已被（上海王道储运有限责任公司）拍下，请您尽快设置单价，有助于您交易的尽快完成。', '0', null, '2018-09-18 09:19:49', '2018-09-18 09:19:49'), ('191', '100014', '3', '订单待设置单价', '您的品类：（钢管）规格：（6.0米,5.9米,5.8米），已被（eric）拍下，请您尽快设置单价，有助于您交易的尽快完成。', '1', null, '2018-09-18 11:22:31', '2018-09-18 11:22:31'), ('192', '100008', '3', '待安排提货', '您购买的：订单号【1809181122313614481】，卖家已设置单价，请填写司机信息，安排司机提货。', '1', null, '2018-09-18 11:22:53', '2018-09-18 11:22:53'), ('193', '100014', '3', '待安排装卸', '您销售的：订单号【1809181122313614481】，买家已经安排司机提货，请您安排好装卸事宜，并在装卸完成之后，填写装卸信息。', '1', '', '2018-09-18 11:24:36', '2018-09-18 11:24:36'), ('194', '100008', '3', '订单待支付', '您购买的：订单号【1809181122313614481】，装卸已完成，已生成总价，请您尽快支付，以免延误卖家发货。', '1', null, '2018-09-18 11:25:42', '2018-09-18 11:25:42'), ('195', '100014', '3', '订单待设置单价', '您的品类：（钢管）规格：（6.0米,5.9米,5.8米），已被（eric）拍下，请您尽快设置单价，有助于您交易的尽快完成。', '1', null, '2018-09-18 11:28:14', '2018-09-18 11:28:14'), ('196', '100008', '3', '待安排提货', '您购买的：订单号【1809181128142302825】，卖家已设置单价，请填写司机信息，安排司机提货。', '1', null, '2018-09-18 11:28:28', '2018-09-18 11:28:28'), ('197', '100014', '3', '待安排装卸', '您销售的：订单号【1809181128142302825】，买家已经安排司机提货，请您安排好装卸事宜，并在装卸完成之后，填写装卸信息。', '1', '', '2018-09-18 11:30:56', '2018-09-18 11:30:56'), ('198', '100008', '3', '订单待支付', '您购买的：订单号【1809181128142302825】，装卸已完成，已生成总价，请您尽快支付，以免延误卖家发货。', '1', null, '2018-09-18 11:31:15', '2018-09-18 11:31:15'), ('199', '100014', '3', '订单待发货', '您销售的：订单号【1809181128142302825】，买家已完成付款，请您尽快发货。', '1', null, '2018-09-18 11:32:01', '2018-09-18 11:32:01'), ('200', '100008', '3', '订单待收货', '您购买的：订单号【1809181128142302825】，卖家已发货，请您收到货后，及时确认。', '1', null, '2018-09-18 11:32:12', '2018-09-18 11:32:12'), ('201', '100008', '3', '订单待评价', '您购买的：订单号【1809181128142302825】，订单已完成，建议您尽快评价，方便您日后的交易。', '1', null, '2018-09-18 11:32:26', '2018-09-18 11:32:26'), ('202', '100014', '3', '订单待评价', '您销售的：订单号【1809181128142302825】，买家已确认收货，建议您尽快进行评价，方便您日后的交易。', '1', null, '2018-09-18 11:32:26', '2018-09-18 11:32:26'), ('203', '100008', '2', '银行卡已提交', '您提交的尾号为：（3332）的银行卡，已于2018年09月18日11时38分12秒成功提交。星享租将在1-3个工作日内完成审核工作，并进行打款。请您随时注意银行卡余额。', '1', null, '2018-09-18 11:38:12', '2018-09-18 11:38:12'), ('204', '100014', '3', '订单待设置单价', '您的品类：（钢管）规格：（5.9米,6.0米,5.8米），已被（eric）拍下，请您尽快设置单价，有助于您交易的尽快完成。', '1', null, '2018-09-18 14:55:56', '2018-09-18 14:55:56'), ('205', '100008', '3', '待安排提货', '您购买的：订单号【1809181455558806414】，卖家已设置单价，请填写司机信息，安排司机提货。', '1', null, '2018-09-18 15:05:04', '2018-09-18 15:05:04'), ('206', '100014', '3', '待安排装卸', '您销售的：订单号【1809181455558806414】，买家已经安排司机提货，请您安排好装卸事宜，并在装卸完成之后，填写装卸信息。', '1', '', '2018-09-18 15:06:07', '2018-09-18 15:06:07'), ('207', '100008', '3', '订单待支付', '您购买的：订单号【1809181455558806414】，装卸已完成，已生成总价，请您尽快支付，以免延误卖家发货。', '1', null, '2018-09-18 15:07:17', '2018-09-18 15:07:17'), ('208', '100014', '3', '订单待发货', '您销售的：订单号【1809181455558806414】，买家已完成付款，请您尽快发货。', '1', null, '2018-09-18 15:07:32', '2018-09-18 15:07:32'), ('209', '100008', '3', '订单待收货', '您购买的：订单号【1809181455558806414】，卖家已发货，请您收到货后，及时确认。', '1', null, '2018-09-18 15:07:38', '2018-09-18 15:07:38'), ('210', '100008', '3', '订单待评价', '您购买的：订单号【1809181455558806414】，订单已完成，建议您尽快评价，方便您日后的交易。', '1', null, '2018-09-18 15:07:46', '2018-09-18 15:07:46'), ('211', '100014', '3', '订单待评价', '您销售的：订单号【1809181455558806414】，买家已确认收货，建议您尽快进行评价，方便您日后的交易。', '1', null, '2018-09-18 15:07:46', '2018-09-18 15:07:46'), ('212', '100014', '3', '订单待设置单价', '您的品类：（钢管）规格：（5.9米,6.0米,5.8米），已被（eric）拍下，请您尽快设置单价，有助于您交易的尽快完成。', '1', null, '2018-09-18 15:26:37', '2018-09-18 15:26:37'), ('213', '100008', '3', '待安排提货', '您购买的：订单号【1809181526373026966】，卖家已设置单价，请填写司机信息，安排司机提货。', '1', null, '2018-09-18 15:27:02', '2018-09-18 15:27:02'), ('214', '100014', '3', '待安排装卸', '您销售的：订单号【1809181526373026966】，买家已经安排司机提货，请您安排好装卸事宜，并在装卸完成之后，填写装卸信息。', '1', '', '2018-09-18 15:27:19', '2018-09-18 15:27:19'), ('215', '100008', '3', '订单待支付', '您购买的：订单号【1809181526373026966】，装卸已完成，已生成总价，请您尽快支付，以免延误卖家发货。', '1', null, '2018-09-18 15:28:04', '2018-09-18 15:28:04'), ('216', '100014', '3', '订单待发货', '您销售的：订单号【1809181526373026966】，买家已完成付款，请您尽快发货。', '1', null, '2018-09-18 15:28:29', '2018-09-18 15:28:29'), ('217', '100008', '3', '订单待收货', '您购买的：订单号【1809181526373026966】，卖家已发货，请您收到货后，及时确认。', '1', null, '2018-09-18 15:28:34', '2018-09-18 15:28:34'), ('218', '100008', '3', '订单待评价', '您购买的：订单号【1809181526373026966】，订单已完成，建议您尽快评价，方便您日后的交易。', '1', null, '2018-09-18 15:38:51', '2018-09-18 15:38:51'), ('219', '100014', '3', '订单待评价', '您销售的：订单号【1809181526373026966】，买家已确认收货，建议您尽快进行评价，方便您日后的交易。', '1', null, '2018-09-18 15:38:52', '2018-09-18 15:38:52'), ('220', '100014', '3', '订单待设置单价', '您的品类：（钢管）规格：（6.0米,5.9米），已被（eric）拍下，请您尽快设置单价，有助于您交易的尽快完成。', '1', null, '2018-09-18 15:42:37', '2018-09-18 15:42:37'), ('221', '100008', '3', '待安排提货', '您购买的：订单号【1809181542365167616】，卖家已设置单价，请填写司机信息，安排司机提货。', '1', null, '2018-09-18 15:42:48', '2018-09-18 15:42:48'), ('222', '100014', '3', '待安排装卸', '您销售的：订单号【1809181542365167616】，买家已经安排司机提货，请您安排好装卸事宜，并在装卸完成之后，填写装卸信息。', '1', '', '2018-09-18 15:43:52', '2018-09-18 15:43:52'), ('223', '100008', '3', '订单待支付', '您购买的：订单号【1809181542365167616】，装卸已完成，已生成总价，请您尽快支付，以免延误卖家发货。', '1', null, '2018-09-18 15:44:15', '2018-09-18 15:44:15'), ('224', '100016', '1', '认证审核已成功提交', '您提交的（企业）已于2018-09-18 16:50:45成功提交。星享租将在1-3个工作日内完成审核工作', '1', null, '2018-09-18 16:50:45', '2018-09-18 16:50:45'), ('225', '100001', '3', '订单待评价', '您购买的：订单号【1809121450111761796】，订单已完成，建议您尽快评价，方便您日后的交易。', '1', null, '2018-09-18 16:51:30', '2018-09-18 16:51:30'), ('226', '100014', '3', '订单待评价', '您销售的：订单号【1809121450111761796】，买家已确认收货，建议您尽快进行评价，方便您日后的交易。', '1', null, '2018-09-18 16:51:31', '2018-09-18 16:51:31'), ('227', '100016', '2', '银行卡已提交', '您提交的尾号为：（0989）的银行卡，已于2018年09月18日17时13分33秒成功提交。星享租将在1-3个工作日内完成审核工作，并进行打款。请您随时注意银行卡余额。', '1', null, '2018-09-18 17:13:33', '2018-09-18 17:13:33'), ('228', '100016', '4', '提现申请已提交', '您的提现申请： 流水号【2218091817234363723】已于2018年09月18日17时23分43秒 成功提交。星享租将在1-3个工作日内完成审核工作，并进行打款。', '1', null, '2018-09-18 17:23:44', '2018-09-18 17:23:44'), ('229', '100014', '3', '订单待发货', '您销售的：订单号【1809181542365167616】，买家已完成付款，请您尽快发货。', '1', null, '2018-09-19 16:13:32', '2018-09-19 16:13:32'), ('230', '100008', '3', '订单待收货', '您购买的：订单号【1809181542365167616】，卖家已发货，请您收到货后，及时确认。', '1', null, '2018-09-19 16:13:41', '2018-09-19 16:13:41'), ('231', '100008', '3', '订单待评价', '您购买的：订单号【1809181542365167616】，订单已完成，建议您尽快评价，方便您日后的交易。', '0', null, '2018-09-19 16:14:13', '2018-09-19 16:14:13'), ('232', '100014', '3', '订单待评价', '您销售的：订单号【1809181542365167616】，买家已确认收货，建议您尽快进行评价，方便您日后的交易。', '1', null, '2018-09-19 16:14:13', '2018-09-19 16:14:13'), ('233', '100008', '2', '银行卡已成功绑定', '您的银行卡已通过星享租的验证流程。您可以去个人中心-我的账户中查看及进行提现操作。', '0', null, '2018-09-19 16:15:41', '2018-09-19 16:15:41'), ('234', '100017', '1', '认证审核已成功提交', '您提交的（企业）已于2018-09-19 16:32:41成功提交。星享租将在1-3个工作日内完成审核工作', '1', null, '2018-09-19 16:32:41', '2018-09-19 16:32:41'), ('235', '100017', '2', '银行卡已提交', '您提交的尾号为：（6912）的银行卡，已于2018年09月19日16时38分26秒成功提交。星享租将在1-3个工作日内完成审核工作，并进行打款。请您随时注意银行卡余额。', '1', null, '2018-09-19 16:38:27', '2018-09-19 16:38:27'), ('236', '100024', '1', '认证审核已成功提交', '您提交的（个人）已于2018-09-19 17:14:12成功提交。星享租将在1-3个工作日内完成审核工作', '1', null, '2018-09-19 17:14:13', '2018-09-19 17:14:13'), ('237', '100024', '2', '银行卡已提交', '您提交的尾号为：（3038）的银行卡，已于2018年09月19日17时18分27秒成功提交。星享租将在1-3个工作日内完成审核工作，并进行打款。请您随时注意银行卡余额。', '1', null, '2018-09-19 17:18:28', '2018-09-19 17:18:28'), ('238', '100016', '4', '提现申请已提交', '您的提现申请： 流水号【2218092000222682132】已于2018年09月20日00时22分27秒 成功提交。星享租将在1-3个工作日内完成审核工作，并进行打款。', '1', null, '2018-09-20 00:22:27', '2018-09-20 00:22:27'), ('239', '100016', '4', '提现申请已提交', '您的提现申请： 流水号【2218092000242226737】已于2018年09月20日00时24分22秒 成功提交。星享租将在1-3个工作日内完成审核工作，并进行打款。', '1', null, '2018-09-20 00:24:22', '2018-09-20 00:24:22'), ('240', '100014', '4', '提现申请已提交', '您的提现申请： 流水号【2218092015085071564】已于2018年09月20日15时08分50秒 成功提交。星享租将在1-3个工作日内完成审核工作，并进行打款。', '1', null, '2018-09-20 15:08:51', '2018-09-20 15:08:51'), ('241', '100026', '1', '认证审核已成功提交', '您提交的（个人）已于2018-09-20 16:22:01成功提交。星享租将在1-3个工作日内完成审核工作', '1', null, '2018-09-20 16:22:02', '2018-09-20 16:22:02'), ('242', '100011', '3', '订单待设置单价', '您的品类：（钢管）规格：（5.9米,6.0米,5.8米），已被（上海王道储运有限责任公司）拍下，请您尽快设置单价，有助于您交易的尽快完成。', '1', null, '2018-09-20 16:30:33', '2018-09-20 16:30:33'), ('243', '100026', '1', '认证审核已成功通过', '您提交的（郭孝兵）已通过星享租的审核。您可以去个人中心查看自己相对应的会员权利。', '1', null, '2018-09-21 16:24:08', '2018-09-21 16:24:08'), ('244', '100026', '1', '认证审核已成功通过', '您提交的（郭孝兵）已通过星享租的审核。您可以去个人中心查看自己相对应的会员权利。', '1', null, '2018-09-21 16:25:25', '2018-09-21 16:25:25'), ('245', '100026', '1', '认证审核已成功通过', '您提交的（郭孝兵）已通过星享租的审核。您可以去个人中心查看自己相对应的会员权利。', '1', null, '2018-09-21 16:26:37', '2018-09-21 16:26:37'), ('246', '100026', '1', '认证审核未通过认证', '您提交的（郭孝兵）未通过星享租的审核。请您认真填写，重新提交审核。若有问题，可联系在线客服。', '1', null, '2018-09-21 16:27:18', '2018-09-21 16:27:18'), ('247', '100009', '3', '订单待设置单价', '您的品类：（新型铁网）规格：（80*80,100*100），已被（刘智强）拍下，请您尽快设置单价，有助于您交易的尽快完成。', '0', null, '2018-09-26 10:37:30', '2018-09-26 10:37:30'), ('248', '100011', '3', '订单待设置单价', '您的品类：（钢管）规格：（6.0米），已被（周晓威）拍下，请您尽快设置单价，有助于您交易的尽快完成。', '1', null, '2018-10-18 15:07:28', '2018-10-18 15:07:28'), ('249', '100004', '3', '订单待设置单价', '您的品类：（钢管）规格：（5.9米），已被（周晓威）拍下，请您尽快设置单价，有助于您交易的尽快完成。', '1', null, '2018-10-18 15:07:51', '2018-10-18 15:07:51'), ('250', '100004', '3', '订单待设置单价', '您的品类：（钢管）规格：（5.9米），已被（周晓威）拍下，请您尽快设置单价，有助于您交易的尽快完成。', '1', null, '2018-10-18 15:07:52', '2018-10-18 15:07:52'), ('251', '100004', '3', '订单待设置单价', '您的品类：（钢管）规格：（6.0米），已被（周晓威）拍下，请您尽快设置单价，有助于您交易的尽快完成。', '1', null, '2018-10-18 15:08:47', '2018-10-18 15:08:47'), ('252', '100011', '3', '订单待设置单价', '您的品类：（钢管）规格：（6.0米），已被（周晓威）拍下，请您尽快设置单价，有助于您交易的尽快完成。', '1', null, '2018-10-18 15:09:05', '2018-10-18 15:09:05'), ('253', '100011', '3', '订单待设置单价', '您的品类：（钢管）规格：（6.0米），已被（周晓威）拍下，请您尽快设置单价，有助于您交易的尽快完成。', '1', null, '2018-10-18 15:09:31', '2018-10-18 15:09:31'), ('254', '100011', '3', '订单待设置单价', '您的品类：（钢管）规格：（6.0米），已被（周晓威）拍下，请您尽快设置单价，有助于您交易的尽快完成。', '1', null, '2018-10-18 15:09:48', '2018-10-18 15:09:48'), ('255', '100024', '3', '订单待设置单价', '您的品类：（14#工字钢）规格：（1.0米），已被（郭孝兵）拍下，请您尽快设置单价，有助于您交易的尽快完成。', '1', null, '2018-11-21 14:18:54', '2018-11-21 14:18:54'), ('256', '100026', '1', '认证审核已成功提交', '您提交的（企业）已于2018-11-21 16:55:06成功提交。星享租将在1-3个工作日内完成审核工作', '1', null, '2018-11-21 16:55:06', '2018-11-21 16:55:06'), ('257', '100026', '1', '认证审核已成功提交', '您提交的（企业）已于2018-11-21 16:56:15成功提交。星享租将在1-3个工作日内完成审核工作', '1', null, '2018-11-21 16:56:15', '2018-11-21 16:56:15'), ('258', '100026', '1', '认证审核已成功提交', '您提交的（企业）已于2018-11-21 17:01:51成功提交。星享租将在1-3个工作日内完成审核工作', '1', null, '2018-11-21 17:01:52', '2018-11-21 17:01:52'), ('259', '100026', '1', '认证审核已成功提交', '您提交的（企业）已于2018-11-21 17:02:50成功提交。星享租将在1-3个工作日内完成审核工作', '1', null, '2018-11-21 17:02:51', '2018-11-21 17:02:51'), ('260', '100026', '1', '认证审核已成功提交', '您提交的（企业）已于2018-11-21 17:06:22成功提交。星享租将在1-3个工作日内完成审核工作', '1', null, '2018-11-21 17:06:23', '2018-11-21 17:06:23'), ('261', '100014', '3', '订单待设置单价', '您的品类：（钢管）规格：（6.0米,5.9米,5.8米），已被（兔子的公司）拍下，请您尽快设置单价，有助于您交易的尽快完成。', '0', null, '2018-11-23 17:01:09', '2018-11-23 17:01:09'), ('262', '100011', '3', '待安排提货', '您购买的：订单号【1811231701068197438】，卖家已设置单价，请填写司机信息，安排司机提货。', '1', null, '2018-11-23 17:01:25', '2018-11-23 17:01:25'), ('263', '100014', '3', '待安排装卸', '您销售的：订单号【1811231701068197438】，买家已经安排司机提货，请您安排好装卸事宜，并在装卸完成之后，填写装卸信息。', '0', '', '2018-11-23 17:02:16', '2018-11-23 17:02:16'), ('264', '100011', '3', '订单待支付', '您购买的：订单号【1811231701068197438】，装卸已完成，已生成总价，请您尽快支付，以免延误卖家发货。', '1', null, '2018-11-23 17:02:35', '2018-11-23 17:02:35'), ('265', '100014', '3', '订单待发货', '您销售的：订单号【1811231701068197438】，买家已完成付款，请您尽快发货。', '0', null, '2018-11-23 17:02:50', '2018-11-23 17:02:50'), ('266', '100011', '3', '订单待收货', '您购买的：订单号【1811231701068197438】，卖家已发货，请您收到货后，及时确认。', '1', null, '2018-11-23 17:02:53', '2018-11-23 17:02:53'), ('267', '100011', '3', '订单待评价', '您购买的：订单号【1811231701068197438】，订单已完成，建议您尽快评价，方便您日后的交易。', '1', null, '2018-11-23 17:02:59', '2018-11-23 17:02:59'), ('268', '100014', '3', '订单待评价', '您销售的：订单号【1811231701068197438】，买家已确认收货，建议您尽快进行评价，方便您日后的交易。', '0', null, '2018-11-23 17:02:59', '2018-11-23 17:02:59'), ('269', '100014', '3', '订单待设置单价', '您的品类：（钢管）规格：（6.0米,5.9米,5.8米），已被（兔子的公司）拍下，请您尽快设置单价，有助于您交易的尽快完成。', '0', null, '2018-11-23 17:03:37', '2018-11-23 17:03:37'), ('270', '100011', '3', '待安排提货', '您购买的：订单号【1811231703373251872】，卖家已设置单价，请填写司机信息，安排司机提货。', '1', null, '2018-11-23 17:03:50', '2018-11-23 17:03:50'), ('271', '100014', '3', '待安排装卸', '您销售的：订单号【1811231703373251872】，买家已经安排司机提货，请您安排好装卸事宜，并在装卸完成之后，填写装卸信息。', '0', '', '2018-11-23 17:04:51', '2018-11-23 17:04:51'), ('272', '100011', '3', '订单待支付', '您购买的：订单号【1811231703373251872】，装卸已完成，已生成总价，请您尽快支付，以免延误卖家发货。', '1', null, '2018-11-23 17:05:08', '2018-11-23 17:05:08'), ('273', '100014', '3', '订单待发货', '您销售的：订单号【1811231703373251872】，买家已完成付款，请您尽快发货。', '0', null, '2018-11-23 17:05:19', '2018-11-23 17:05:19'), ('274', '100011', '3', '订单待收货', '您购买的：订单号【1811231703373251872】，卖家已发货，请您收到货后，及时确认。', '1', null, '2018-11-23 17:05:21', '2018-11-23 17:05:21'), ('275', '100011', '3', '订单待评价', '您购买的：订单号【1811231703373251872】，订单已完成，建议您尽快评价，方便您日后的交易。', '1', null, '2018-11-23 17:05:27', '2018-11-23 17:05:27'), ('276', '100014', '3', '订单待评价', '您销售的：订单号【1811231703373251872】，买家已确认收货，建议您尽快进行评价，方便您日后的交易。', '0', null, '2018-11-23 17:05:28', '2018-11-23 17:05:28'), ('277', '100024', '3', '订单待设置单价', '您的品类：（14#工字钢）规格：（5.9米,5.9米,5.9米），已被（lanbo）拍下，请您尽快设置单价，有助于您交易的尽快完成。', '1', null, '2018-11-23 17:20:12', '2018-11-23 17:20:12'), ('278', '100014', '3', '订单待设置单价', '您的品类：（钢管）规格：（6.0米,5.9米,5.8米），已被（兔子的公司）拍下，请您尽快设置单价，有助于您交易的尽快完成。', '0', null, '2018-11-23 17:25:59', '2018-11-23 17:25:59'), ('279', '100011', '3', '订单待设置单价', '您的品类：（钢管）规格：（6.0米），已被（lanbo）拍下，请您尽快设置单价，有助于您交易的尽快完成。', '1', null, '2018-11-23 17:30:16', '2018-11-23 17:30:16'), ('283', '100004', '6', '租赁信息审核通知', '您提交的 求租【十字扣件】数量【5000】 已经审核不通过，如有疑问请联系在线客服。', '0', null, '2018-12-20 14:05:25', '2018-12-20 14:05:25'), ('284', '100004', '7', '买卖信息审核通知', '您提交的 ${goodsTitle} 已经审核通过。', '0', null, '2018-12-20 14:26:20', '2018-12-20 14:26:20'), ('285', '100024', '7', '买卖信息审核通知', '您提交的 求购的 钢管【undefined】数量【11000根】 已经审核通过。', '0', null, '2018-12-20 14:27:46', '2018-12-20 14:27:46'), ('286', '100004', '7', '买卖信息审核通知', '您提交的 求购 钢管【6.0米,5.9米】数量【600根,500根】 已经审核通过。', '0', null, '2018-12-20 14:34:54', '2018-12-20 14:34:54'), ('287', '100024', '7', '买卖信息审核通知', '您提交的 求购 钢管【6.0米】数量【11000根】 已经审核不通过，如有疑问请联系在线客服。', '0', null, '2018-12-20 14:35:06', '2018-12-20 14:35:06'), ('288', '100024', '7', '买卖信息审核通知', '您提交的 求购 14#工字钢【1.0米,1.5米,2.0米】数量【300根,400根,500根】 已经审核通过。', '0', null, '2018-12-20 14:42:37', '2018-12-20 14:42:37'), ('289', '100014', '7', '买卖信息审核通知', '您提交的 求购 钢管【6.0米,5.5米,5.4米,4.9米,4.3米,4.1米,3.8米,3.2米,2.7米,2.1米,1.6米,1.5米,0.9米,0.7米,0.4米】数量【555根,555根,555根,555根,555根,555根,555根,555根,555根,555根,555根,555根,555根,555根,555根】 已经审核不通过，如有疑问请联系在线客服。', '0', null, '2018-12-20 14:42:41', '2018-12-20 14:42:41'), ('290', '100008', '6', '租赁信息审核通知', '您提交的 求租【80*80】数量【100】 审核不通过，如有疑问请联系在线客服。', '0', null, '2019-01-15 10:13:36', '2019-01-15 10:13:36'), ('291', '100024', '6', '租赁信息审核通知', '您提交的 出租【6.0米】数量【100】 已经审核通过。', '0', null, '2019-01-15 11:16:55', '2019-01-15 11:16:55'), ('292', '100004', '6', '租赁信息审核通知', '您提交的 求租【十字扣件】数量【5000】 已经审核通过。', '0', null, '2019-01-15 11:17:07', '2019-01-15 11:17:07'), ('293', '100024', '6', '租赁信息审核通知', '您提交的 出租【6.0米】数量【100】 已经审核通过。', '0', null, '2019-01-15 11:18:02', '2019-01-15 11:18:02');
COMMIT;

-- ----------------------------
--  Table structure for `user_third_info`
-- ----------------------------
DROP TABLE IF EXISTS `user_third_info`;
CREATE TABLE `user_third_info` (
  `id` bigint(11) NOT NULL AUTO_INCREMENT,
  `thirdcode` varchar(5) NOT NULL COMMENT '第三方平台编码fb：facebook ；tw：twitter',
  `user_name` varchar(30) NOT NULL COMMENT '用户登录名',
  `usercode` varchar(100) NOT NULL COMMENT '用户第三方Code',
  `userinfo` varchar(100) DEFAULT NULL,
  PRIMARY KEY (`id`)
) ENGINE=InnoDB AUTO_INCREMENT=9 DEFAULT CHARSET=utf8;

-- ----------------------------
--  Records of `user_third_info`
-- ----------------------------
BEGIN;
INSERT INTO `user_third_info` VALUES ('7', '1', '1903071622525304921', '1234567778', null), ('8', '1', '1903281555314492333', '123456777899', null);
COMMIT;

-- ----------------------------
--  Table structure for `user_verify`
-- ----------------------------
DROP TABLE IF EXISTS `user_verify`;
CREATE TABLE `user_verify` (
  `id` bigint(20) NOT NULL AUTO_INCREMENT COMMENT '自增主键',
  `user_id` bigint(20) NOT NULL COMMENT '用户id',
  `verify_type` tinyint(4) DEFAULT NULL COMMENT '认证类型  1-企业认证  2-个人认证',
  `real_name` varchar(50) NOT NULL COMMENT '真实姓名  个人-身份证姓名  企业-企业名称',
  `org_type` varchar(15) DEFAULT NULL COMMENT '企业性质',
  `idcard_no` varchar(20) NOT NULL COMMENT '证照编号 身份证，营业执照等',
  `idcard_front_url` varchar(200) NOT NULL COMMENT '身份证正面照',
  `idcard_back_url` varchar(200) NOT NULL COMMENT '身份证背面照',
  `licence_url` varchar(200) DEFAULT NULL COMMENT '营业执照地址',
  `province` varchar(10) NOT NULL COMMENT '省',
  `city` varchar(10) NOT NULL COMMENT '市',
  `district` varchar(10) NOT NULL COMMENT '区',
  `address` varchar(200) NOT NULL COMMENT '详细地址',
  `link_tel` varchar(20) NOT NULL COMMENT '联系电话',
  `status` tinyint(4) NOT NULL COMMENT '0-待审核  1-认证通过   9-不通过',
  `remark` varchar(200) DEFAULT NULL COMMENT '备注',
  `gmt_create` datetime NOT NULL COMMENT '创建时间',
  `gmt_modified` datetime NOT NULL COMMENT '修改时间',
  `reason` varchar(255) DEFAULT NULL COMMENT '审核拒绝 原因',
  `auditing_user_id` bigint(20) DEFAULT NULL,
  `auditing_user_name` varchar(20) DEFAULT NULL,
  `auditing_time` datetime DEFAULT NULL ON UPDATE CURRENT_TIMESTAMP,
  PRIMARY KEY (`id`),
  UNIQUE KEY `idx_userid` (`user_id`)
) ENGINE=InnoDB AUTO_INCREMENT=25 DEFAULT CHARSET=utf8mb4 ROW_FORMAT=COMPACT COMMENT='用户实名认证表';

-- ----------------------------
--  Records of `user_verify`
-- ----------------------------
BEGIN;
INSERT INTO `user_verify` VALUES ('4', '100003', '2', '周晓威', null, '412728199110066910', 'http://images.zhixingchuyun.com/img_1533285257208', 'http://images.zhixingchuyun.com/img_1533285264207', null, '河南省', '周口市', '沈丘县', '哈哈哈哈', '15900574049', '1', null, '2018-08-03 16:34:28', '2018-08-03 16:34:28', null, null, null, null), ('5', '100005', '1', '超级有型有限公司', '有限责任公司', '412728199110066910', 'http://images.zhixingchuyun.com/img_1533366651282', 'http://images.zhixingchuyun.com/img_1533366660765', 'http://images.zhixingchuyun.com/img_1533366641635', '北京市', '北京市', '东城区', '哈哈哈哈', '17717816970', '1', null, '2018-08-04 15:11:05', '2018-08-04 15:11:05', null, null, null, null), ('6', '100004', '2', '刘智强', null, '430412199602250014', 'http://images.zhixingchuyun.com/FsMWnMENPGnuFiJm-LIQHfGOHwB0', 'http://images.zhixingchuyun.com/FsMWnMENPGnuFiJm-LIQHfGOHwB0', null, '上海市', '上海市', '浦东新区', '浦东南路4707号', '17621333770', '1', null, '2018-08-06 17:04:07', '2018-08-07 11:01:28', null, null, null, null), ('7', '100006', '1', '好好抱抱你', '股份合作制企业', '430412199205020015', 'http://images.zhixingchuyun.com/FrzSUs06mvMqOG4w2-hPFqfEghyH', 'http://images.zhixingchuyun.com/Fh2KZuHJqaXQhhhgDJKwOavBIjuu', 'http://images.zhixingchuyun.com/Fga3r-bUoA1gWNrJO1GVIAjlx3cM', '上海市', '上海市', '闵行区', '参考来来来', '17717818337', '1', null, '2018-08-07 12:35:11', '2018-08-07 12:35:11', null, null, null, null), ('8', '100001', '2', '郭孝兵', '', '342423198408066672', 'http://image.zhixingchuyun.com/f.jpg', 'http://image.zhixingchuyun.com/b.jpg', '', '上海市', '上海市', '青浦区', '国家会展中心B楼301', '13472879099', '1', null, '2018-08-08 09:33:33', '2018-08-08 09:33:33', null, null, null, null), ('9', '100009', '2', '来咯哦', null, '431121199375431343', 'http://images.zhixingchuyun.com/img_1534145592106', 'http://images.zhixingchuyun.com/img_1534145694847', null, '上海市', '上海市', '黄浦区', '咯哦哦', '183017041111', '1', null, '2018-08-13 15:33:49', '2018-08-13 15:45:19', null, null, null, null), ('10', '100010', '2', 'aaal', null, 'fenk', 'http://images.zhixingchuyun.com/img_1534145726620', 'http://images.zhixingchuyun.com/img_1534145741535', null, '北京市', '北京市', '东城区', 'kklo', 'mou', '1', null, '2018-08-13 15:35:43', '2018-08-13 15:35:43', null, null, null, null), ('11', '100014', '1', '上海王道储运有限责任公司', '有限责任公司', '310108123516120906', 'http://images.zhixingchuyun.com/FtDs-6aKspGYYHlyabKTi_JDkXDv', 'http://images.zhixingchuyun.com/FtV0ZooRfEOEU1BGvhRZZpdy1vGc', 'http://images.zhixingchuyun.com/FgMHTcdrr3PThzxMqTmJMUvO6d3d', '上海市', '上海市', '黄浦区', '外滩十八号', '13585453614', '1', null, '2018-09-10 14:56:45', '2018-09-10 14:56:45', null, null, null, null), ('12', '100013', '2', '马云', null, '310108199507063542', 'http://images.zhixingchuyun.com/img_1536568095973.jpg', 'http://images.zhixingchuyun.com/img_1536568126402.jpg', null, '安徽省', '合肥市', '瑶海区', '芜湖路', '14556781234', '9', null, '2018-09-10 16:28:53', '2018-09-10 16:28:53', '14123123123123', '1', '超级管理员', '2019-01-15 13:35:56'), ('13', '100008', '2', 'eric', null, '123455680000', 'http://images.zhixingchuyun.com/img_1536568566643.jpg', 'http://images.zhixingchuyun.com/img_1536568577078.jpg', null, '北京市', '北京市', '东城区', '刚好健康快乐', '13788947868', '1', null, '2018-09-10 16:36:19', '2018-09-10 16:36:19', null, null, null, null), ('14', '100012', '2', '小强', null, '430412199602250014', 'http://images.zhixingchuyun.com/img_1536568566643.jpg', 'http://images.zhixingchuyun.com/FuaXzMG8I4QEr5Z_a_-LNTgSDfBx', 'http://images.zhixingchuyun.com/FsMWnMENPGnuFiJm-LIQHfGOHwB0', '上海市', '上海市', '浦东新区', '浦东南路交叉口', '17717818337', '1', null, '2018-09-10 21:03:36', '2018-09-10 21:03:36', null, '8', '陈豪', '2018-09-12 15:01:10'), ('15', '100011', '1', '兔子的公司', '国有企业', '12354896523669', 'http://images.zhixingchuyun.com/FlgKfDmtSudy_Me-AkCPky_2-8L2', 'http://images.zhixingchuyun.com/FkJRqOtaa6kmD8uDtb4zaSrRWqhD', 'http://images.zhixingchuyun.com/FkY--NalRURPi9N3zEbtusj7kD5u', '上海市', '上海市', '青浦区', '青浦区徐泾镇', '18650167662', '1', null, '2018-09-13 14:59:54', '2018-09-13 14:59:54', null, '8', '陈豪', '2018-09-13 14:59:56'), ('16', '100016', '1', '胜利集团有限公司', '国有企业', '4979878333310103', 'http://images.zhixingchuyun.com/img_1537260619946.jpg', 'http://images.zhixingchuyun.com/img_1537260637768.jpg', 'http://images.zhixingchuyun.com/img_1537260602421.jpg', '北京市', '北京市', '东城区', '上海市政府', '13890987898', '1', null, '2018-09-18 16:50:45', '2018-09-18 16:50:45', null, null, null, null), ('17', '100017', '1', '枝星碧桂园', '集体企业', '风霸天', 'http://images.zhixingchuyun.com/img_1537345945025.jpg', 'http://images.zhixingchuyun.com/img_1537345958005.jpg', 'http://images.zhixingchuyun.com/img_1537345932535.jpg', '吉林省', '长春市', '南关区', '和福大道114号', '13788947867', '1', null, '2018-09-19 16:32:41', '2018-09-19 16:34:03', null, null, null, '2018-09-19 16:34:02'), ('18', '100024', '2', '周晓威', null, '412728199110066910', 'http://images.zhixingchuyun.com/img_1537348446155.jpg', 'http://images.zhixingchuyun.com/img_1537348450802.jpg', null, '北京市', '北京市', '东城区', '饭都十分舒服', '15900574049', '1', null, '2018-09-19 17:14:13', '2018-09-19 17:14:13', null, null, null, '2018-09-19 17:15:08'), ('24', '100026', '1', 'lanbo', 'string', 'string', 'string', 'string', 'string', 'string', 'string', 'string', 'string', 'string', '1', null, '2018-11-21 17:06:23', '2018-11-21 17:06:23', null, '6', '郭孝兵', '2018-12-21 14:32:46');
COMMIT;

SET FOREIGN_KEY_CHECKS = 1;
